image_00000.jpg,0
image_00001.jpg,0
image_00002.jpg,0
image_00003.jpg,0
image_00004.jpg,0
image_00005.jpg,0
image_00006.jpg,0
image_00007.jpg,0
image_00008.jpg,0
image_00009.jpg,0
image_00010.jpg,0
image_00011.jpg,0
image_00012.jpg,0
image_00013.jpg,0
image_00014.jpg,0
image_00015.jpg,0
image_00016.jpg,0
image_00017.jpg,0
image_00018.jpg,0
image_00019.jpg,0
image_00020.jpg,0
image_00021.jpg,0
image_00022.jpg,0
image_00023.jpg,0
image_00024.jpg,0
image_00025.jpg,0
image_00026.jpg,0
image_00027.jpg,0
image_00028.jpg,0
image_00029.jpg,0
image_00030.jpg,0
image_00031.jpg,0
image_00032.jpg,0
image_00033.jpg,0
image_00034.jpg,0
image_00035.jpg,0
image_00036.jpg,0
image_00037.jpg,0
image_00038.jpg,0
image_00039.jpg,0
image_00040.jpg,0
image_00041.jpg,0
image_00042.jpg,0
image_00043.jpg,0
image_00044.jpg,0
image_00045.jpg,0
image_00046.jpg,0
image_00047.jpg,0
image_00048.jpg,0
image_00049.jpg,0
image_00050.jpg,0
image_00051.jpg,0
image_00052.jpg,0
image_00053.jpg,0
image_00054.jpg,0
image_00055.jpg,0
image_00056.jpg,0
image_00057.jpg,0
image_00058.jpg,0
image_00059.jpg,0
image_00060.jpg,0
image_00061.jpg,0
image_00062.jpg,0
image_00063.jpg,0
image_00064.jpg,0
image_00065.jpg,0
image_00066.jpg,0
image_00067.jpg,0
image_00068.jpg,0
image_00069.jpg,0
image_00070.jpg,0
image_00071.jpg,0
image_00072.jpg,0
image_00073.jpg,0
image_00074.jpg,0
image_00075.jpg,0
image_00076.jpg,0
image_00077.jpg,0
image_00078.jpg,0
image_00079.jpg,0
image_00080.jpg,0
image_00081.jpg,0
image_00082.jpg,0
image_00083.jpg,0
image_00084.jpg,0
image_00085.jpg,0
image_00086.jpg,0
image_00087.jpg,0
image_00088.jpg,0
image_00089.jpg,0
image_00090.jpg,0
image_00091.jpg,0
image_00092.jpg,0
image_00093.jpg,0
image_00094.jpg,0
image_00095.jpg,0
image_00096.jpg,0
image_00097.jpg,0
image_00098.jpg,0
image_00099.jpg,0
image_00100.jpg,0
image_00101.jpg,0
image_00102.jpg,0
image_00103.jpg,0
image_00104.jpg,0
image_00105.jpg,0
image_00106.jpg,0
image_00107.jpg,0
image_00108.jpg,0
image_00109.jpg,0
image_00110.jpg,0
image_00111.jpg,0
image_00112.jpg,0
image_00113.jpg,0
image_00114.jpg,0
image_00115.jpg,0
image_00116.jpg,0
image_00117.jpg,0
image_00118.jpg,0
image_00119.jpg,0
image_00120.jpg,0
image_00121.jpg,0
image_00122.jpg,0
image_00123.jpg,0
image_00124.jpg,0
image_00125.jpg,0
image_00126.jpg,0
image_00127.jpg,0
image_00128.jpg,0
image_00129.jpg,0
image_00130.jpg,0
image_00131.jpg,0
image_00132.jpg,0
image_00133.jpg,0
image_00134.jpg,0
image_00135.jpg,0
image_00136.jpg,0
image_00137.jpg,0
image_00138.jpg,0
image_00139.jpg,0
image_00140.jpg,0
image_00141.jpg,0
image_00142.jpg,0
image_00143.jpg,0
image_00144.jpg,0
image_00145.jpg,0
image_00146.jpg,0
image_00147.jpg,0
image_00148.jpg,0
image_00149.jpg,0
image_00150.jpg,0
image_00151.jpg,0
image_00152.jpg,0
image_00153.jpg,0
image_00154.jpg,0
image_00155.jpg,0
image_00156.jpg,0
image_00157.jpg,0
image_00158.jpg,0
image_00159.jpg,0
image_00160.jpg,0
image_00161.jpg,0
image_00162.jpg,0
image_00163.jpg,0
image_00164.jpg,0
image_00165.jpg,0
image_00166.jpg,0
image_00167.jpg,0
image_00168.jpg,0
image_00169.jpg,0
image_00170.jpg,0
image_00171.jpg,0
image_00172.jpg,0
image_00173.jpg,0
image_00174.jpg,0
image_00175.jpg,0
image_00176.jpg,0
image_00177.jpg,0
image_00178.jpg,0
image_00179.jpg,0
image_00180.jpg,0
image_00181.jpg,0
image_00182.jpg,0
image_00183.jpg,0
image_00184.jpg,0
image_00185.jpg,0
image_00186.jpg,0
image_00187.jpg,0
image_00188.jpg,0
image_00189.jpg,0
image_00190.jpg,0
image_00191.jpg,0
image_00192.jpg,0
image_00193.jpg,0
image_00194.jpg,0
image_00195.jpg,0
image_00196.jpg,0
image_00197.jpg,0
image_00198.jpg,0
image_00199.jpg,0
image_00200.jpg,0
image_00201.jpg,0
image_00202.jpg,0
image_00203.jpg,0
image_00204.jpg,0
image_00205.jpg,0
image_00206.jpg,0
image_00207.jpg,0
image_00208.jpg,0
image_00209.jpg,0
image_00210.jpg,0
image_00211.jpg,0
image_00212.jpg,0
image_00213.jpg,0
image_00214.jpg,0
image_00215.jpg,0
image_00216.jpg,0
image_00217.jpg,0
image_00218.jpg,0
image_00219.jpg,0
image_00220.jpg,0
image_00221.jpg,0
image_00222.jpg,0
image_00223.jpg,0
image_00224.jpg,0
image_00225.jpg,0
image_00226.jpg,0
image_00227.jpg,0
image_00228.jpg,0
image_00229.jpg,0
image_00230.jpg,0
image_00231.jpg,0
image_00232.jpg,0
image_00233.jpg,0
image_00234.jpg,0
image_00235.jpg,0
image_00236.jpg,0
image_00237.jpg,0
image_00238.jpg,0
image_00239.jpg,0
image_00240.jpg,0
image_00241.jpg,0
image_00242.jpg,0
image_00243.jpg,0
image_00244.jpg,0
image_00245.jpg,0
image_00246.jpg,0
image_00247.jpg,0
image_00248.jpg,0
image_00249.jpg,0
image_00250.jpg,0
image_00251.jpg,0
image_00252.jpg,0
image_00253.jpg,0
image_00254.jpg,0
image_00255.jpg,0
image_00256.jpg,0
image_00257.jpg,0
image_00258.jpg,0
image_00259.jpg,0
image_00260.jpg,0
image_00261.jpg,0
image_00262.jpg,0
image_00263.jpg,0
image_00264.jpg,0
image_00265.jpg,0
image_00266.jpg,0
image_00267.jpg,0
image_00268.jpg,0
image_00269.jpg,0
image_00270.jpg,0
image_00271.jpg,0
image_00272.jpg,0
image_00273.jpg,0
image_00274.jpg,0
image_00275.jpg,0
image_00276.jpg,0
image_00277.jpg,0
image_00278.jpg,0
image_00279.jpg,0
image_00280.jpg,0
image_00281.jpg,0
image_00282.jpg,0
image_00283.jpg,0
image_00284.jpg,0
image_00285.jpg,0
image_00286.jpg,0
image_00287.jpg,0
image_00288.jpg,0
image_00289.jpg,0
image_00290.jpg,0
image_00291.jpg,0
image_00292.jpg,0
image_00293.jpg,0
image_00294.jpg,0
image_00295.jpg,0
image_00296.jpg,0
image_00297.jpg,0
image_00298.jpg,0
image_00299.jpg,0
image_00300.jpg,0
image_00301.jpg,0
image_00302.jpg,0
image_00303.jpg,0
image_00304.jpg,0
image_00305.jpg,0
image_00306.jpg,0
image_00307.jpg,0
image_00308.jpg,0
image_00309.jpg,0
image_00310.jpg,0
image_00311.jpg,0
image_00312.jpg,0
image_00313.jpg,0
image_00314.jpg,0
image_00315.jpg,0
image_00316.jpg,0
image_00317.jpg,0
image_00318.jpg,0
image_00319.jpg,0
image_00320.jpg,0
image_00321.jpg,0
image_00322.jpg,0
image_00323.jpg,0
image_00324.jpg,0
image_00325.jpg,0
image_00326.jpg,0
image_00327.jpg,0
image_00328.jpg,0
image_00329.jpg,0
image_00330.jpg,0
image_00331.jpg,0
image_00332.jpg,0
image_00333.jpg,0
image_00334.jpg,0
image_00335.jpg,0
image_00336.jpg,0
image_00337.jpg,0
image_00338.jpg,0
image_00339.jpg,0
image_00340.jpg,0
image_00341.jpg,0
image_00342.jpg,0
image_00343.jpg,0
image_00344.jpg,0
image_00345.jpg,0
image_00346.jpg,0
image_00347.jpg,0
image_00348.jpg,0
image_00349.jpg,0
image_00350.jpg,0
image_00351.jpg,0
image_00352.jpg,0
image_00353.jpg,0
image_00354.jpg,0
image_00355.jpg,0
image_00356.jpg,0
image_00357.jpg,0
image_00358.jpg,0
image_00359.jpg,0
image_00360.jpg,0
image_00361.jpg,0
image_00362.jpg,0
image_00363.jpg,0
image_00364.jpg,0
image_00365.jpg,0
image_00366.jpg,0
image_00367.jpg,0
image_00368.jpg,0
image_00369.jpg,0
image_00370.jpg,0
image_00371.jpg,0
image_00372.jpg,0
image_00373.jpg,0
image_00374.jpg,0
image_00375.jpg,0
image_00376.jpg,0
image_00377.jpg,0
image_00378.jpg,0
image_00379.jpg,0
image_00380.jpg,0
image_00381.jpg,0
image_00382.jpg,0
image_00383.jpg,0
image_00384.jpg,0
image_00385.jpg,0
image_00386.jpg,0
image_00387.jpg,0
image_00388.jpg,0
image_00389.jpg,0
image_00390.jpg,0
image_00391.jpg,0
image_00392.jpg,0
image_00393.jpg,0
image_00394.jpg,0
image_00395.jpg,0
image_00396.jpg,0
image_00397.jpg,0
image_00398.jpg,0
image_00399.jpg,0
image_00400.jpg,0
image_00401.jpg,0
image_00402.jpg,0
image_00403.jpg,0
image_00404.jpg,0
image_00405.jpg,0
image_00406.jpg,0
image_00407.jpg,0
image_00408.jpg,0
image_00409.jpg,0
image_00410.jpg,0
image_00411.jpg,0
image_00412.jpg,0
image_00413.jpg,0
image_00414.jpg,0
image_00415.jpg,0
image_00416.jpg,0
image_00417.jpg,0
image_00418.jpg,0
image_00419.jpg,0
image_00420.jpg,0
image_00421.jpg,0
image_00422.jpg,0
image_00423.jpg,0
image_00424.jpg,0
image_00425.jpg,0
image_00426.jpg,0
image_00427.jpg,0
image_00428.jpg,0
image_00429.jpg,0
image_00430.jpg,0
image_00431.jpg,0
image_00432.jpg,0
image_00433.jpg,0
image_00434.jpg,0
image_00435.jpg,0
image_00436.jpg,0
image_00437.jpg,0
image_00438.jpg,0
image_00439.jpg,0
image_00440.jpg,0
image_00441.jpg,0
image_00442.jpg,0
image_00443.jpg,0
image_00444.jpg,0
image_00445.jpg,0
image_00446.jpg,0
image_00447.jpg,0
image_00448.jpg,0
image_00449.jpg,0
image_00450.jpg,0
image_00451.jpg,0
image_00452.jpg,0
image_00453.jpg,0
image_00454.jpg,0
image_00455.jpg,0
image_00456.jpg,0
image_00457.jpg,0
image_00458.jpg,0
image_00459.jpg,0
image_00460.jpg,0
image_00461.jpg,0
image_00462.jpg,0
image_00463.jpg,0
image_00464.jpg,0
image_00465.jpg,0
image_00466.jpg,0
image_00467.jpg,0
image_00468.jpg,0
image_00469.jpg,0
image_00470.jpg,0
image_00471.jpg,0
image_00472.jpg,0
image_00473.jpg,0
image_00474.jpg,0
image_00475.jpg,0
image_00476.jpg,0
image_00477.jpg,0
image_00478.jpg,0
image_00479.jpg,0
image_00480.jpg,0
image_00481.jpg,0
image_00482.jpg,0
image_00483.jpg,0
image_00484.jpg,0
image_00485.jpg,0
image_00486.jpg,0
image_00487.jpg,0
image_00488.jpg,0
image_00489.jpg,0
image_00490.jpg,0
image_00491.jpg,0
image_00492.jpg,0
image_00493.jpg,0
image_00494.jpg,0
image_00495.jpg,0
image_00496.jpg,0
image_00497.jpg,0
image_00498.jpg,0
image_00499.jpg,0
image_00500.jpg,0
image_00501.jpg,0
image_00502.jpg,0
image_00503.jpg,0
image_00504.jpg,0
image_00505.jpg,0
image_00506.jpg,0
image_00507.jpg,0
image_00508.jpg,0
image_00509.jpg,0
image_00510.jpg,0
image_00511.jpg,0
image_00512.jpg,0
image_00513.jpg,0
image_00514.jpg,0
image_00515.jpg,0
image_00516.jpg,0
image_00517.jpg,0
image_00518.jpg,0
image_00519.jpg,0
image_00520.jpg,0
image_00521.jpg,0
image_00522.jpg,0
image_00523.jpg,0
image_00524.jpg,0
image_00525.jpg,0
image_00526.jpg,0
image_00527.jpg,0
image_00528.jpg,0
image_00529.jpg,0
image_00530.jpg,0
image_00531.jpg,0
image_00532.jpg,0
image_00533.jpg,0
image_00534.jpg,0
image_00535.jpg,0
image_00536.jpg,0
image_00537.jpg,0
image_00538.jpg,0
image_00539.jpg,0
image_00540.jpg,0
image_00541.jpg,0
image_00542.jpg,0
image_00543.jpg,0
image_00544.jpg,0
image_00545.jpg,0
image_00546.jpg,0
image_00547.jpg,0
image_00548.jpg,0
image_00549.jpg,0
image_00550.jpg,0
image_00551.jpg,0
image_00552.jpg,0
image_00553.jpg,0
image_00554.jpg,0
image_00555.jpg,0
image_00556.jpg,0
image_00557.jpg,0
image_00558.jpg,0
image_00559.jpg,0
image_00560.jpg,0
image_00561.jpg,0
image_00562.jpg,0
image_00563.jpg,0
image_00564.jpg,0
image_00565.jpg,0
image_00566.jpg,0
image_00567.jpg,0
image_00568.jpg,0
image_00569.jpg,0
image_00570.jpg,0
image_00571.jpg,0
image_00572.jpg,0
image_00573.jpg,0
image_00574.jpg,0
image_00575.jpg,0
image_00576.jpg,0
image_00577.jpg,0
image_00578.jpg,0
image_00579.jpg,0
image_00580.jpg,0
image_00581.jpg,0
image_00582.jpg,0
image_00583.jpg,0
image_00584.jpg,0
image_00585.jpg,0
image_00586.jpg,0
image_00587.jpg,0
image_00588.jpg,0
image_00589.jpg,0
image_00590.jpg,0
image_00591.jpg,0
image_00592.jpg,0
image_00593.jpg,0
image_00594.jpg,0
image_00595.jpg,0
image_00596.jpg,0
image_00597.jpg,0
image_00598.jpg,0
image_00599.jpg,0
image_00600.jpg,0
image_00601.jpg,0
image_00602.jpg,0
image_00603.jpg,0
image_00604.jpg,0
image_00605.jpg,0
image_00606.jpg,0
image_00607.jpg,0
image_00608.jpg,0
image_00609.jpg,0
image_00610.jpg,0
image_00611.jpg,0
image_00612.jpg,0
image_00613.jpg,0
image_00614.jpg,0
image_00615.jpg,0
image_00616.jpg,0
image_00617.jpg,0
image_00618.jpg,0
image_00619.jpg,0
image_00620.jpg,0
image_00621.jpg,0
image_00622.jpg,0
image_00623.jpg,0
image_00624.jpg,0
image_00625.jpg,0
image_00626.jpg,0
image_00627.jpg,0
image_00628.jpg,0
image_00629.jpg,0
image_00630.jpg,0
image_00631.jpg,0
image_00632.jpg,0
image_00633.jpg,0
image_00634.jpg,0
image_00635.jpg,0
image_00636.jpg,0
image_00637.jpg,0
image_00638.jpg,0
image_00639.jpg,0
image_00640.jpg,0
image_00641.jpg,0
image_00642.jpg,0
image_00643.jpg,0
image_00644.jpg,0
image_00645.jpg,0
image_00646.jpg,0
image_00647.jpg,0
image_00648.jpg,0
image_00649.jpg,0
image_00650.jpg,0
image_00651.jpg,0
image_00652.jpg,0
image_00653.jpg,0
image_00654.jpg,0
image_00655.jpg,0
image_00656.jpg,0
image_00657.jpg,0
image_00658.jpg,0
image_00659.jpg,0
image_00660.jpg,0
image_00661.jpg,0
image_00662.jpg,0
image_00663.jpg,0
image_00664.jpg,0
image_00665.jpg,0
image_00666.jpg,0
image_00667.jpg,0
image_00668.jpg,0
image_00669.jpg,0
image_00670.jpg,0
image_00671.jpg,0
image_00672.jpg,0
image_00673.jpg,0
image_00674.jpg,0
image_00675.jpg,0
image_00676.jpg,0
image_00677.jpg,0
image_00678.jpg,0
image_00679.jpg,0
image_00680.jpg,0
image_00681.jpg,0
image_00682.jpg,0
image_00683.jpg,0
image_00684.jpg,0
image_00685.jpg,0
image_00686.jpg,0
image_00687.jpg,0
image_00688.jpg,0
image_00689.jpg,0
image_00690.jpg,0
image_00691.jpg,0
image_00692.jpg,0
image_00693.jpg,0
image_00694.jpg,0
image_00695.jpg,0
image_00696.jpg,0
image_00697.jpg,0
image_00698.jpg,0
image_00699.jpg,0
image_00700.jpg,0
image_00701.jpg,0
image_00702.jpg,0
image_00703.jpg,0
image_00704.jpg,0
image_00705.jpg,0
image_00706.jpg,0
image_00707.jpg,0
image_00708.jpg,0
image_00709.jpg,0
image_00710.jpg,0
image_00711.jpg,0
image_00712.jpg,0
image_00713.jpg,0
image_00714.jpg,0
image_00715.jpg,0
image_00716.jpg,0
image_00717.jpg,0
image_00718.jpg,0
image_00719.jpg,0
image_00720.jpg,0
image_00721.jpg,0
image_00722.jpg,0
image_00723.jpg,0
image_00724.jpg,0
image_00725.jpg,0
image_00726.jpg,0
image_00727.jpg,0
image_00728.jpg,0
image_00729.jpg,0
image_00730.jpg,0
image_00731.jpg,0
image_00732.jpg,0
image_00733.jpg,0
image_00734.jpg,0
image_00735.jpg,0
image_00736.jpg,0
image_00737.jpg,0
image_00738.jpg,0
image_00739.jpg,0
image_00740.jpg,0
image_00741.jpg,0
image_00742.jpg,0
image_00743.jpg,0
image_00744.jpg,0
image_00745.jpg,0
image_00746.jpg,0
image_00747.jpg,0
image_00748.jpg,0
image_00749.jpg,0
image_00750.jpg,0
image_00751.jpg,0
image_00752.jpg,0
image_00753.jpg,0
image_00754.jpg,0
image_00755.jpg,0
image_00756.jpg,0
image_00757.jpg,0
image_00758.jpg,0
image_00759.jpg,0
image_00760.jpg,0
image_00761.jpg,0
image_00762.jpg,0
image_00763.jpg,0
image_00764.jpg,0
image_00765.jpg,0
image_00766.jpg,0
image_00767.jpg,0
image_00768.jpg,0
image_00769.jpg,0
image_00770.jpg,0
image_00771.jpg,0
image_00772.jpg,0
image_00773.jpg,0
image_00774.jpg,0
image_00775.jpg,0
image_00776.jpg,0
image_00777.jpg,0
image_00778.jpg,0
image_00779.jpg,0
image_00780.jpg,0
image_00781.jpg,0
image_00782.jpg,0
image_00783.jpg,0
image_00784.jpg,0
image_00785.jpg,0
image_00786.jpg,0
image_00787.jpg,0
image_00788.jpg,0
image_00789.jpg,0
image_00790.jpg,0
image_00791.jpg,0
image_00792.jpg,0
image_00793.jpg,0
image_00794.jpg,0
image_00795.jpg,0
image_00796.jpg,0
image_00797.jpg,0
image_00798.jpg,0
image_00799.jpg,0
image_00800.jpg,0
image_00801.jpg,0
image_00802.jpg,0
image_00803.jpg,0
image_00804.jpg,0
image_00805.jpg,0
image_00806.jpg,0
image_00807.jpg,0
image_00808.jpg,0
image_00809.jpg,0
image_00810.jpg,0
image_00811.jpg,0
image_00812.jpg,0
image_00813.jpg,0
image_00814.jpg,0
image_00815.jpg,0
image_00816.jpg,0
image_00817.jpg,0
image_00818.jpg,0
image_00819.jpg,0
image_00820.jpg,0
image_00821.jpg,0
image_00822.jpg,0
image_00823.jpg,0
image_00824.jpg,0
image_00825.jpg,0
image_00826.jpg,0
image_00827.jpg,0
image_00828.jpg,0
image_00829.jpg,0
image_00830.jpg,0
image_00831.jpg,0
image_00832.jpg,0
image_00833.jpg,0
image_00834.jpg,0
image_00835.jpg,0
image_00836.jpg,0
image_00837.jpg,0
image_00838.jpg,0
image_00839.jpg,0
image_00840.jpg,0
image_00841.jpg,0
image_00842.jpg,0
image_00843.jpg,0
image_00844.jpg,0
image_00845.jpg,0
image_00846.jpg,0
image_00847.jpg,0
image_00848.jpg,0
image_00849.jpg,0
image_00850.jpg,0
image_00851.jpg,0
image_00852.jpg,0
image_00853.jpg,0
image_00854.jpg,0
image_00855.jpg,0
image_00856.jpg,0
image_00857.jpg,0
image_00858.jpg,0
image_00859.jpg,0
image_00860.jpg,0
image_00861.jpg,0
image_00862.jpg,0
image_00863.jpg,0
image_00864.jpg,0
image_00865.jpg,0
image_00866.jpg,0
image_00867.jpg,0
image_00868.jpg,0
image_00869.jpg,0
image_00870.jpg,0
image_00871.jpg,0
image_00872.jpg,0
image_00873.jpg,0
image_00874.jpg,0
image_00875.jpg,0
image_00876.jpg,0
image_00877.jpg,0
image_00878.jpg,0
image_00879.jpg,0
image_00880.jpg,0
image_00881.jpg,0
image_00882.jpg,0
image_00883.jpg,0
image_00884.jpg,0
image_00885.jpg,0
image_00886.jpg,0
image_00887.jpg,0
image_00888.jpg,0
image_00889.jpg,0
image_00890.jpg,0
image_00891.jpg,0
image_00892.jpg,0
image_00893.jpg,0
image_00894.jpg,0
image_00895.jpg,0
image_00896.jpg,0
image_00897.jpg,0
image_00898.jpg,0
image_00899.jpg,0
image_00900.jpg,0
image_00901.jpg,0
image_00902.jpg,0
image_00903.jpg,0
image_00904.jpg,0
image_00905.jpg,0
image_00906.jpg,0
image_00907.jpg,0
image_00908.jpg,0
image_00909.jpg,0
image_00910.jpg,0
image_00911.jpg,0
image_00912.jpg,0
image_00913.jpg,0
image_00914.jpg,0
image_00915.jpg,0
image_00916.jpg,0
image_00917.jpg,0
image_00918.jpg,0
image_00919.jpg,0
image_00920.jpg,0
image_00921.jpg,0
image_00922.jpg,0
image_00923.jpg,0
image_00924.jpg,0
image_00925.jpg,0
image_00926.jpg,0
image_00927.jpg,0
image_00928.jpg,0
image_00929.jpg,0
image_00930.jpg,0
image_00931.jpg,0
image_00932.jpg,0
image_00933.jpg,0
image_00934.jpg,0
image_00935.jpg,0
image_00936.jpg,0
image_00937.jpg,0
image_00938.jpg,0
image_00939.jpg,0
image_00940.jpg,0
image_00941.jpg,0
image_00942.jpg,0
image_00943.jpg,0
image_00944.jpg,0
image_00945.jpg,0
image_00946.jpg,0
image_00947.jpg,0
image_00948.jpg,0
image_00949.jpg,0
image_00950.jpg,0
image_00951.jpg,0
image_00952.jpg,0
image_00953.jpg,0
image_00954.jpg,0
image_00955.jpg,0
image_00956.jpg,0
image_00957.jpg,0
image_00958.jpg,0
image_00959.jpg,0
image_00960.jpg,0
image_00961.jpg,0
image_00962.jpg,0
image_00963.jpg,0
image_00964.jpg,0
image_00965.jpg,0
image_00966.jpg,0
image_00967.jpg,0
image_00968.jpg,0
image_00969.jpg,0
image_00970.jpg,0
image_00971.jpg,0
image_00972.jpg,0
image_00973.jpg,0
image_00974.jpg,0
image_00975.jpg,0
image_00976.jpg,0
image_00977.jpg,0
image_00978.jpg,0
image_00979.jpg,0
image_00980.jpg,0
image_00981.jpg,0
image_00982.jpg,0
image_00983.jpg,0
image_00984.jpg,0
image_00985.jpg,0
image_00986.jpg,0
image_00987.jpg,0
image_00988.jpg,0
image_00989.jpg,0
image_00990.jpg,0
image_00991.jpg,0
image_00992.jpg,0
image_00993.jpg,0
image_00994.jpg,0
image_00995.jpg,0
image_00996.jpg,0
image_00997.jpg,0
image_00998.jpg,0
image_00999.jpg,0
image_01000.jpg,0
image_01001.jpg,0
image_01002.jpg,0
image_01003.jpg,0
image_01004.jpg,0
image_01005.jpg,0
image_01006.jpg,0
image_01007.jpg,0
image_01008.jpg,0
image_01009.jpg,0
image_01010.jpg,0
image_01011.jpg,0
image_01012.jpg,0
image_01013.jpg,0
image_01014.jpg,0
image_01015.jpg,0
image_01016.jpg,0
image_01017.jpg,0
image_01018.jpg,0
image_01019.jpg,0
image_01020.jpg,0
image_01021.jpg,0
image_01022.jpg,0
image_01023.jpg,0
image_01024.jpg,0
image_01025.jpg,0
image_01026.jpg,0
image_01027.jpg,0
image_01028.jpg,0
image_01029.jpg,0
image_01030.jpg,0
image_01031.jpg,0
image_01032.jpg,0
image_01033.jpg,0
image_01034.jpg,0
image_01035.jpg,0
image_01036.jpg,0
image_01037.jpg,0
image_01038.jpg,0
image_01039.jpg,0
image_01040.jpg,0
image_01041.jpg,0
image_01042.jpg,0
image_01043.jpg,0
image_01044.jpg,0
image_01045.jpg,0
image_01046.jpg,0
image_01047.jpg,0
image_01048.jpg,0
image_01049.jpg,0
image_01050.jpg,0
image_01051.jpg,0
image_01052.jpg,0
image_01053.jpg,0
image_01054.jpg,0
image_01055.jpg,0
image_01056.jpg,0
image_01057.jpg,0
image_01058.jpg,0
image_01059.jpg,0
image_01060.jpg,0
image_01061.jpg,0
image_01062.jpg,0
image_01063.jpg,0
image_01064.jpg,0
image_01065.jpg,0
image_01066.jpg,0
image_01067.jpg,0
image_01068.jpg,0
image_01069.jpg,0
image_01070.jpg,0
image_01071.jpg,0
image_01072.jpg,0
image_01073.jpg,0
image_01074.jpg,0
image_01075.jpg,0
image_01076.jpg,0
image_01077.jpg,0
image_01078.jpg,0
image_01079.jpg,0
image_01080.jpg,0
image_01081.jpg,0
image_01082.jpg,0
image_01083.jpg,0
image_01084.jpg,0
image_01085.jpg,0
image_01086.jpg,0
image_01087.jpg,0
image_01088.jpg,0
image_01089.jpg,0
image_01090.jpg,0
image_01091.jpg,0
image_01092.jpg,0
image_01093.jpg,0
image_01094.jpg,0
image_01095.jpg,0
image_01096.jpg,0
image_01097.jpg,0
image_01098.jpg,0
image_01099.jpg,0
image_01100.jpg,0
image_01101.jpg,0
image_01102.jpg,0
image_01103.jpg,0
image_01104.jpg,0
image_01105.jpg,0
image_01106.jpg,0
image_01107.jpg,0
image_01108.jpg,0
image_01109.jpg,0
image_01110.jpg,0
image_01111.jpg,0
image_01112.jpg,0
image_01113.jpg,0
image_01114.jpg,0
image_01115.jpg,0
image_01116.jpg,0
image_01117.jpg,0
image_01118.jpg,0
image_01119.jpg,0
image_01120.jpg,0
image_01121.jpg,0
image_01122.jpg,0
image_01123.jpg,0
image_01124.jpg,0
image_01125.jpg,0
image_01126.jpg,0
image_01127.jpg,0
image_01128.jpg,0
image_01129.jpg,0
image_01130.jpg,0
image_01131.jpg,0
image_01132.jpg,0
image_01133.jpg,0
image_01134.jpg,0
image_01135.jpg,0
image_01136.jpg,0
image_01137.jpg,0
image_01138.jpg,0
image_01139.jpg,0
image_01140.jpg,0
image_01141.jpg,0
image_01142.jpg,0
image_01143.jpg,0
image_01144.jpg,0
image_01145.jpg,0
image_01146.jpg,0
image_01147.jpg,0
image_01148.jpg,0
image_01149.jpg,0
image_01150.jpg,0
image_01151.jpg,0
image_01152.jpg,0
image_01153.jpg,0
image_01154.jpg,0
image_01155.jpg,0
image_01156.jpg,0
image_01157.jpg,0
image_01158.jpg,0
image_01159.jpg,0
image_01160.jpg,0
image_01161.jpg,0
image_01162.jpg,0
image_01163.jpg,0
image_01164.jpg,0
image_01165.jpg,0
image_01166.jpg,0
image_01167.jpg,0
image_01168.jpg,0
image_01169.jpg,0
image_01170.jpg,0
image_01171.jpg,0
image_01172.jpg,0
image_01173.jpg,0
image_01174.jpg,0
image_01175.jpg,0
image_01176.jpg,0
image_01177.jpg,0
image_01178.jpg,0
image_01179.jpg,0
image_01180.jpg,0
image_01181.jpg,0
image_01182.jpg,0
image_01183.jpg,0
image_01184.jpg,0
image_01185.jpg,0
image_01186.jpg,0
image_01187.jpg,0
image_01188.jpg,0
image_01189.jpg,0
image_01190.jpg,0
image_01191.jpg,0
image_01192.jpg,0
image_01193.jpg,0
image_01194.jpg,0
image_01195.jpg,0
image_01196.jpg,0
image_01197.jpg,0
image_01198.jpg,0
image_01199.jpg,0
image_01200.jpg,0
image_01201.jpg,0
image_01202.jpg,0
image_01203.jpg,0
image_01204.jpg,0
image_01205.jpg,0
image_01206.jpg,0
image_01207.jpg,0
image_01208.jpg,0
image_01209.jpg,0
image_01210.jpg,0
image_01211.jpg,0
image_01212.jpg,0
image_01213.jpg,0
image_01214.jpg,0
image_01215.jpg,0
image_01216.jpg,0
image_01217.jpg,0
image_01218.jpg,0
image_01219.jpg,0
image_01220.jpg,0
image_01221.jpg,0
image_01222.jpg,0
image_01223.jpg,0
image_01224.jpg,0
image_01225.jpg,0
image_01226.jpg,0
image_01227.jpg,0
image_01228.jpg,0
image_01229.jpg,0
image_01230.jpg,0
image_01231.jpg,0
image_01232.jpg,0
image_01233.jpg,0
image_01234.jpg,0
image_01235.jpg,0
image_01236.jpg,0
image_01237.jpg,0
image_01238.jpg,0
image_01239.jpg,0
image_01240.jpg,0
image_01241.jpg,0
image_01242.jpg,0
image_01243.jpg,0
image_01244.jpg,0
image_01245.jpg,0
image_01246.jpg,0
image_01247.jpg,0
image_01248.jpg,0
image_01249.jpg,0
image_01250.jpg,0
image_01251.jpg,0
image_01252.jpg,0
image_01253.jpg,0
image_01254.jpg,0
image_01255.jpg,0
image_01256.jpg,0
image_01257.jpg,0
image_01258.jpg,0
image_01259.jpg,0
image_01260.jpg,0
image_01261.jpg,0
image_01262.jpg,0
image_01263.jpg,0
image_01264.jpg,0
image_01265.jpg,0
image_01266.jpg,0
image_01267.jpg,0
image_01268.jpg,0
image_01269.jpg,0
image_01270.jpg,0
image_01271.jpg,0
image_01272.jpg,0
image_01273.jpg,0
image_01274.jpg,0
image_01275.jpg,0
image_01276.jpg,0
image_01277.jpg,0
image_01278.jpg,0
image_01279.jpg,0
image_01280.jpg,0
image_01281.jpg,0
image_01282.jpg,0
image_01283.jpg,0
image_01284.jpg,0
image_01285.jpg,0
image_01286.jpg,0
image_01287.jpg,0
image_01288.jpg,0
image_01289.jpg,0
image_01290.jpg,0
image_01291.jpg,0
image_01292.jpg,0
image_01293.jpg,0
image_01294.jpg,0
image_01295.jpg,0
image_01296.jpg,0
image_01297.jpg,0
image_01298.jpg,0
image_01299.jpg,0
image_01300.jpg,0
image_01301.jpg,0
image_01302.jpg,0
image_01303.jpg,0
image_01304.jpg,0
image_01305.jpg,0
image_01306.jpg,0
image_01307.jpg,0
image_01308.jpg,0
image_01309.jpg,0
image_01310.jpg,0
image_01311.jpg,0
image_01312.jpg,0
image_01313.jpg,0
image_01314.jpg,0
image_01315.jpg,0
image_01316.jpg,0
image_01317.jpg,0
image_01318.jpg,0
image_01319.jpg,0
image_01320.jpg,0
image_01321.jpg,0
image_01322.jpg,0
image_01323.jpg,0
image_01324.jpg,0
image_01325.jpg,0
image_01326.jpg,0
image_01327.jpg,0
image_01328.jpg,0
image_01329.jpg,0
image_01330.jpg,0
image_01331.jpg,0
image_01332.jpg,0
image_01333.jpg,0
image_01334.jpg,0
image_01335.jpg,0
image_01336.jpg,0
image_01337.jpg,0
image_01338.jpg,0
image_01339.jpg,0
image_01340.jpg,0
image_01341.jpg,0
image_01342.jpg,0
image_01343.jpg,0
image_01344.jpg,0
image_01345.jpg,0
image_01346.jpg,0
image_01347.jpg,0
image_01348.jpg,0
image_01349.jpg,0
image_01350.jpg,0
image_01351.jpg,0
image_01352.jpg,0
image_01353.jpg,0
image_01354.jpg,0
image_01355.jpg,0
image_01356.jpg,0
image_01357.jpg,0
image_01358.jpg,0
image_01359.jpg,0
image_01360.jpg,0
image_01361.jpg,0
image_01362.jpg,0
image_01363.jpg,0
image_01364.jpg,0
image_01365.jpg,0
image_01366.jpg,0
image_01367.jpg,0
image_01368.jpg,0
image_01369.jpg,0
image_01370.jpg,0
image_01371.jpg,0
image_01372.jpg,0
image_01373.jpg,0
image_01374.jpg,0
image_01375.jpg,0
image_01376.jpg,0
image_01377.jpg,0
image_01378.jpg,0
image_01379.jpg,0
image_01380.jpg,0
image_01381.jpg,0
image_01382.jpg,0
image_01383.jpg,0
image_01384.jpg,0
image_01385.jpg,0
image_01386.jpg,0
image_01387.jpg,0
image_01388.jpg,0
image_01389.jpg,0
image_01390.jpg,0
image_01391.jpg,0
image_01392.jpg,0
image_01393.jpg,0
image_01394.jpg,0
image_01395.jpg,0
image_01396.jpg,0
image_01397.jpg,0
image_01398.jpg,0
image_01399.jpg,0
image_01400.jpg,0
image_01401.jpg,0
image_01402.jpg,0
image_01403.jpg,0
image_01404.jpg,0
image_01405.jpg,0
image_01406.jpg,0
image_01407.jpg,0
image_01408.jpg,0
image_01409.jpg,0
image_01410.jpg,0
image_01411.jpg,0
image_01412.jpg,0
image_01413.jpg,0
image_01414.jpg,0
image_01415.jpg,0
image_01416.jpg,0
image_01417.jpg,0
image_01418.jpg,0
image_01419.jpg,0
image_01420.jpg,0
image_01421.jpg,0
image_01422.jpg,0
image_01423.jpg,0
image_01424.jpg,0
image_01425.jpg,0
image_01426.jpg,0
image_01427.jpg,0
image_01428.jpg,0
image_01429.jpg,0
image_01430.jpg,0
image_01431.jpg,0
image_01432.jpg,0
image_01433.jpg,0
image_01434.jpg,0
image_01435.jpg,0
image_01436.jpg,0
image_01437.jpg,0
image_01438.jpg,0
image_01439.jpg,0
image_01440.jpg,0
image_01441.jpg,0
image_01442.jpg,0
image_01443.jpg,0
image_01444.jpg,0
image_01445.jpg,0
image_01446.jpg,0
image_01447.jpg,0
image_01448.jpg,0
image_01449.jpg,0
image_01450.jpg,0
image_01451.jpg,0
image_01452.jpg,0
image_01453.jpg,0
image_01454.jpg,0
image_01455.jpg,0
image_01456.jpg,0
image_01457.jpg,0
image_01458.jpg,0
image_01459.jpg,0
image_01460.jpg,0
image_01461.jpg,0
image_01462.jpg,0
image_01463.jpg,0
image_01464.jpg,0
image_01465.jpg,0
image_01466.jpg,0
image_01467.jpg,0
image_01468.jpg,0
image_01469.jpg,0
image_01470.jpg,0
image_01471.jpg,0
image_01472.jpg,0
image_01473.jpg,0
image_01474.jpg,0
image_01475.jpg,0
image_01476.jpg,0
image_01477.jpg,0
image_01478.jpg,0
image_01479.jpg,0
image_01480.jpg,0
image_01481.jpg,0
image_01482.jpg,0
image_01483.jpg,0
image_01484.jpg,0
image_01485.jpg,0
image_01486.jpg,0
image_01487.jpg,0
image_01488.jpg,0
image_01489.jpg,0
image_01490.jpg,0
image_01491.jpg,0
image_01492.jpg,0
image_01493.jpg,0
image_01494.jpg,0
image_01495.jpg,0
image_01496.jpg,0
image_01497.jpg,0
image_01498.jpg,0
image_01499.jpg,0
image_01500.jpg,0
image_01501.jpg,0
image_01502.jpg,0
image_01503.jpg,0
image_01504.jpg,0
image_01505.jpg,0
image_01506.jpg,0
image_01507.jpg,0
image_01508.jpg,0
image_01509.jpg,0
image_01510.jpg,0
image_01511.jpg,0
image_01512.jpg,0
image_01513.jpg,0
image_01514.jpg,0
image_01515.jpg,0
image_01516.jpg,0
image_01517.jpg,0
image_01518.jpg,0
image_01519.jpg,0
image_01520.jpg,0
image_01521.jpg,0
image_01522.jpg,0
image_01523.jpg,0
image_01524.jpg,0
image_01525.jpg,0
image_01526.jpg,0
image_01527.jpg,0
image_01528.jpg,0
image_01529.jpg,0
image_01530.jpg,0
image_01531.jpg,0
image_01532.jpg,0
image_01533.jpg,0
image_01534.jpg,0
image_01535.jpg,0
image_01536.jpg,0
image_01537.jpg,0
image_01538.jpg,0
image_01539.jpg,0
image_01540.jpg,0
image_01541.jpg,0
image_01542.jpg,0
image_01543.jpg,0
image_01544.jpg,0
image_01545.jpg,0
image_01546.jpg,0
image_01547.jpg,0
image_01548.jpg,0
image_01549.jpg,0
image_01550.jpg,0
image_01551.jpg,0
image_01552.jpg,0
image_01553.jpg,0
image_01554.jpg,0
image_01555.jpg,0
image_01556.jpg,0
image_01557.jpg,0
image_01558.jpg,0
image_01559.jpg,0
image_01560.jpg,0
image_01561.jpg,0
image_01562.jpg,0
image_01563.jpg,0
image_01564.jpg,0
image_01565.jpg,0
image_01566.jpg,0
image_01567.jpg,0
image_01568.jpg,0
image_01569.jpg,0
image_01570.jpg,0
image_01571.jpg,0
image_01572.jpg,0
image_01573.jpg,0
image_01574.jpg,0
image_01575.jpg,0
image_01576.jpg,0
image_01577.jpg,0
image_01578.jpg,0
image_01579.jpg,0
image_01580.jpg,0
image_01581.jpg,0
image_01582.jpg,0
image_01583.jpg,0
image_01584.jpg,0
image_01585.jpg,0
image_01586.jpg,0
image_01587.jpg,0
image_01588.jpg,0
image_01589.jpg,0
image_01590.jpg,0
image_01591.jpg,0
image_01592.jpg,0
image_01593.jpg,0
image_01594.jpg,0
image_01595.jpg,0
image_01596.jpg,0
image_01597.jpg,0
image_01598.jpg,0
image_01599.jpg,0
image_01600.jpg,0
image_01601.jpg,0
image_01602.jpg,0
image_01603.jpg,0
image_01604.jpg,0
image_01605.jpg,0
image_01606.jpg,0
image_01607.jpg,0
image_01608.jpg,0
image_01609.jpg,0
image_01610.jpg,0
image_01611.jpg,0
image_01612.jpg,0
image_01613.jpg,0
image_01614.jpg,0
image_01615.jpg,0
image_01616.jpg,0
image_01617.jpg,0
image_01618.jpg,0
image_01619.jpg,0
image_01620.jpg,0
image_01621.jpg,0
image_01622.jpg,0
image_01623.jpg,0
image_01624.jpg,0
image_01625.jpg,0
image_01626.jpg,0
image_01627.jpg,0
image_01628.jpg,0
image_01629.jpg,0
image_01630.jpg,0
image_01631.jpg,0
image_01632.jpg,0
image_01633.jpg,0
image_01634.jpg,0
image_01635.jpg,0
image_01636.jpg,0
image_01637.jpg,0
image_01638.jpg,0
image_01639.jpg,0
image_01640.jpg,0
image_01641.jpg,0
image_01642.jpg,0
image_01643.jpg,0
image_01644.jpg,0
image_01645.jpg,0
image_01646.jpg,0
image_01647.jpg,0
image_01648.jpg,0
image_01649.jpg,0
image_01650.jpg,0
image_01651.jpg,0
image_01652.jpg,0
image_01653.jpg,0
image_01654.jpg,0
image_01655.jpg,0
image_01656.jpg,0
image_01657.jpg,0
image_01658.jpg,0
image_01659.jpg,0
image_01660.jpg,0
image_01661.jpg,0
image_01662.jpg,0
image_01663.jpg,0
image_01664.jpg,0
image_01665.jpg,0
image_01666.jpg,0
image_01667.jpg,0
image_01668.jpg,0
image_01669.jpg,0
image_01670.jpg,0
image_01671.jpg,0
image_01672.jpg,0
image_01673.jpg,0
image_01674.jpg,0
image_01675.jpg,0
image_01676.jpg,0
image_01677.jpg,0
image_01678.jpg,0
image_01679.jpg,0
image_01680.jpg,0
image_01681.jpg,0
image_01682.jpg,0
image_01683.jpg,0
image_01684.jpg,0
image_01685.jpg,0
image_01686.jpg,0
image_01687.jpg,0
image_01688.jpg,0
image_01689.jpg,0
image_01690.jpg,0
image_01691.jpg,0
image_01692.jpg,0
image_01693.jpg,0
image_01694.jpg,0
image_01695.jpg,0
image_01696.jpg,0
image_01697.jpg,0
image_01698.jpg,0
image_01699.jpg,0
image_01700.jpg,0
image_01701.jpg,0
image_01702.jpg,0
image_01703.jpg,0
image_01704.jpg,0
image_01705.jpg,0
image_01706.jpg,0
image_01707.jpg,0
image_01708.jpg,0
image_01709.jpg,0
image_01710.jpg,0
image_01711.jpg,0
image_01712.jpg,0
image_01713.jpg,0
image_01714.jpg,0
image_01715.jpg,0
image_01716.jpg,0
image_01717.jpg,0
image_01718.jpg,0
image_01719.jpg,0
image_01720.jpg,0
image_01721.jpg,0
image_01722.jpg,0
image_01723.jpg,0
image_01724.jpg,0
image_01725.jpg,0
image_01726.jpg,0
image_01727.jpg,0
image_01728.jpg,0
image_01729.jpg,0
image_01730.jpg,0
image_01731.jpg,0
image_01732.jpg,0
image_01733.jpg,0
image_01734.jpg,0
image_01735.jpg,0
image_01736.jpg,0
image_01737.jpg,0
image_01738.jpg,0
image_01739.jpg,0
image_01740.jpg,0
image_01741.jpg,0
image_01742.jpg,0
image_01743.jpg,0
image_01744.jpg,0
image_01745.jpg,0
image_01746.jpg,0
image_01747.jpg,0
image_01748.jpg,0
image_01749.jpg,0
image_01750.jpg,0
image_01751.jpg,0
image_01752.jpg,0
image_01753.jpg,0
image_01754.jpg,0
image_01755.jpg,0
image_01756.jpg,0
image_01757.jpg,0
image_01758.jpg,0
image_01759.jpg,0
image_01760.jpg,0
image_01761.jpg,0
image_01762.jpg,0
image_01763.jpg,0
image_01764.jpg,0
image_01765.jpg,0
image_01766.jpg,0
image_01767.jpg,0
image_01768.jpg,0
image_01769.jpg,0
image_01770.jpg,0
image_01771.jpg,0
image_01772.jpg,0
image_01773.jpg,0
image_01774.jpg,0
image_01775.jpg,0
image_01776.jpg,0
image_01777.jpg,0
image_01778.jpg,0
image_01779.jpg,0
image_01780.jpg,0
image_01781.jpg,0
image_01782.jpg,0
image_01783.jpg,0
image_01784.jpg,0
image_01785.jpg,0
image_01786.jpg,0
image_01787.jpg,0
image_01788.jpg,0
image_01789.jpg,0
image_01790.jpg,0
image_01791.jpg,0
image_01792.jpg,0
image_01793.jpg,0
image_01794.jpg,0
image_01795.jpg,0
image_01796.jpg,0
image_01797.jpg,0
image_01798.jpg,0
image_01799.jpg,0
image_01800.jpg,0
image_01801.jpg,0
image_01802.jpg,0
image_01803.jpg,0
image_01804.jpg,0
image_01805.jpg,0
image_01806.jpg,0
image_01807.jpg,0
image_01808.jpg,0
image_01809.jpg,0
image_01810.jpg,0
image_01811.jpg,0
image_01812.jpg,0
image_01813.jpg,0
image_01814.jpg,0
image_01815.jpg,0
image_01816.jpg,0
image_01817.jpg,0
image_01818.jpg,0
image_01819.jpg,0
image_01820.jpg,0
image_01821.jpg,0
image_01822.jpg,0
image_01823.jpg,0
image_01824.jpg,0
image_01825.jpg,0
image_01826.jpg,0
image_01827.jpg,0
image_01828.jpg,0
image_01829.jpg,0
image_01830.jpg,0
image_01831.jpg,0
image_01832.jpg,0
image_01833.jpg,0
image_01834.jpg,0
image_01835.jpg,0
image_01836.jpg,0
image_01837.jpg,0
image_01838.jpg,0
image_01839.jpg,0
image_01840.jpg,0
image_01841.jpg,0
image_01842.jpg,0
image_01843.jpg,0
image_01844.jpg,0
image_01845.jpg,0
image_01846.jpg,0
image_01847.jpg,0
image_01848.jpg,0
image_01849.jpg,0
image_01850.jpg,0
image_01851.jpg,0
image_01852.jpg,0
image_01853.jpg,0
image_01854.jpg,0
image_01855.jpg,0
image_01856.jpg,0
image_01857.jpg,0
image_01858.jpg,0
image_01859.jpg,0
image_01860.jpg,0
image_01861.jpg,0
image_01862.jpg,0
image_01863.jpg,0
image_01864.jpg,0
image_01865.jpg,0
image_01866.jpg,0
image_01867.jpg,0
image_01868.jpg,0
image_01869.jpg,0
image_01870.jpg,0
image_01871.jpg,0
image_01872.jpg,0
image_01873.jpg,0
image_01874.jpg,0
image_01875.jpg,0
image_01876.jpg,0
image_01877.jpg,0
image_01878.jpg,0
image_01879.jpg,0
image_01880.jpg,0
image_01881.jpg,0
image_01882.jpg,0
image_01883.jpg,0
image_01884.jpg,0
image_01885.jpg,0
image_01886.jpg,0
image_01887.jpg,0
image_01888.jpg,0
image_01889.jpg,0
image_01890.jpg,0
image_01891.jpg,0
image_01892.jpg,0
image_01893.jpg,0
image_01894.jpg,0
image_01895.jpg,0
image_01896.jpg,0
image_01897.jpg,0
image_01898.jpg,0
image_01899.jpg,0
image_01900.jpg,0
image_01901.jpg,0
image_01902.jpg,0
image_01903.jpg,0
image_01904.jpg,0
image_01905.jpg,0
image_01906.jpg,0
image_01907.jpg,0
image_01908.jpg,0
image_01909.jpg,0
image_01910.jpg,0
image_01911.jpg,0
image_01912.jpg,0
image_01913.jpg,0
image_01914.jpg,0
image_01915.jpg,0
image_01916.jpg,0
image_01917.jpg,0
image_01918.jpg,0
image_01919.jpg,0
image_01920.jpg,0
image_01921.jpg,0
image_01922.jpg,0
image_01923.jpg,0
image_01924.jpg,0
image_01925.jpg,0
image_01926.jpg,0
image_01927.jpg,0
image_01928.jpg,0
image_01929.jpg,0
image_01930.jpg,0
image_01931.jpg,0
image_01932.jpg,0
image_01933.jpg,0
image_01934.jpg,0
image_01935.jpg,0
image_01936.jpg,0
image_01937.jpg,0
image_01938.jpg,0
image_01939.jpg,0
image_01940.jpg,0
image_01941.jpg,0
image_01942.jpg,0
image_01943.jpg,0
image_01944.jpg,0
image_01945.jpg,0
image_01946.jpg,0
image_01947.jpg,0
image_01948.jpg,0
image_01949.jpg,0
image_01950.jpg,0
image_01951.jpg,0
image_01952.jpg,0
image_01953.jpg,0
image_01954.jpg,0
image_01955.jpg,0
image_01956.jpg,0
image_01957.jpg,0
image_01958.jpg,0
image_01959.jpg,0
image_01960.jpg,0
image_01961.jpg,0
image_01962.jpg,0
image_01963.jpg,0
image_01964.jpg,0
image_01965.jpg,0
image_01966.jpg,0
image_01967.jpg,0
image_01968.jpg,0
image_01969.jpg,0
image_01970.jpg,0
image_01971.jpg,0
image_01972.jpg,0
image_01973.jpg,0
image_01974.jpg,0
image_01975.jpg,0
image_01976.jpg,0
image_01977.jpg,0
image_01978.jpg,0
image_01979.jpg,0
image_01980.jpg,0
image_01981.jpg,0
image_01982.jpg,0
image_01983.jpg,0
image_01984.jpg,0
image_01985.jpg,0
image_01986.jpg,0
image_01987.jpg,0
image_01988.jpg,0
image_01989.jpg,0
image_01990.jpg,0
image_01991.jpg,0
image_01992.jpg,0
image_01993.jpg,0
image_01994.jpg,0
image_01995.jpg,0
image_01996.jpg,0
image_01997.jpg,0
image_01998.jpg,0
image_01999.jpg,0
image_02000.jpg,0
image_02001.jpg,0
image_02002.jpg,0
image_02003.jpg,0
image_02004.jpg,0
image_02005.jpg,0
image_02006.jpg,0
image_02007.jpg,0
image_02008.jpg,0
image_02009.jpg,0
image_02010.jpg,0
image_02011.jpg,0
image_02012.jpg,0
image_02013.jpg,0
image_02014.jpg,0
image_02015.jpg,0
image_02016.jpg,0
image_02017.jpg,0
image_02018.jpg,0
image_02019.jpg,0
image_02020.jpg,0
image_02021.jpg,0
image_02022.jpg,0
image_02023.jpg,0
image_02024.jpg,0
image_02025.jpg,0
image_02026.jpg,0
image_02027.jpg,0
image_02028.jpg,0
image_02029.jpg,0
image_02030.jpg,0
image_02031.jpg,0
image_02032.jpg,0
image_02033.jpg,0
image_02034.jpg,0
image_02035.jpg,0
image_02036.jpg,0
image_02037.jpg,0
image_02038.jpg,0
image_02039.jpg,0
image_02040.jpg,0
image_02041.jpg,0
image_02042.jpg,0
image_02043.jpg,0
image_02044.jpg,0
image_02045.jpg,0
image_02046.jpg,0
image_02047.jpg,0
image_02048.jpg,0
image_02049.jpg,0
image_02050.jpg,0
image_02051.jpg,0
image_02052.jpg,0
image_02053.jpg,0
image_02054.jpg,0
image_02055.jpg,0
image_02056.jpg,0
image_02057.jpg,0
image_02058.jpg,0
image_02059.jpg,0
image_02060.jpg,0
image_02061.jpg,0
image_02062.jpg,0
image_02063.jpg,0
image_02064.jpg,0
image_02065.jpg,0
image_02066.jpg,0
image_02067.jpg,0
image_02068.jpg,0
image_02069.jpg,0
image_02070.jpg,0
image_02071.jpg,0
image_02072.jpg,0
image_02073.jpg,0
image_02074.jpg,0
image_02075.jpg,0
image_02076.jpg,0
image_02077.jpg,0
image_02078.jpg,0
image_02079.jpg,0
image_02080.jpg,0
image_02081.jpg,0
image_02082.jpg,0
image_02083.jpg,0
image_02084.jpg,0
image_02085.jpg,0
image_02086.jpg,0
image_02087.jpg,0
image_02088.jpg,0
image_02089.jpg,0
image_02090.jpg,0
image_02091.jpg,0
image_02092.jpg,0
image_02093.jpg,0
image_02094.jpg,0
image_02095.jpg,0
image_02096.jpg,0
image_02097.jpg,0
image_02098.jpg,0
image_02099.jpg,0
image_02100.jpg,0
image_02101.jpg,0
image_02102.jpg,0
image_02103.jpg,0
image_02104.jpg,0
image_02105.jpg,0
image_02106.jpg,0
image_02107.jpg,0
image_02108.jpg,0
image_02109.jpg,0
image_02110.jpg,0
image_02111.jpg,0
image_02112.jpg,0
image_02113.jpg,0
image_02114.jpg,0
image_02115.jpg,0
image_02116.jpg,0
image_02117.jpg,0
image_02118.jpg,0
image_02119.jpg,0
image_02120.jpg,0
image_02121.jpg,0
image_02122.jpg,0
image_02123.jpg,0
image_02124.jpg,0
image_02125.jpg,0
image_02126.jpg,0
image_02127.jpg,0
image_02128.jpg,0
image_02129.jpg,0
image_02130.jpg,0
image_02131.jpg,0
image_02132.jpg,0
image_02133.jpg,0
image_02134.jpg,0
image_02135.jpg,0
image_02136.jpg,0
image_02137.jpg,0
image_02138.jpg,0
image_02139.jpg,0
image_02140.jpg,0
image_02141.jpg,0
image_02142.jpg,0
image_02143.jpg,0
image_02144.jpg,0
image_02145.jpg,0
image_02146.jpg,0
image_02147.jpg,0
image_02148.jpg,0
image_02149.jpg,0
image_02150.jpg,0
image_02151.jpg,0
image_02152.jpg,0
image_02153.jpg,0
image_02154.jpg,0
image_02155.jpg,0
image_02156.jpg,0
image_02157.jpg,0
image_02158.jpg,0
image_02159.jpg,0
image_02160.jpg,0
image_02161.jpg,0
image_02162.jpg,0
image_02163.jpg,0
image_02164.jpg,0
image_02165.jpg,0
image_02166.jpg,0
image_02167.jpg,0
image_02168.jpg,0
image_02169.jpg,0
image_02170.jpg,0
image_02171.jpg,0
image_02172.jpg,0
image_02173.jpg,0
image_02174.jpg,0
image_02175.jpg,0
image_02176.jpg,0
image_02177.jpg,0
image_02178.jpg,0
image_02179.jpg,0
image_02180.jpg,0
image_02181.jpg,0
image_02182.jpg,0
image_02183.jpg,0
image_02184.jpg,0
image_02185.jpg,0
image_02186.jpg,0
image_02187.jpg,0
image_02188.jpg,0
image_02189.jpg,0
image_02190.jpg,0
image_02191.jpg,0
image_02192.jpg,0
image_02193.jpg,0
image_02194.jpg,0
image_02195.jpg,0
image_02196.jpg,0
image_02197.jpg,0
image_02198.jpg,0
image_02199.jpg,0
image_02200.jpg,0
image_02201.jpg,0
image_02202.jpg,0
image_02203.jpg,0
image_02204.jpg,0
image_02205.jpg,0
image_02206.jpg,0
image_02207.jpg,0
image_02208.jpg,0
image_02209.jpg,0
image_02210.jpg,0
image_02211.jpg,0
image_02212.jpg,0
image_02213.jpg,0
image_02214.jpg,0
image_02215.jpg,0
image_02216.jpg,0
image_02217.jpg,0
image_02218.jpg,0
image_02219.jpg,0
image_02220.jpg,0
image_02221.jpg,0
image_02222.jpg,0
image_02223.jpg,0
image_02224.jpg,0
image_02225.jpg,0
image_02226.jpg,0
image_02227.jpg,0
image_02228.jpg,0
image_02229.jpg,0
image_02230.jpg,0
image_02231.jpg,0
image_02232.jpg,0
image_02233.jpg,0
image_02234.jpg,0
image_02235.jpg,0
image_02236.jpg,0
image_02237.jpg,0
image_02238.jpg,0
image_02239.jpg,0
image_02240.jpg,0
image_02241.jpg,0
image_02242.jpg,0
image_02243.jpg,0
image_02244.jpg,0
image_02245.jpg,0
image_02246.jpg,0
image_02247.jpg,0
image_02248.jpg,0
image_02249.jpg,0
image_02250.jpg,0
image_02251.jpg,0
image_02252.jpg,0
image_02253.jpg,0
image_02254.jpg,0
image_02255.jpg,0
image_02256.jpg,0
image_02257.jpg,0
image_02258.jpg,0
image_02259.jpg,0
image_02260.jpg,0
image_02261.jpg,0
image_02262.jpg,0
image_02263.jpg,0
image_02264.jpg,0
image_02265.jpg,0
image_02266.jpg,0
image_02267.jpg,0
image_02268.jpg,0
image_02269.jpg,0
image_02270.jpg,0
image_02271.jpg,0
image_02272.jpg,0
image_02273.jpg,0
image_02274.jpg,0
image_02275.jpg,0
image_02276.jpg,0
image_02277.jpg,0
image_02278.jpg,0
image_02279.jpg,0
image_02280.jpg,0
image_02281.jpg,0
image_02282.jpg,0
image_02283.jpg,0
image_02284.jpg,0
image_02285.jpg,0
image_02286.jpg,0
image_02287.jpg,0
image_02288.jpg,0
image_02289.jpg,0
image_02290.jpg,0
image_02291.jpg,0
image_02292.jpg,0
image_02293.jpg,0
image_02294.jpg,0
image_02295.jpg,0
image_02296.jpg,0
image_02297.jpg,0
image_02298.jpg,0
image_02299.jpg,0
image_02300.jpg,0
image_02301.jpg,0
image_02302.jpg,0
image_02303.jpg,0
image_02304.jpg,0
image_02305.jpg,0
image_02306.jpg,0
image_02307.jpg,0
image_02308.jpg,0
image_02309.jpg,0
image_02310.jpg,0
image_02311.jpg,0
image_02312.jpg,0
image_02313.jpg,0
image_02314.jpg,0
image_02315.jpg,0
image_02316.jpg,0
image_02317.jpg,0
image_02318.jpg,0
image_02319.jpg,0
image_02320.jpg,0
image_02321.jpg,0
image_02322.jpg,0
image_02323.jpg,0
image_02324.jpg,0
image_02325.jpg,0
image_02326.jpg,0
image_02327.jpg,0
image_02328.jpg,0
image_02329.jpg,0
image_02330.jpg,0
image_02331.jpg,0
image_02332.jpg,0
image_02333.jpg,0
image_02334.jpg,0
image_02335.jpg,0
image_02336.jpg,0
image_02337.jpg,0
image_02338.jpg,0
image_02339.jpg,0
image_02340.jpg,0
image_02341.jpg,0
image_02342.jpg,0
image_02343.jpg,0
image_02344.jpg,0
image_02345.jpg,0
image_02346.jpg,0
image_02347.jpg,0
image_02348.jpg,0
image_02349.jpg,0
image_02350.jpg,0
image_02351.jpg,0
image_02352.jpg,0
image_02353.jpg,0
image_02354.jpg,0
image_02355.jpg,0
image_02356.jpg,0
image_02357.jpg,0
image_02358.jpg,0
image_02359.jpg,0
image_02360.jpg,0
image_02361.jpg,0
image_02362.jpg,0
image_02363.jpg,0
image_02364.jpg,0
image_02365.jpg,0
image_02366.jpg,0
image_02367.jpg,0
image_02368.jpg,0
image_02369.jpg,0
image_02370.jpg,0
image_02371.jpg,0
image_02372.jpg,0
image_02373.jpg,0
image_02374.jpg,0
image_02375.jpg,0
image_02376.jpg,0
image_02377.jpg,0
image_02378.jpg,0
image_02379.jpg,0
image_02380.jpg,0
image_02381.jpg,0
image_02382.jpg,0
image_02383.jpg,0
image_02384.jpg,0
image_02385.jpg,0
image_02386.jpg,0
image_02387.jpg,0
image_02388.jpg,0
image_02389.jpg,0
image_02390.jpg,0
image_02391.jpg,0
image_02392.jpg,0
image_02393.jpg,0
image_02394.jpg,0
image_02395.jpg,0
image_02396.jpg,0
image_02397.jpg,0
image_02398.jpg,0
image_02399.jpg,0
image_02400.jpg,0
image_02401.jpg,0
image_02402.jpg,0
image_02403.jpg,0
image_02404.jpg,0
image_02405.jpg,0
image_02406.jpg,0
image_02407.jpg,0
image_02408.jpg,0
image_02409.jpg,0
image_02410.jpg,0
image_02411.jpg,0
image_02412.jpg,0
image_02413.jpg,0
image_02414.jpg,0
image_02415.jpg,0
image_02416.jpg,0
image_02417.jpg,0
image_02418.jpg,0
image_02419.jpg,0
image_02420.jpg,0
image_02421.jpg,0
image_02422.jpg,0
image_02423.jpg,0
image_02424.jpg,0
image_02425.jpg,0
image_02426.jpg,0
image_02427.jpg,0
image_02428.jpg,0
image_02429.jpg,0
image_02430.jpg,0
image_02431.jpg,0
image_02432.jpg,0
image_02433.jpg,0
image_02434.jpg,0
image_02435.jpg,0
image_02436.jpg,0
image_02437.jpg,0
image_02438.jpg,0
image_02439.jpg,0
image_02440.jpg,0
image_02441.jpg,0
image_02442.jpg,0
image_02443.jpg,0
image_02444.jpg,0
image_02445.jpg,0
image_02446.jpg,0
image_02447.jpg,0
image_02448.jpg,0
image_02449.jpg,0
image_02450.jpg,0
image_02451.jpg,0
image_02452.jpg,0
image_02453.jpg,0
image_02454.jpg,0
image_02455.jpg,0
image_02456.jpg,0
image_02457.jpg,0
image_02458.jpg,0
image_02459.jpg,0
image_02460.jpg,0
image_02461.jpg,0
image_02462.jpg,0
image_02463.jpg,0
image_02464.jpg,0
image_02465.jpg,0
image_02466.jpg,0
image_02467.jpg,0
image_02468.jpg,0
image_02469.jpg,0
image_02470.jpg,0
image_02471.jpg,0
image_02472.jpg,0
image_02473.jpg,0
image_02474.jpg,0
image_02475.jpg,0
image_02476.jpg,0
image_02477.jpg,0
image_02478.jpg,0
image_02479.jpg,0
image_02480.jpg,0
image_02481.jpg,0
image_02482.jpg,0
image_02483.jpg,0
image_02484.jpg,0
image_02485.jpg,0
image_02486.jpg,0
image_02487.jpg,0
image_02488.jpg,0
image_02489.jpg,0
image_02490.jpg,0
image_02491.jpg,0
image_02492.jpg,0
image_02493.jpg,0
image_02494.jpg,0
image_02495.jpg,0
image_02496.jpg,0
image_02497.jpg,0
image_02498.jpg,0
image_02499.jpg,0
image_02500.jpg,0
image_02501.jpg,0
image_02502.jpg,0
image_02503.jpg,0
image_02504.jpg,0
image_02505.jpg,0
image_02506.jpg,0
image_02507.jpg,0
image_02508.jpg,0
image_02509.jpg,0
image_02510.jpg,0
image_02511.jpg,0
image_02512.jpg,0
image_02513.jpg,0
image_02514.jpg,0
image_02515.jpg,0
image_02516.jpg,0
image_02517.jpg,0
image_02518.jpg,0
image_02519.jpg,0
image_02520.jpg,0
image_02521.jpg,0
image_02522.jpg,0
image_02523.jpg,0
image_02524.jpg,0
image_02525.jpg,0
image_02526.jpg,0
image_02527.jpg,0
image_02528.jpg,0
image_02529.jpg,0
image_02530.jpg,0
image_02531.jpg,0
image_02532.jpg,0
image_02533.jpg,0
image_02534.jpg,0
image_02535.jpg,0
image_02536.jpg,0
image_02537.jpg,0
image_02538.jpg,0
image_02539.jpg,0
image_02540.jpg,0
image_02541.jpg,0
image_02542.jpg,0
image_02543.jpg,0
image_02544.jpg,0
image_02545.jpg,0
image_02546.jpg,0
image_02547.jpg,0
image_02548.jpg,0
image_02549.jpg,0
image_02550.jpg,0
image_02551.jpg,0
image_02552.jpg,0
image_02553.jpg,0
image_02554.jpg,0
image_02555.jpg,0
image_02556.jpg,0
image_02557.jpg,0
image_02558.jpg,0
image_02559.jpg,0
image_02560.jpg,0
image_02561.jpg,0
image_02562.jpg,0
image_02563.jpg,0
image_02564.jpg,0
image_02565.jpg,0
image_02566.jpg,0
image_02567.jpg,0
image_02568.jpg,0
image_02569.jpg,0
image_02570.jpg,0
image_02571.jpg,0
image_02572.jpg,0
image_02573.jpg,0
image_02574.jpg,0
image_02575.jpg,0
image_02576.jpg,0
image_02577.jpg,0
image_02578.jpg,0
image_02579.jpg,0
image_02580.jpg,0
image_02581.jpg,0
image_02582.jpg,0
image_02583.jpg,0
image_02584.jpg,0
image_02585.jpg,0
image_02586.jpg,0
image_02587.jpg,0
image_02588.jpg,0
image_02589.jpg,0
image_02590.jpg,0
image_02591.jpg,0
image_02592.jpg,0
image_02593.jpg,0
image_02594.jpg,0
image_02595.jpg,0
image_02596.jpg,0
image_02597.jpg,0
image_02598.jpg,0
image_02599.jpg,0
image_02600.jpg,0
image_02601.jpg,0
image_02602.jpg,0
image_02603.jpg,0
image_02604.jpg,0
image_02605.jpg,0
image_02606.jpg,0
image_02607.jpg,0
image_02608.jpg,0
image_02609.jpg,0
image_02610.jpg,0
image_02611.jpg,0
image_02612.jpg,0
image_02613.jpg,0
image_02614.jpg,0
image_02615.jpg,0
image_02616.jpg,0
image_02617.jpg,0
image_02618.jpg,0
image_02619.jpg,0
image_02620.jpg,0
image_02621.jpg,0
image_02622.jpg,0
image_02623.jpg,0
image_02624.jpg,0
image_02625.jpg,0
image_02626.jpg,0
image_02627.jpg,0
image_02628.jpg,0
image_02629.jpg,0
image_02630.jpg,0
image_02631.jpg,0
image_02632.jpg,0
image_02633.jpg,0
image_02634.jpg,0
image_02635.jpg,0
image_02636.jpg,0
image_02637.jpg,0
image_02638.jpg,0
image_02639.jpg,0
image_02640.jpg,0
image_02641.jpg,0
image_02642.jpg,0
image_02643.jpg,0
image_02644.jpg,0
image_02645.jpg,0
image_02646.jpg,0
image_02647.jpg,0
image_02648.jpg,0
image_02649.jpg,0
image_02650.jpg,0
image_02651.jpg,0
image_02652.jpg,0
image_02653.jpg,0
image_02654.jpg,0
image_02655.jpg,0
image_02656.jpg,0
image_02657.jpg,0
image_02658.jpg,0
image_02659.jpg,0
image_02660.jpg,0
image_02661.jpg,0
image_02662.jpg,0
image_02663.jpg,0
image_02664.jpg,0
image_02665.jpg,0
image_02666.jpg,0
image_02667.jpg,0
image_02668.jpg,0
image_02669.jpg,0
image_02670.jpg,0
image_02671.jpg,0
image_02672.jpg,0
image_02673.jpg,0
image_02674.jpg,0
image_02675.jpg,0
image_02676.jpg,0
image_02677.jpg,0
image_02678.jpg,0
image_02679.jpg,0
image_02680.jpg,0
image_02681.jpg,0
image_02682.jpg,0
image_02683.jpg,0
image_02684.jpg,0
image_02685.jpg,0
image_02686.jpg,0
image_02687.jpg,0
image_02688.jpg,0
image_02689.jpg,0
image_02690.jpg,0
image_02691.jpg,0
image_02692.jpg,0
image_02693.jpg,0
image_02694.jpg,0
image_02695.jpg,0
image_02696.jpg,0
image_02697.jpg,0
image_02698.jpg,0
image_02699.jpg,0
image_02700.jpg,0
image_02701.jpg,0
image_02702.jpg,0
image_02703.jpg,0
image_02704.jpg,0
image_02705.jpg,0
image_02706.jpg,0
image_02707.jpg,0
image_02708.jpg,0
image_02709.jpg,0
image_02710.jpg,0
image_02711.jpg,0
image_02712.jpg,0
image_02713.jpg,0
image_02714.jpg,0
image_02715.jpg,0
image_02716.jpg,0
image_02717.jpg,0
image_02718.jpg,0
image_02719.jpg,0
image_02720.jpg,0
image_02721.jpg,0
image_02722.jpg,0
image_02723.jpg,0
image_02724.jpg,0
image_02725.jpg,0
image_02726.jpg,0
image_02727.jpg,0
image_02728.jpg,0
image_02729.jpg,0
image_02730.jpg,0
image_02731.jpg,0
image_02732.jpg,0
image_02733.jpg,0
image_02734.jpg,0
image_02735.jpg,0
image_02736.jpg,0
image_02737.jpg,0
image_02738.jpg,0
image_02739.jpg,0
image_02740.jpg,0
image_02741.jpg,0
image_02742.jpg,0
image_02743.jpg,0
image_02744.jpg,0
image_02745.jpg,0
image_02746.jpg,0
image_02747.jpg,0
image_02748.jpg,0
image_02749.jpg,0
image_02750.jpg,0
image_02751.jpg,0
image_02752.jpg,0
image_02753.jpg,0
image_02754.jpg,0
image_02755.jpg,0
image_02756.jpg,0
image_02757.jpg,0
image_02758.jpg,0
image_02759.jpg,0
image_02760.jpg,0
image_02761.jpg,0
image_02762.jpg,0
image_02763.jpg,0
image_02764.jpg,0
image_02765.jpg,0
image_02766.jpg,0
image_02767.jpg,0
image_02768.jpg,0
image_02769.jpg,0
image_02770.jpg,0
image_02771.jpg,0
image_02772.jpg,0
image_02773.jpg,0
image_02774.jpg,0
image_02775.jpg,0
image_02776.jpg,0
image_02777.jpg,0
image_02778.jpg,0
image_02779.jpg,0
image_02780.jpg,0
image_02781.jpg,0
image_02782.jpg,0
image_02783.jpg,0
image_02784.jpg,0
image_02785.jpg,0
image_02786.jpg,0
image_02787.jpg,0
image_02788.jpg,0
image_02789.jpg,0
image_02790.jpg,0
image_02791.jpg,0
image_02792.jpg,0
image_02793.jpg,0
image_02794.jpg,0
image_02795.jpg,0
image_02796.jpg,0
image_02797.jpg,0
image_02798.jpg,0
image_02799.jpg,0
image_02800.jpg,0
image_02801.jpg,0
image_02802.jpg,0
image_02803.jpg,0
image_02804.jpg,0
image_02805.jpg,0
image_02806.jpg,0
image_02807.jpg,0
image_02808.jpg,0
image_02809.jpg,0
image_02810.jpg,0
image_02811.jpg,0
image_02812.jpg,0
image_02813.jpg,0
image_02814.jpg,0
image_02815.jpg,0
image_02816.jpg,0
image_02817.jpg,0
image_02818.jpg,0
image_02819.jpg,0
image_02820.jpg,0
image_02821.jpg,0
image_02822.jpg,0
image_02823.jpg,0
image_02824.jpg,0
image_02825.jpg,0
image_02826.jpg,0
image_02827.jpg,0
image_02828.jpg,0
image_02829.jpg,0
image_02830.jpg,0
image_02831.jpg,0
image_02832.jpg,0
image_02833.jpg,0
image_02834.jpg,0
image_02835.jpg,0
image_02836.jpg,0
image_02837.jpg,0
image_02838.jpg,0
image_02839.jpg,0
image_02840.jpg,0
image_02841.jpg,0
image_02842.jpg,0
image_02843.jpg,0
image_02844.jpg,0
image_02845.jpg,0
image_02846.jpg,0
image_02847.jpg,0
image_02848.jpg,0
image_02849.jpg,0
image_02850.jpg,0
image_02851.jpg,0
image_02852.jpg,0
image_02853.jpg,0
image_02854.jpg,0
image_02855.jpg,0
image_02856.jpg,0
image_02857.jpg,0
image_02858.jpg,0
image_02859.jpg,0
image_02860.jpg,0
image_02861.jpg,0
image_02862.jpg,0
image_02863.jpg,0
image_02864.jpg,0
image_02865.jpg,0
image_02866.jpg,0
image_02867.jpg,0
image_02868.jpg,0
image_02869.jpg,0
image_02870.jpg,0
image_02871.jpg,0
image_02872.jpg,0
image_02873.jpg,0
image_02874.jpg,0
image_02875.jpg,0
image_02876.jpg,0
image_02877.jpg,0
image_02878.jpg,0
image_02879.jpg,0
image_02880.jpg,0
image_02881.jpg,0
image_02882.jpg,0
image_02883.jpg,0
image_02884.jpg,0
image_02885.jpg,0
image_02886.jpg,0
image_02887.jpg,0
image_02888.jpg,0
image_02889.jpg,0
image_02890.jpg,0
image_02891.jpg,0
image_02892.jpg,0
image_02893.jpg,0
image_02894.jpg,0
image_02895.jpg,0
image_02896.jpg,0
image_02897.jpg,0
image_02898.jpg,0
image_02899.jpg,0
image_02900.jpg,0
image_02901.jpg,0
image_02902.jpg,0
image_02903.jpg,0
image_02904.jpg,0
image_02905.jpg,0
image_02906.jpg,0
image_02907.jpg,0
image_02908.jpg,0
image_02909.jpg,0
image_02910.jpg,0
image_02911.jpg,0
image_02912.jpg,0
image_02913.jpg,0
image_02914.jpg,0
image_02915.jpg,0
image_02916.jpg,0
image_02917.jpg,0
image_02918.jpg,0
image_02919.jpg,0
image_02920.jpg,0
image_02921.jpg,0
image_02922.jpg,0
image_02923.jpg,0
image_02924.jpg,0
image_02925.jpg,0
image_02926.jpg,0
image_02927.jpg,0
image_02928.jpg,0
image_02929.jpg,0
image_02930.jpg,0
image_02931.jpg,0
image_02932.jpg,0
image_02933.jpg,0
image_02934.jpg,0
image_02935.jpg,0
image_02936.jpg,0
image_02937.jpg,0
image_02938.jpg,0
image_02939.jpg,0
image_02940.jpg,0
image_02941.jpg,0
image_02942.jpg,0
image_02943.jpg,0
image_02944.jpg,0
image_02945.jpg,0
image_02946.jpg,0
image_02947.jpg,0
image_02948.jpg,0
image_02949.jpg,0
image_02950.jpg,0
image_02951.jpg,0
image_02952.jpg,0
image_02953.jpg,0
image_02954.jpg,0
image_02955.jpg,0
image_02956.jpg,0
image_02957.jpg,0
image_02958.jpg,0
image_02959.jpg,0
image_02960.jpg,0
image_02961.jpg,0
image_02962.jpg,0
image_02963.jpg,0
image_02964.jpg,0
image_02965.jpg,0
image_02966.jpg,0
image_02967.jpg,0
image_02968.jpg,0
image_02969.jpg,0
image_02970.jpg,0
image_02971.jpg,0
image_02972.jpg,0
image_02973.jpg,0
image_02974.jpg,0
image_02975.jpg,0
image_02976.jpg,0
image_02977.jpg,0
image_02978.jpg,0
image_02979.jpg,0
image_02980.jpg,0
image_02981.jpg,0
image_02982.jpg,0
image_02983.jpg,0
image_02984.jpg,0
image_02985.jpg,0
image_02986.jpg,0
image_02987.jpg,0
image_02988.jpg,0
image_02989.jpg,0
image_02990.jpg,0
image_02991.jpg,0
image_02992.jpg,0
image_02993.jpg,0
image_02994.jpg,0
image_02995.jpg,0
image_02996.jpg,0
image_02997.jpg,0
image_02998.jpg,0
image_02999.jpg,0
image_03000.jpg,0
image_03001.jpg,0
image_03002.jpg,0
image_03003.jpg,0
image_03004.jpg,0
image_03005.jpg,0
image_03006.jpg,0
image_03007.jpg,0
image_03008.jpg,0
image_03009.jpg,0
image_03010.jpg,0
image_03011.jpg,0
image_03012.jpg,0
image_03013.jpg,0
image_03014.jpg,0
image_03015.jpg,0
image_03016.jpg,0
image_03017.jpg,0
image_03018.jpg,0
image_03019.jpg,0
image_03020.jpg,0
image_03021.jpg,0
image_03022.jpg,0
image_03023.jpg,0
image_03024.jpg,0
image_03025.jpg,0
image_03026.jpg,0
image_03027.jpg,0
image_03028.jpg,0
image_03029.jpg,0
image_03030.jpg,0
image_03031.jpg,0
image_03032.jpg,0
image_03033.jpg,0
image_03034.jpg,0
image_03035.jpg,0
image_03036.jpg,0
image_03037.jpg,0
image_03038.jpg,0
image_03039.jpg,0
image_03040.jpg,0
image_03041.jpg,0
image_03042.jpg,0
image_03043.jpg,0
image_03044.jpg,0
image_03045.jpg,0
image_03046.jpg,0
image_03047.jpg,0
image_03048.jpg,0
image_03049.jpg,0
image_03050.jpg,0
image_03051.jpg,0
image_03052.jpg,0
image_03053.jpg,0
image_03054.jpg,0
image_03055.jpg,0
image_03056.jpg,0
image_03057.jpg,0
image_03058.jpg,0
image_03059.jpg,0
image_03060.jpg,0
image_03061.jpg,0
image_03062.jpg,0
image_03063.jpg,0
image_03064.jpg,0
image_03065.jpg,0
image_03066.jpg,0
image_03067.jpg,0
image_03068.jpg,0
image_03069.jpg,0
image_03070.jpg,0
image_03071.jpg,0
image_03072.jpg,0
image_03073.jpg,0
image_03074.jpg,0
image_03075.jpg,0
image_03076.jpg,0
image_03077.jpg,0
image_03078.jpg,0
image_03079.jpg,0
image_03080.jpg,0
image_03081.jpg,0
image_03082.jpg,0
image_03083.jpg,0
image_03084.jpg,0
image_03085.jpg,0
image_03086.jpg,0
image_03087.jpg,0
image_03088.jpg,0
image_03089.jpg,0
image_03090.jpg,0
image_03091.jpg,0
image_03092.jpg,0
image_03093.jpg,0
image_03094.jpg,0
image_03095.jpg,0
image_03096.jpg,0
image_03097.jpg,0
image_03098.jpg,0
image_03099.jpg,0
image_03100.jpg,0
image_03101.jpg,0
image_03102.jpg,0
image_03103.jpg,0
image_03104.jpg,0
image_03105.jpg,0
image_03106.jpg,0
image_03107.jpg,0
image_03108.jpg,0
image_03109.jpg,0
image_03110.jpg,0
image_03111.jpg,0
image_03112.jpg,0
image_03113.jpg,0
image_03114.jpg,0
image_03115.jpg,0
image_03116.jpg,0
image_03117.jpg,0
image_03118.jpg,0
image_03119.jpg,0
image_03120.jpg,0
image_03121.jpg,0
image_03122.jpg,0
image_03123.jpg,0
image_03124.jpg,0
image_03125.jpg,0
image_03126.jpg,0
image_03127.jpg,0
image_03128.jpg,0
image_03129.jpg,0
image_03130.jpg,0
image_03131.jpg,0
image_03132.jpg,0
image_03133.jpg,0
image_03134.jpg,0
image_03135.jpg,0
image_03136.jpg,0
image_03137.jpg,0
image_03138.jpg,0
image_03139.jpg,0
image_03140.jpg,0
image_03141.jpg,0
image_03142.jpg,0
image_03143.jpg,0
image_03144.jpg,0
image_03145.jpg,0
image_03146.jpg,0
image_03147.jpg,0
image_03148.jpg,0
image_03149.jpg,0
image_03150.jpg,0
image_03151.jpg,0
image_03152.jpg,0
image_03153.jpg,0
image_03154.jpg,0
image_03155.jpg,0
image_03156.jpg,0
image_03157.jpg,0
image_03158.jpg,0
image_03159.jpg,0
image_03160.jpg,0
image_03161.jpg,0
image_03162.jpg,0
image_03163.jpg,0
image_03164.jpg,0
image_03165.jpg,0
image_03166.jpg,0
image_03167.jpg,0
image_03168.jpg,0
image_03169.jpg,0
image_03170.jpg,0
image_03171.jpg,0
image_03172.jpg,0
image_03173.jpg,0
image_03174.jpg,0
image_03175.jpg,0
image_03176.jpg,0
image_03177.jpg,0
image_03178.jpg,0
image_03179.jpg,0
image_03180.jpg,0
image_03181.jpg,0
image_03182.jpg,0
image_03183.jpg,0
image_03184.jpg,0
image_03185.jpg,0
image_03186.jpg,0
image_03187.jpg,0
image_03188.jpg,0
image_03189.jpg,0
image_03190.jpg,0
image_03191.jpg,0
image_03192.jpg,0
image_03193.jpg,0
image_03194.jpg,0
image_03195.jpg,0
image_03196.jpg,0
image_03197.jpg,0
image_03198.jpg,0
image_03199.jpg,0
image_03200.jpg,0
image_03201.jpg,0
image_03202.jpg,0
image_03203.jpg,0
image_03204.jpg,0
image_03205.jpg,0
image_03206.jpg,0
image_03207.jpg,0
image_03208.jpg,0
image_03209.jpg,0
image_03210.jpg,0
image_03211.jpg,0
image_03212.jpg,0
image_03213.jpg,0
image_03214.jpg,0
image_03215.jpg,0
image_03216.jpg,0
image_03217.jpg,0
image_03218.jpg,0
image_03219.jpg,0
image_03220.jpg,0
image_03221.jpg,0
image_03222.jpg,0
image_03223.jpg,0
image_03224.jpg,0
image_03225.jpg,0
image_03226.jpg,0
image_03227.jpg,0
image_03228.jpg,0
image_03229.jpg,0
image_03230.jpg,0
image_03231.jpg,0
image_03232.jpg,0
image_03233.jpg,0
image_03234.jpg,0
image_03235.jpg,0
image_03236.jpg,0
image_03237.jpg,0
image_03238.jpg,0
image_03239.jpg,0
image_03240.jpg,0
image_03241.jpg,0
image_03242.jpg,0
image_03243.jpg,0
image_03244.jpg,0
image_03245.jpg,0
image_03246.jpg,0
image_03247.jpg,0
image_03248.jpg,0
image_03249.jpg,0
image_03250.jpg,0
image_03251.jpg,0
image_03252.jpg,0
image_03253.jpg,0
image_03254.jpg,0
image_03255.jpg,0
image_03256.jpg,0
image_03257.jpg,0
image_03258.jpg,0
image_03259.jpg,0
image_03260.jpg,0
image_03261.jpg,0
image_03262.jpg,0
image_03263.jpg,0
image_03264.jpg,0
image_03265.jpg,0
image_03266.jpg,0
image_03267.jpg,0
image_03268.jpg,0
image_03269.jpg,0
image_03270.jpg,0
image_03271.jpg,0
image_03272.jpg,0
image_03273.jpg,0
image_03274.jpg,0
image_03275.jpg,0
image_03276.jpg,0
image_03277.jpg,0
image_03278.jpg,0
image_03279.jpg,0
image_03280.jpg,0
image_03281.jpg,0
image_03282.jpg,0
image_03283.jpg,0
image_03284.jpg,0
image_03285.jpg,0
image_03286.jpg,0
image_03287.jpg,0
image_03288.jpg,0
image_03289.jpg,0
image_03290.jpg,0
image_03291.jpg,0
image_03292.jpg,0
image_03293.jpg,0
image_03294.jpg,0
image_03295.jpg,0
image_03296.jpg,0
image_03297.jpg,0
image_03298.jpg,0
image_03299.jpg,0
image_03300.jpg,0
image_03301.jpg,0
image_03302.jpg,0
image_03303.jpg,0
image_03304.jpg,0
image_03305.jpg,0
image_03306.jpg,0
image_03307.jpg,0
image_03308.jpg,0
image_03309.jpg,0
image_03310.jpg,0
image_03311.jpg,0
image_03312.jpg,0
image_03313.jpg,0
image_03314.jpg,0
image_03315.jpg,0
image_03316.jpg,0
image_03317.jpg,0
image_03318.jpg,0
image_03319.jpg,0
image_03320.jpg,0
image_03321.jpg,0
image_03322.jpg,0
image_03323.jpg,0
image_03324.jpg,0
image_03325.jpg,0
image_03326.jpg,0
image_03327.jpg,0
image_03328.jpg,0
image_03329.jpg,0
image_03330.jpg,0
image_03331.jpg,0
image_03332.jpg,0
image_03333.jpg,0
image_03334.jpg,0
image_03335.jpg,0
image_03336.jpg,0
image_03337.jpg,0
image_03338.jpg,0
image_03339.jpg,0
image_03340.jpg,0
image_03341.jpg,0
image_03342.jpg,0
image_03343.jpg,0
image_03344.jpg,0
image_03345.jpg,0
image_03346.jpg,0
image_03347.jpg,0
image_03348.jpg,0
image_03349.jpg,0
image_03350.jpg,0
image_03351.jpg,0
image_03352.jpg,0
image_03353.jpg,0
image_03354.jpg,0
image_03355.jpg,0
image_03356.jpg,0
image_03357.jpg,0
image_03358.jpg,0
image_03359.jpg,0
image_03360.jpg,0
image_03361.jpg,0
image_03362.jpg,0
image_03363.jpg,0
image_03364.jpg,0
image_03365.jpg,0
image_03366.jpg,0
image_03367.jpg,0
image_03368.jpg,0
image_03369.jpg,0
image_03370.jpg,0
image_03371.jpg,0
image_03372.jpg,0
image_03373.jpg,0
image_03374.jpg,0
image_03375.jpg,0
image_03376.jpg,0
image_03377.jpg,0
image_03378.jpg,0
image_03379.jpg,0
image_03380.jpg,0
image_03381.jpg,0
image_03382.jpg,0
image_03383.jpg,0
image_03384.jpg,0
image_03385.jpg,0
image_03386.jpg,0
image_03387.jpg,0
image_03388.jpg,0
image_03389.jpg,0
image_03390.jpg,0
image_03391.jpg,0
image_03392.jpg,0
image_03393.jpg,0
image_03394.jpg,0
image_03395.jpg,0
image_03396.jpg,0
image_03397.jpg,0
image_03398.jpg,0
image_03399.jpg,0
image_03400.jpg,0
image_03401.jpg,0
image_03402.jpg,0
image_03403.jpg,0
image_03404.jpg,0
image_03405.jpg,0
image_03406.jpg,0
image_03407.jpg,0
image_03408.jpg,0
image_03409.jpg,0
image_03410.jpg,0
image_03411.jpg,0
image_03412.jpg,0
image_03413.jpg,0
image_03414.jpg,0
image_03415.jpg,0
image_03416.jpg,0
image_03417.jpg,0
image_03418.jpg,0
image_03419.jpg,0
image_03420.jpg,0
image_03421.jpg,0
image_03422.jpg,0
image_03423.jpg,0
image_03424.jpg,0
image_03425.jpg,0
image_03426.jpg,0
image_03427.jpg,0
image_03428.jpg,0
image_03429.jpg,0
image_03430.jpg,0
image_03431.jpg,0
image_03432.jpg,0
image_03433.jpg,0
image_03434.jpg,0
image_03435.jpg,0
image_03436.jpg,0
image_03437.jpg,0
image_03438.jpg,0
image_03439.jpg,0
image_03440.jpg,0
image_03441.jpg,0
image_03442.jpg,0
image_03443.jpg,0
image_03444.jpg,0
image_03445.jpg,0
image_03446.jpg,0
image_03447.jpg,0
image_03448.jpg,0
image_03449.jpg,0
image_03450.jpg,0
image_03451.jpg,0
image_03452.jpg,0
image_03453.jpg,0
image_03454.jpg,0
image_03455.jpg,0
image_03456.jpg,0
image_03457.jpg,0
image_03458.jpg,0
image_03459.jpg,0
image_03460.jpg,0
image_03461.jpg,0
image_03462.jpg,0
image_03463.jpg,0
image_03464.jpg,0
image_03465.jpg,0
image_03466.jpg,0
image_03467.jpg,0
image_03468.jpg,0
image_03469.jpg,0
image_03470.jpg,0
image_03471.jpg,0
image_03472.jpg,0
image_03473.jpg,0
image_03474.jpg,0
image_03475.jpg,0
image_03476.jpg,0
image_03477.jpg,0
image_03478.jpg,0
image_03479.jpg,0
image_03480.jpg,0
image_03481.jpg,0
image_03482.jpg,0
image_03483.jpg,0
image_03484.jpg,0
image_03485.jpg,0
image_03486.jpg,0
image_03487.jpg,0
image_03488.jpg,0
image_03489.jpg,0
image_03490.jpg,0
image_03491.jpg,0
image_03492.jpg,0
image_03493.jpg,0
image_03494.jpg,0
image_03495.jpg,0
image_03496.jpg,0
image_03497.jpg,0
image_03498.jpg,0
image_03499.jpg,0
image_03500.jpg,0
image_03501.jpg,0
image_03502.jpg,0
image_03503.jpg,0
image_03504.jpg,0
image_03505.jpg,0
image_03506.jpg,0
image_03507.jpg,0
image_03508.jpg,0
image_03509.jpg,0
image_03510.jpg,0
image_03511.jpg,0
image_03512.jpg,0
image_03513.jpg,0
image_03514.jpg,0
image_03515.jpg,0
image_03516.jpg,0
image_03517.jpg,0
image_03518.jpg,0
image_03519.jpg,0
image_03520.jpg,0
image_03521.jpg,0
image_03522.jpg,0
image_03523.jpg,0
image_03524.jpg,0
image_03525.jpg,0
image_03526.jpg,0
image_03527.jpg,0
image_03528.jpg,0
image_03529.jpg,0
image_03530.jpg,0
image_03531.jpg,0
image_03532.jpg,0
image_03533.jpg,0
image_03534.jpg,0
image_03535.jpg,0
image_03536.jpg,0
image_03537.jpg,0
image_03538.jpg,0
image_03539.jpg,0
image_03540.jpg,0
image_03541.jpg,0
image_03542.jpg,0
image_03543.jpg,0
image_03544.jpg,0
image_03545.jpg,0
image_03546.jpg,0
image_03547.jpg,0
image_03548.jpg,0
image_03549.jpg,0
image_03550.jpg,0
image_03551.jpg,0
image_03552.jpg,0
image_03553.jpg,0
image_03554.jpg,0
image_03555.jpg,0
image_03556.jpg,0
image_03557.jpg,0
image_03558.jpg,0
image_03559.jpg,0
image_03560.jpg,0
image_03561.jpg,0
image_03562.jpg,0
image_03563.jpg,0
image_03564.jpg,0
image_03565.jpg,0
image_03566.jpg,0
image_03567.jpg,0
image_03568.jpg,0
image_03569.jpg,0
image_03570.jpg,0
image_03571.jpg,0
image_03572.jpg,0
image_03573.jpg,0
image_03574.jpg,0
image_03575.jpg,0
image_03576.jpg,0
image_03577.jpg,0
image_03578.jpg,0
image_03579.jpg,0
image_03580.jpg,0
image_03581.jpg,0
image_03582.jpg,0
image_03583.jpg,0
image_03584.jpg,0
image_03585.jpg,0
image_03586.jpg,0
image_03587.jpg,0
image_03588.jpg,0
image_03589.jpg,0
image_03590.jpg,0
image_03591.jpg,0
image_03592.jpg,0
image_03593.jpg,0
image_03594.jpg,0
image_03595.jpg,0
image_03596.jpg,0
image_03597.jpg,0
image_03598.jpg,0
image_03599.jpg,0
image_03600.jpg,0
image_03601.jpg,0
image_03602.jpg,0
image_03603.jpg,0
image_03604.jpg,0
image_03605.jpg,0
image_03606.jpg,0
image_03607.jpg,0
image_03608.jpg,0
image_03609.jpg,0
image_03610.jpg,0
image_03611.jpg,0
image_03612.jpg,0
image_03613.jpg,0
image_03614.jpg,0
image_03615.jpg,0
image_03616.jpg,0
image_03617.jpg,0
image_03618.jpg,0
image_03619.jpg,0
image_03620.jpg,0
image_03621.jpg,0
image_03622.jpg,0
image_03623.jpg,0
image_03624.jpg,0
image_03625.jpg,0
image_03626.jpg,0
image_03627.jpg,0
image_03628.jpg,0
image_03629.jpg,0
image_03630.jpg,0
image_03631.jpg,0
image_03632.jpg,0
image_03633.jpg,0
image_03634.jpg,0
image_03635.jpg,0
image_03636.jpg,0
image_03637.jpg,0
image_03638.jpg,0
image_03639.jpg,0
image_03640.jpg,0
image_03641.jpg,0
image_03642.jpg,0
image_03643.jpg,0
image_03644.jpg,0
image_03645.jpg,0
image_03646.jpg,0
image_03647.jpg,0
image_03648.jpg,0
image_03649.jpg,0
image_03650.jpg,0
image_03651.jpg,0
image_03652.jpg,0
image_03653.jpg,0
image_03654.jpg,0
image_03655.jpg,0
image_03656.jpg,0
image_03657.jpg,0
image_03658.jpg,0
image_03659.jpg,0
image_03660.jpg,0
image_03661.jpg,0
image_03662.jpg,0
image_03663.jpg,0
image_03664.jpg,0
image_03665.jpg,0
image_03666.jpg,0
image_03667.jpg,0
image_03668.jpg,0
image_03669.jpg,0
image_03670.jpg,0
image_03671.jpg,0
image_03672.jpg,0
image_03673.jpg,0
image_03674.jpg,0
image_03675.jpg,0
image_03676.jpg,0
image_03677.jpg,0
image_03678.jpg,0
image_03679.jpg,0
image_03680.jpg,0
image_03681.jpg,0
image_03682.jpg,0
image_03683.jpg,0
image_03684.jpg,0
image_03685.jpg,0
image_03686.jpg,0
image_03687.jpg,0
image_03688.jpg,0
image_03689.jpg,0
image_03690.jpg,0
image_03691.jpg,0
image_03692.jpg,0
image_03693.jpg,0
image_03694.jpg,0
image_03695.jpg,0
image_03696.jpg,0
image_03697.jpg,0
image_03698.jpg,0
image_03699.jpg,0
image_03700.jpg,0
image_03701.jpg,0
image_03702.jpg,0
image_03703.jpg,0
image_03704.jpg,0
image_03705.jpg,0
image_03706.jpg,0
image_03707.jpg,0
image_03708.jpg,0
image_03709.jpg,0
image_03710.jpg,0
image_03711.jpg,0
image_03712.jpg,0
image_03713.jpg,0
image_03714.jpg,0
image_03715.jpg,0
image_03716.jpg,0
image_03717.jpg,0
image_03718.jpg,0
image_03719.jpg,0
image_03720.jpg,0
image_03721.jpg,0
image_03722.jpg,0
image_03723.jpg,0
image_03724.jpg,0
image_03725.jpg,0
image_03726.jpg,0
image_03727.jpg,0
image_03728.jpg,0
image_03729.jpg,0
image_03730.jpg,0
image_03731.jpg,0
image_03732.jpg,0
image_03733.jpg,0
image_03734.jpg,0
image_03735.jpg,0
image_03736.jpg,0
image_03737.jpg,0
image_03738.jpg,0
image_03739.jpg,0
image_03740.jpg,0
image_03741.jpg,0
image_03742.jpg,0
image_03743.jpg,0
image_03744.jpg,0
image_03745.jpg,0
image_03746.jpg,0
image_03747.jpg,0
image_03748.jpg,0
image_03749.jpg,0
image_03750.jpg,0
image_03751.jpg,0
image_03752.jpg,0
image_03753.jpg,0
image_03754.jpg,0
image_03755.jpg,0
image_03756.jpg,0
image_03757.jpg,0
image_03758.jpg,0
image_03759.jpg,0
image_03760.jpg,0
image_03761.jpg,0
image_03762.jpg,0
image_03763.jpg,0
image_03764.jpg,0
image_03765.jpg,0
image_03766.jpg,0
image_03767.jpg,0
image_03768.jpg,0
image_03769.jpg,0
image_03770.jpg,0
image_03771.jpg,0
image_03772.jpg,0
image_03773.jpg,0
image_03774.jpg,0
image_03775.jpg,0
image_03776.jpg,0
image_03777.jpg,0
image_03778.jpg,0
image_03779.jpg,0
image_03780.jpg,0
image_03781.jpg,0
image_03782.jpg,0
image_03783.jpg,0
image_03784.jpg,0
image_03785.jpg,0
image_03786.jpg,0
image_03787.jpg,0
image_03788.jpg,0
image_03789.jpg,0
image_03790.jpg,0
image_03791.jpg,0
image_03792.jpg,0
image_03793.jpg,0
image_03794.jpg,0
image_03795.jpg,0
image_03796.jpg,0
image_03797.jpg,0
image_03798.jpg,0
image_03799.jpg,0
image_03800.jpg,0
image_03801.jpg,0
image_03802.jpg,0
image_03803.jpg,0
image_03804.jpg,0
image_03805.jpg,0
image_03806.jpg,0
image_03807.jpg,0
image_03808.jpg,0
image_03809.jpg,0
image_03810.jpg,0
image_03811.jpg,0
image_03812.jpg,0
image_03813.jpg,0
image_03814.jpg,0
image_03815.jpg,0
image_03816.jpg,0
image_03817.jpg,0
image_03818.jpg,0
image_03819.jpg,0
image_03820.jpg,0
image_03821.jpg,0
image_03822.jpg,0
image_03823.jpg,0
image_03824.jpg,0
image_03825.jpg,0
image_03826.jpg,0
image_03827.jpg,0
image_03828.jpg,0
image_03829.jpg,0
image_03830.jpg,0
image_03831.jpg,0
image_03832.jpg,0
image_03833.jpg,0
image_03834.jpg,0
image_03835.jpg,0
image_03836.jpg,0
image_03837.jpg,0
image_03838.jpg,0
image_03839.jpg,0
image_03840.jpg,0
image_03841.jpg,0
image_03842.jpg,0
image_03843.jpg,0
image_03844.jpg,0
image_03845.jpg,0
image_03846.jpg,0
image_03847.jpg,0
image_03848.jpg,0
image_03849.jpg,0
image_03850.jpg,0
image_03851.jpg,0
image_03852.jpg,0
image_03853.jpg,0
image_03854.jpg,0
image_03855.jpg,0
image_03856.jpg,0
image_03857.jpg,0
image_03858.jpg,0
image_03859.jpg,0
image_03860.jpg,0
image_03861.jpg,0
image_03862.jpg,0
image_03863.jpg,0
image_03864.jpg,0
image_03865.jpg,0
image_03866.jpg,0
image_03867.jpg,0
image_03868.jpg,0
image_03869.jpg,0
image_03870.jpg,0
image_03871.jpg,0
image_03872.jpg,0
image_03873.jpg,0
image_03874.jpg,0
image_03875.jpg,0
image_03876.jpg,0
image_03877.jpg,0
image_03878.jpg,0
image_03879.jpg,0
image_03880.jpg,0
image_03881.jpg,0
image_03882.jpg,0
image_03883.jpg,0
image_03884.jpg,0
image_03885.jpg,0
image_03886.jpg,0
image_03887.jpg,0
image_03888.jpg,0
image_03889.jpg,0
image_03890.jpg,0
image_03891.jpg,0
image_03892.jpg,0
image_03893.jpg,0
image_03894.jpg,0
image_03895.jpg,0
image_03896.jpg,0
image_03897.jpg,0
image_03898.jpg,0
image_03899.jpg,0
image_03900.jpg,0
image_03901.jpg,0
image_03902.jpg,0
image_03903.jpg,0
image_03904.jpg,0
image_03905.jpg,0
image_03906.jpg,0
image_03907.jpg,0
image_03908.jpg,0
image_03909.jpg,0
image_03910.jpg,0
image_03911.jpg,0
image_03912.jpg,0
image_03913.jpg,0
image_03914.jpg,0
image_03915.jpg,0
image_03916.jpg,0
image_03917.jpg,0
image_03918.jpg,0
image_03919.jpg,0
image_03920.jpg,0
image_03921.jpg,0
image_03922.jpg,0
image_03923.jpg,0
image_03924.jpg,0
image_03925.jpg,0
image_03926.jpg,0
image_03927.jpg,0
image_03928.jpg,0
image_03929.jpg,0
image_03930.jpg,0
image_03931.jpg,0
image_03932.jpg,0
image_03933.jpg,0
image_03934.jpg,0
image_03935.jpg,0
image_03936.jpg,0
image_03937.jpg,0
image_03938.jpg,0
image_03939.jpg,0
image_03940.jpg,0
image_03941.jpg,0
image_03942.jpg,0
image_03943.jpg,0
image_03944.jpg,0
image_03945.jpg,0
image_03946.jpg,0
image_03947.jpg,0
image_03948.jpg,0
image_03949.jpg,0
image_03950.jpg,0
image_03951.jpg,0
image_03952.jpg,0
image_03953.jpg,0
image_03954.jpg,0
image_03955.jpg,0
image_03956.jpg,0
image_03957.jpg,0
image_03958.jpg,0
image_03959.jpg,0
image_03960.jpg,0
image_03961.jpg,0
image_03962.jpg,0
image_03963.jpg,0
image_03964.jpg,0
image_03965.jpg,0
image_03966.jpg,0
image_03967.jpg,0
image_03968.jpg,0
image_03969.jpg,0
image_03970.jpg,0
image_03971.jpg,0
image_03972.jpg,0
image_03973.jpg,0
image_03974.jpg,0
image_03975.jpg,0
image_03976.jpg,0
image_03977.jpg,0
image_03978.jpg,0
image_03979.jpg,0
image_03980.jpg,0
image_03981.jpg,0
image_03982.jpg,0
image_03983.jpg,0
image_03984.jpg,0
image_03985.jpg,0
image_03986.jpg,0
image_03987.jpg,0
image_03988.jpg,0
image_03989.jpg,0
image_03990.jpg,0
image_03991.jpg,0
image_03992.jpg,0
image_03993.jpg,0
image_03994.jpg,0
image_03995.jpg,0
image_03996.jpg,0
image_03997.jpg,0
image_03998.jpg,0
image_03999.jpg,0
image_04000.jpg,0
image_04001.jpg,0
image_04002.jpg,0
image_04003.jpg,0
image_04004.jpg,0
image_04005.jpg,0
image_04006.jpg,0
image_04007.jpg,0
image_04008.jpg,0
image_04009.jpg,0
image_04010.jpg,0
image_04011.jpg,0
image_04012.jpg,0
image_04013.jpg,0
image_04014.jpg,0
image_04015.jpg,0
image_04016.jpg,0
image_04017.jpg,0
image_04018.jpg,0
image_04019.jpg,0
image_04020.jpg,0
image_04021.jpg,0
image_04022.jpg,0
image_04023.jpg,0
image_04024.jpg,0
image_04025.jpg,0
image_04026.jpg,0
image_04027.jpg,0
image_04028.jpg,0
image_04029.jpg,0
image_04030.jpg,0
image_04031.jpg,0
image_04032.jpg,0
image_04033.jpg,0
image_04034.jpg,0
image_04035.jpg,0
image_04036.jpg,0
image_04037.jpg,0
image_04038.jpg,0
image_04039.jpg,0
image_04040.jpg,0
image_04041.jpg,0
image_04042.jpg,0
image_04043.jpg,0
image_04044.jpg,0
image_04045.jpg,0
image_04046.jpg,0
image_04047.jpg,0
image_04048.jpg,0
image_04049.jpg,0
image_04050.jpg,0
image_04051.jpg,0
image_04052.jpg,0
image_04053.jpg,0
image_04054.jpg,0
image_04055.jpg,0
image_04056.jpg,0
image_04057.jpg,0
image_04058.jpg,0
image_04059.jpg,0
image_04060.jpg,0
image_04061.jpg,0
image_04062.jpg,0
image_04063.jpg,0
image_04064.jpg,0
image_04065.jpg,0
image_04066.jpg,0
image_04067.jpg,0
image_04068.jpg,0
image_04069.jpg,0
image_04070.jpg,0
image_04071.jpg,0
image_04072.jpg,0
image_04073.jpg,0
image_04074.jpg,0
image_04075.jpg,0
image_04076.jpg,0
image_04077.jpg,0
image_04078.jpg,0
image_04079.jpg,0
image_04080.jpg,0
image_04081.jpg,0
image_04082.jpg,0
image_04083.jpg,0
image_04084.jpg,0
image_04085.jpg,0
image_04086.jpg,0
image_04087.jpg,0
image_04088.jpg,0
image_04089.jpg,0
image_04090.jpg,0
image_04091.jpg,0
image_04092.jpg,0
image_04093.jpg,0
image_04094.jpg,0
image_04095.jpg,0
image_04096.jpg,0
image_04097.jpg,0
image_04098.jpg,0
image_04099.jpg,0
image_04100.jpg,0
image_04101.jpg,0
image_04102.jpg,0
image_04103.jpg,0
image_04104.jpg,0
image_04105.jpg,0
image_04106.jpg,0
image_04107.jpg,0
image_04108.jpg,0
image_04109.jpg,0
image_04110.jpg,0
image_04111.jpg,0
image_04112.jpg,0
image_04113.jpg,0
image_04114.jpg,0
image_04115.jpg,0
image_04116.jpg,0
image_04117.jpg,0
image_04118.jpg,0
image_04119.jpg,0
image_04120.jpg,0
image_04121.jpg,0
image_04122.jpg,0
image_04123.jpg,0
image_04124.jpg,0
image_04125.jpg,0
image_04126.jpg,0
image_04127.jpg,0
image_04128.jpg,0
image_04129.jpg,0
image_04130.jpg,0
image_04131.jpg,0
image_04132.jpg,0
image_04133.jpg,0
image_04134.jpg,0
image_04135.jpg,0
image_04136.jpg,0
image_04137.jpg,0
image_04138.jpg,0
image_04139.jpg,0
image_04140.jpg,0
image_04141.jpg,0
image_04142.jpg,0
image_04143.jpg,0
image_04144.jpg,0
image_04145.jpg,0
image_04146.jpg,0
image_04147.jpg,0
image_04148.jpg,0
image_04149.jpg,0
image_04150.jpg,0
image_04151.jpg,0
image_04152.jpg,0
image_04153.jpg,0
image_04154.jpg,0
image_04155.jpg,0
image_04156.jpg,0
image_04157.jpg,0
image_04158.jpg,0
image_04159.jpg,0
image_04160.jpg,0
image_04161.jpg,0
image_04162.jpg,0
image_04163.jpg,0
image_04164.jpg,0
image_04165.jpg,0
image_04166.jpg,0
image_04167.jpg,0
image_04168.jpg,0
image_04169.jpg,0
image_04170.jpg,0
image_04171.jpg,0
image_04172.jpg,0
image_04173.jpg,0
image_04174.jpg,0
image_04175.jpg,0
image_04176.jpg,0
image_04177.jpg,0
image_04178.jpg,0
image_04179.jpg,0
image_04180.jpg,0
image_04181.jpg,0
image_04182.jpg,0
image_04183.jpg,0
image_04184.jpg,0
image_04185.jpg,0
image_04186.jpg,0
image_04187.jpg,0
image_04188.jpg,0
image_04189.jpg,0
image_04190.jpg,0
image_04191.jpg,0
image_04192.jpg,0
image_04193.jpg,0
image_04194.jpg,0
image_04195.jpg,0
image_04196.jpg,0
image_04197.jpg,0
image_04198.jpg,0
image_04199.jpg,0
image_04200.jpg,0
image_04201.jpg,0
image_04202.jpg,0
image_04203.jpg,0
image_04204.jpg,0
image_04205.jpg,0
image_04206.jpg,0
image_04207.jpg,0
image_04208.jpg,0
image_04209.jpg,0
image_04210.jpg,0
image_04211.jpg,0
image_04212.jpg,0
image_04213.jpg,0
image_04214.jpg,0
image_04215.jpg,0
image_04216.jpg,0
image_04217.jpg,0
image_04218.jpg,0
image_04219.jpg,0
image_04220.jpg,0
image_04221.jpg,0
image_04222.jpg,0
image_04223.jpg,0
image_04224.jpg,0
image_04225.jpg,0
image_04226.jpg,0
image_04227.jpg,0
image_04228.jpg,0
image_04229.jpg,0
image_04230.jpg,0
image_04231.jpg,0
image_04232.jpg,0
image_04233.jpg,0
image_04234.jpg,0
image_04235.jpg,0
image_04236.jpg,0
image_04237.jpg,0
image_04238.jpg,0
image_04239.jpg,0
image_04240.jpg,0
image_04241.jpg,0
image_04242.jpg,0
image_04243.jpg,0
image_04244.jpg,0
image_04245.jpg,0
image_04246.jpg,0
image_04247.jpg,0
image_04248.jpg,0
image_04249.jpg,0
image_04250.jpg,0
image_04251.jpg,0
image_04252.jpg,0
image_04253.jpg,0
image_04254.jpg,0
image_04255.jpg,0
image_04256.jpg,0
image_04257.jpg,0
image_04258.jpg,0
image_04259.jpg,0
image_04260.jpg,0
image_04261.jpg,0
image_04262.jpg,0
image_04263.jpg,0
image_04264.jpg,0
image_04265.jpg,0
image_04266.jpg,0
image_04267.jpg,0
image_04268.jpg,0
image_04269.jpg,0
image_04270.jpg,0
image_04271.jpg,0
image_04272.jpg,0
image_04273.jpg,0
image_04274.jpg,0
image_04275.jpg,0
image_04276.jpg,0
image_04277.jpg,0
image_04278.jpg,0
image_04279.jpg,0
image_04280.jpg,0
image_04281.jpg,0
image_04282.jpg,0
image_04283.jpg,0
image_04284.jpg,0
image_04285.jpg,0
image_04286.jpg,0
image_04287.jpg,0
image_04288.jpg,0
image_04289.jpg,0
image_04290.jpg,0
image_04291.jpg,0
image_04292.jpg,0
image_04293.jpg,0
image_04294.jpg,0
image_04295.jpg,0
image_04296.jpg,0
image_04297.jpg,0
image_04298.jpg,0
image_04299.jpg,0
image_04300.jpg,0
image_04301.jpg,0
image_04302.jpg,0
image_04303.jpg,0
image_04304.jpg,0
image_04305.jpg,0
image_04306.jpg,0
image_04307.jpg,0
image_04308.jpg,0
image_04309.jpg,0
image_04310.jpg,0
image_04311.jpg,0
image_04312.jpg,0
image_04313.jpg,0
image_04314.jpg,0
image_04315.jpg,0
image_04316.jpg,0
image_04317.jpg,0
image_04318.jpg,0
image_04319.jpg,0
image_04320.jpg,0
image_04321.jpg,0
image_04322.jpg,0
image_04323.jpg,0
image_04324.jpg,0
image_04325.jpg,0
image_04326.jpg,0
image_04327.jpg,0
image_04328.jpg,0
image_04329.jpg,0
image_04330.jpg,0
image_04331.jpg,0
image_04332.jpg,0
image_04333.jpg,0
image_04334.jpg,0
image_04335.jpg,0
image_04336.jpg,0
image_04337.jpg,0
image_04338.jpg,0
image_04339.jpg,0
image_04340.jpg,0
image_04341.jpg,0
image_04342.jpg,0
image_04343.jpg,0
image_04344.jpg,0
image_04345.jpg,0
image_04346.jpg,0
image_04347.jpg,0
image_04348.jpg,0
image_04349.jpg,0
image_04350.jpg,0
image_04351.jpg,0
image_04352.jpg,0
image_04353.jpg,0
image_04354.jpg,0
image_04355.jpg,0
image_04356.jpg,0
image_04357.jpg,0
image_04358.jpg,0
image_04359.jpg,0
image_04360.jpg,0
image_04361.jpg,0
image_04362.jpg,0
image_04363.jpg,0
image_04364.jpg,0
image_04365.jpg,0
image_04366.jpg,0
image_04367.jpg,0
image_04368.jpg,0
image_04369.jpg,0
image_04370.jpg,0
image_04371.jpg,0
image_04372.jpg,0
image_04373.jpg,0
image_04374.jpg,0
image_04375.jpg,0
image_04376.jpg,0
image_04377.jpg,0
image_04378.jpg,0
image_04379.jpg,0
image_04380.jpg,0
image_04381.jpg,0
image_04382.jpg,0
image_04383.jpg,0
image_04384.jpg,0
image_04385.jpg,0
image_04386.jpg,0
image_04387.jpg,0
image_04388.jpg,0
image_04389.jpg,0
image_04390.jpg,0
image_04391.jpg,0
image_04392.jpg,0
image_04393.jpg,0
image_04394.jpg,0
image_04395.jpg,0
image_04396.jpg,0
image_04397.jpg,0
image_04398.jpg,0
image_04399.jpg,0
image_04400.jpg,0
image_04401.jpg,0
image_04402.jpg,0
image_04403.jpg,0
image_04404.jpg,0
image_04405.jpg,0
image_04406.jpg,0
image_04407.jpg,0
image_04408.jpg,0
image_04409.jpg,0
image_04410.jpg,0
image_04411.jpg,0
image_04412.jpg,0
image_04413.jpg,0
image_04414.jpg,0
image_04415.jpg,0
image_04416.jpg,0
image_04417.jpg,0
image_04418.jpg,0
image_04419.jpg,0
image_04420.jpg,0
image_04421.jpg,0
image_04422.jpg,0
image_04423.jpg,0
image_04424.jpg,0
image_04425.jpg,0
image_04426.jpg,0
image_04427.jpg,0
image_04428.jpg,0
image_04429.jpg,0
image_04430.jpg,0
image_04431.jpg,0
image_04432.jpg,0
image_04433.jpg,0
image_04434.jpg,0
image_04435.jpg,0
image_04436.jpg,0
image_04437.jpg,0
image_04438.jpg,0
image_04439.jpg,0
image_04440.jpg,0
image_04441.jpg,0
image_04442.jpg,0
image_04443.jpg,0
image_04444.jpg,0
image_04445.jpg,0
image_04446.jpg,0
image_04447.jpg,0
image_04448.jpg,0
image_04449.jpg,0
image_04450.jpg,0
image_04451.jpg,0
image_04452.jpg,0
image_04453.jpg,0
image_04454.jpg,0
image_04455.jpg,0
image_04456.jpg,0
image_04457.jpg,0
image_04458.jpg,0
image_04459.jpg,0
image_04460.jpg,0
image_04461.jpg,0
image_04462.jpg,0
image_04463.jpg,0
image_04464.jpg,0
image_04465.jpg,0
image_04466.jpg,0
image_04467.jpg,0
image_04468.jpg,0
image_04469.jpg,0
image_04470.jpg,0
image_04471.jpg,0
image_04472.jpg,0
image_04473.jpg,0
image_04474.jpg,0
image_04475.jpg,0
image_04476.jpg,0
image_04477.jpg,0
image_04478.jpg,0
image_04479.jpg,0
image_04480.jpg,0
image_04481.jpg,0
image_04482.jpg,0
image_04483.jpg,0
image_04484.jpg,0
image_04485.jpg,0
image_04486.jpg,0
image_04487.jpg,0
image_04488.jpg,0
image_04489.jpg,0
image_04490.jpg,0
image_04491.jpg,0
image_04492.jpg,0
image_04493.jpg,0
image_04494.jpg,0
image_04495.jpg,0
image_04496.jpg,0
image_04497.jpg,0
image_04498.jpg,0
image_04499.jpg,0
image_04500.jpg,0
image_04501.jpg,0
image_04502.jpg,0
image_04503.jpg,0
image_04504.jpg,0
image_04505.jpg,0
image_04506.jpg,0
image_04507.jpg,0
image_04508.jpg,0
image_04509.jpg,0
image_04510.jpg,0
image_04511.jpg,0
image_04512.jpg,0
image_04513.jpg,0
image_04514.jpg,0
image_04515.jpg,0
image_04516.jpg,0
image_04517.jpg,0
image_04518.jpg,0
image_04519.jpg,0
image_04520.jpg,0
image_04521.jpg,0
image_04522.jpg,0
image_04523.jpg,0
image_04524.jpg,0
image_04525.jpg,0
image_04526.jpg,0
image_04527.jpg,0
image_04528.jpg,0
image_04529.jpg,0
image_04530.jpg,0
image_04531.jpg,0
image_04532.jpg,0
image_04533.jpg,0
image_04534.jpg,0
image_04535.jpg,0
image_04536.jpg,0
image_04537.jpg,0
image_04538.jpg,0
image_04539.jpg,0
image_04540.jpg,0
image_04541.jpg,0
image_04542.jpg,0
image_04543.jpg,0
image_04544.jpg,0
image_04545.jpg,0
image_04546.jpg,0
image_04547.jpg,0
image_04548.jpg,0
image_04549.jpg,0
image_04550.jpg,0
image_04551.jpg,0
image_04552.jpg,0
image_04553.jpg,0
image_04554.jpg,0
image_04555.jpg,0
image_04556.jpg,0
image_04557.jpg,0
image_04558.jpg,0
image_04559.jpg,0
image_04560.jpg,0
image_04561.jpg,0
image_04562.jpg,0
image_04563.jpg,0
image_04564.jpg,0
image_04565.jpg,0
image_04566.jpg,0
image_04567.jpg,0
image_04568.jpg,0
image_04569.jpg,0
image_04570.jpg,0
image_04571.jpg,0
image_04572.jpg,0
image_04573.jpg,0
image_04574.jpg,0
image_04575.jpg,0
image_04576.jpg,0
image_04577.jpg,0
image_04578.jpg,0
image_04579.jpg,0
image_04580.jpg,0
image_04581.jpg,0
image_04582.jpg,0
image_04583.jpg,0
image_04584.jpg,0
image_04585.jpg,0
image_04586.jpg,0
image_04587.jpg,0
image_04588.jpg,0
image_04589.jpg,0
image_04590.jpg,0
image_04591.jpg,0
image_04592.jpg,0
image_04593.jpg,0
image_04594.jpg,0
image_04595.jpg,0
image_04596.jpg,0
image_04597.jpg,0
image_04598.jpg,0
image_04599.jpg,0
image_04600.jpg,0
image_04601.jpg,0
image_04602.jpg,0
image_04603.jpg,0
image_04604.jpg,0
image_04605.jpg,0
image_04606.jpg,0
image_04607.jpg,0
image_04608.jpg,0
image_04609.jpg,0
image_04610.jpg,0
image_04611.jpg,0
image_04612.jpg,0
image_04613.jpg,0
image_04614.jpg,0
image_04615.jpg,0
image_04616.jpg,0
image_04617.jpg,0
image_04618.jpg,0
image_04619.jpg,0
image_04620.jpg,0
image_04621.jpg,0
image_04622.jpg,0
image_04623.jpg,0
image_04624.jpg,0
image_04625.jpg,0
image_04626.jpg,0
image_04627.jpg,0
image_04628.jpg,0
image_04629.jpg,0
image_04630.jpg,0
image_04631.jpg,0
image_04632.jpg,0
image_04633.jpg,0
image_04634.jpg,0
image_04635.jpg,0
image_04636.jpg,0
image_04637.jpg,0
image_04638.jpg,0
image_04639.jpg,0
image_04640.jpg,0
image_04641.jpg,0
image_04642.jpg,0
image_04643.jpg,0
image_04644.jpg,0
image_04645.jpg,0
image_04646.jpg,0
image_04647.jpg,0
image_04648.jpg,0
image_04649.jpg,0
image_04650.jpg,0
image_04651.jpg,0
image_04652.jpg,0
image_04653.jpg,0
image_04654.jpg,0
image_04655.jpg,0
image_04656.jpg,0
image_04657.jpg,0
image_04658.jpg,0
image_04659.jpg,0
image_04660.jpg,0
image_04661.jpg,0
image_04662.jpg,0
image_04663.jpg,0
image_04664.jpg,0
image_04665.jpg,0
image_04666.jpg,0
image_04667.jpg,0
image_04668.jpg,0
image_04669.jpg,0
image_04670.jpg,0
image_04671.jpg,0
image_04672.jpg,0
image_04673.jpg,0
image_04674.jpg,0
image_04675.jpg,0
image_04676.jpg,0
image_04677.jpg,0
image_04678.jpg,0
image_04679.jpg,0
image_04680.jpg,0
image_04681.jpg,0
image_04682.jpg,0
image_04683.jpg,0
image_04684.jpg,0
image_04685.jpg,0
image_04686.jpg,0
image_04687.jpg,0
image_04688.jpg,0
image_04689.jpg,0
image_04690.jpg,0
image_04691.jpg,0
image_04692.jpg,0
image_04693.jpg,0
image_04694.jpg,0
image_04695.jpg,0
image_04696.jpg,0
image_04697.jpg,0
image_04698.jpg,0
image_04699.jpg,0
image_04700.jpg,0
image_04701.jpg,0
image_04702.jpg,0
image_04703.jpg,0
image_04704.jpg,0
image_04705.jpg,0
image_04706.jpg,0
image_04707.jpg,0
image_04708.jpg,0
image_04709.jpg,0
image_04710.jpg,0
image_04711.jpg,0
image_04712.jpg,0
image_04713.jpg,0
image_04714.jpg,0
image_04715.jpg,0
image_04716.jpg,0
image_04717.jpg,0
image_04718.jpg,0
image_04719.jpg,0
image_04720.jpg,0
image_04721.jpg,0
image_04722.jpg,0
image_04723.jpg,0
image_04724.jpg,0
image_04725.jpg,0
image_04726.jpg,0
image_04727.jpg,0
image_04728.jpg,0
image_04729.jpg,0
image_04730.jpg,0
image_04731.jpg,0
image_04732.jpg,0
image_04733.jpg,0
image_04734.jpg,0
image_04735.jpg,0
image_04736.jpg,0
image_04737.jpg,0
image_04738.jpg,0
image_04739.jpg,0
image_04740.jpg,0
image_04741.jpg,0
image_04742.jpg,0
image_04743.jpg,0
image_04744.jpg,0
image_04745.jpg,0
image_04746.jpg,0
image_04747.jpg,0
image_04748.jpg,0
image_04749.jpg,0
image_04750.jpg,0
image_04751.jpg,0
image_04752.jpg,0
image_04753.jpg,0
image_04754.jpg,0
image_04755.jpg,0
image_04756.jpg,0
image_04757.jpg,0
image_04758.jpg,0
image_04759.jpg,0
image_04760.jpg,0
image_04761.jpg,0
image_04762.jpg,0
image_04763.jpg,0
image_04764.jpg,0
image_04765.jpg,0
image_04766.jpg,0
image_04767.jpg,0
image_04768.jpg,0
image_04769.jpg,0
image_04770.jpg,0
image_04771.jpg,0
image_04772.jpg,0
image_04773.jpg,0
image_04774.jpg,0
image_04775.jpg,0
image_04776.jpg,0
image_04777.jpg,0
image_04778.jpg,0
image_04779.jpg,0
image_04780.jpg,0
image_04781.jpg,0
image_04782.jpg,0
image_04783.jpg,0
image_04784.jpg,0
image_04785.jpg,0
image_04786.jpg,0
image_04787.jpg,0
image_04788.jpg,0
image_04789.jpg,0
image_04790.jpg,0
image_04791.jpg,0
image_04792.jpg,0
image_04793.jpg,0
image_04794.jpg,0
image_04795.jpg,0
image_04796.jpg,0
image_04797.jpg,0
image_04798.jpg,0
image_04799.jpg,0
image_04800.jpg,0
image_04801.jpg,0
image_04802.jpg,0
image_04803.jpg,0
image_04804.jpg,0
image_04805.jpg,0
image_04806.jpg,0
image_04807.jpg,0
image_04808.jpg,0
image_04809.jpg,0
image_04810.jpg,0
image_04811.jpg,0
image_04812.jpg,0
image_04813.jpg,0
image_04814.jpg,0
image_04815.jpg,0
image_04816.jpg,0
image_04817.jpg,0
image_04818.jpg,0
image_04819.jpg,0
image_04820.jpg,0
image_04821.jpg,0
image_04822.jpg,0
image_04823.jpg,0
image_04824.jpg,0
image_04825.jpg,0
image_04826.jpg,0
image_04827.jpg,0
image_04828.jpg,0
image_04829.jpg,0
image_04830.jpg,0
image_04831.jpg,0
image_04832.jpg,0
image_04833.jpg,0
image_04834.jpg,0
image_04835.jpg,0
image_04836.jpg,0
image_04837.jpg,0
image_04838.jpg,0
image_04839.jpg,0
image_04840.jpg,0
image_04841.jpg,0
image_04842.jpg,0
image_04843.jpg,0
image_04844.jpg,0
image_04845.jpg,0
image_04846.jpg,0
image_04847.jpg,0
image_04848.jpg,0
image_04849.jpg,0
image_04850.jpg,0
image_04851.jpg,0
image_04852.jpg,0
image_04853.jpg,0
image_04854.jpg,0
image_04855.jpg,0
image_04856.jpg,0
image_04857.jpg,0
image_04858.jpg,0
image_04859.jpg,0
image_04860.jpg,0
image_04861.jpg,0
image_04862.jpg,0
image_04863.jpg,0
image_04864.jpg,0
image_04865.jpg,0
image_04866.jpg,0
image_04867.jpg,0
image_04868.jpg,0
image_04869.jpg,0
image_04870.jpg,0
image_04871.jpg,0
image_04872.jpg,0
image_04873.jpg,0
image_04874.jpg,0
image_04875.jpg,0
image_04876.jpg,0
image_04877.jpg,0
image_04878.jpg,0
image_04879.jpg,0
image_04880.jpg,0
image_04881.jpg,0
image_04882.jpg,0
image_04883.jpg,0
image_04884.jpg,0
image_04885.jpg,0
image_04886.jpg,0
image_04887.jpg,0
image_04888.jpg,0
image_04889.jpg,0
image_04890.jpg,0
image_04891.jpg,0
image_04892.jpg,0
image_04893.jpg,0
image_04894.jpg,0
image_04895.jpg,0
image_04896.jpg,0
image_04897.jpg,0
image_04898.jpg,0
image_04899.jpg,0
image_04900.jpg,0
image_04901.jpg,0
image_04902.jpg,0
image_04903.jpg,0
image_04904.jpg,0
image_04905.jpg,0
image_04906.jpg,0
image_04907.jpg,0
image_04908.jpg,0
image_04909.jpg,0
image_04910.jpg,0
image_04911.jpg,0
image_04912.jpg,0
image_04913.jpg,0
image_04914.jpg,0
image_04915.jpg,0
image_04916.jpg,0
image_04917.jpg,0
image_04918.jpg,0
image_04919.jpg,0
image_04920.jpg,0
image_04921.jpg,0
image_04922.jpg,0
image_04923.jpg,0
image_04924.jpg,0
image_04925.jpg,0
image_04926.jpg,0
image_04927.jpg,0
image_04928.jpg,0
image_04929.jpg,0
image_04930.jpg,0
image_04931.jpg,0
image_04932.jpg,0
image_04933.jpg,0
image_04934.jpg,0
image_04935.jpg,0
image_04936.jpg,0
image_04937.jpg,0
image_04938.jpg,0
image_04939.jpg,0
image_04940.jpg,0
image_04941.jpg,0
image_04942.jpg,0
image_04943.jpg,0
image_04944.jpg,0
image_04945.jpg,0
image_04946.jpg,0
image_04947.jpg,0
image_04948.jpg,0
image_04949.jpg,0
image_04950.jpg,0
image_04951.jpg,0
image_04952.jpg,0
image_04953.jpg,0
image_04954.jpg,0
image_04955.jpg,0
image_04956.jpg,0
image_04957.jpg,0
image_04958.jpg,0
image_04959.jpg,0
image_04960.jpg,0
image_04961.jpg,0
image_04962.jpg,0
image_04963.jpg,0
image_04964.jpg,0
image_04965.jpg,0
image_04966.jpg,0
image_04967.jpg,0
image_04968.jpg,0
image_04969.jpg,0
image_04970.jpg,0
image_04971.jpg,0
image_04972.jpg,0
image_04973.jpg,0
image_04974.jpg,0
image_04975.jpg,0
image_04976.jpg,0
image_04977.jpg,0
image_04978.jpg,0
image_04979.jpg,0
image_04980.jpg,0
image_04981.jpg,0
image_04982.jpg,0
image_04983.jpg,0
image_04984.jpg,0
image_04985.jpg,0
image_04986.jpg,0
image_04987.jpg,0
image_04988.jpg,0
image_04989.jpg,0
image_04990.jpg,0
image_04991.jpg,0
image_04992.jpg,0
image_04993.jpg,0
image_04994.jpg,0
image_04995.jpg,0
image_04996.jpg,0
image_04997.jpg,0
image_04998.jpg,0
image_04999.jpg,0
image_05000.jpg,0
image_05001.jpg,0
image_05002.jpg,0
image_05003.jpg,0
image_05004.jpg,0
image_05005.jpg,0
image_05006.jpg,0
image_05007.jpg,0
image_05008.jpg,0
image_05009.jpg,0
image_05010.jpg,0
image_05011.jpg,0
image_05012.jpg,0
image_05013.jpg,0
image_05014.jpg,0
image_05015.jpg,0
image_05016.jpg,0
image_05017.jpg,0
image_05018.jpg,0
image_05019.jpg,0
image_05020.jpg,0
image_05021.jpg,0
image_05022.jpg,0
image_05023.jpg,0
image_05024.jpg,0
image_05025.jpg,0
image_05026.jpg,0
image_05027.jpg,0
image_05028.jpg,0
image_05029.jpg,0
image_05030.jpg,0
image_05031.jpg,0
image_05032.jpg,0
image_05033.jpg,0
image_05034.jpg,0
image_05035.jpg,0
image_05036.jpg,0
image_05037.jpg,0
image_05038.jpg,0
image_05039.jpg,0
image_05040.jpg,0
image_05041.jpg,0
image_05042.jpg,0
image_05043.jpg,0
image_05044.jpg,0
image_05045.jpg,0
image_05046.jpg,0
image_05047.jpg,0
image_05048.jpg,0
image_05049.jpg,0
image_05050.jpg,0
image_05051.jpg,1
image_05052.jpg,1
image_05053.jpg,1
image_05054.jpg,1
image_05055.jpg,1
image_05056.jpg,1
image_05057.jpg,1
image_05058.jpg,1
image_05059.jpg,1
image_05060.jpg,1
image_05061.jpg,1
image_05062.jpg,1
image_05063.jpg,1
image_05064.jpg,1
image_05065.jpg,1
image_05066.jpg,1
image_05067.jpg,1
image_05068.jpg,1
image_05069.jpg,1
image_05070.jpg,1
image_05071.jpg,1
image_05072.jpg,1
image_05073.jpg,1
image_05074.jpg,1
image_05075.jpg,1
image_05076.jpg,1
image_05077.jpg,1
image_05078.jpg,1
image_05079.jpg,1
image_05080.jpg,1
image_05081.jpg,1
image_05082.jpg,1
image_05083.jpg,1
image_05084.jpg,1
image_05085.jpg,1
image_05086.jpg,1
image_05087.jpg,1
image_05088.jpg,1
image_05089.jpg,1
image_05090.jpg,1
image_05091.jpg,1
image_05092.jpg,1
image_05093.jpg,1
image_05094.jpg,1
image_05095.jpg,1
image_05096.jpg,1
image_05097.jpg,1
image_05098.jpg,1
image_05099.jpg,1
image_05100.jpg,1
image_05101.jpg,1
image_05102.jpg,1
image_05103.jpg,1
image_05104.jpg,1
image_05105.jpg,1
image_05106.jpg,1
image_05107.jpg,1
image_05108.jpg,1
image_05109.jpg,1
image_05110.jpg,1
image_05111.jpg,1
image_05112.jpg,1
image_05113.jpg,1
image_05114.jpg,1
image_05115.jpg,1
image_05116.jpg,1
image_05117.jpg,1
image_05118.jpg,1
image_05119.jpg,1
image_05120.jpg,1
image_05121.jpg,1
image_05122.jpg,1
image_05123.jpg,1
image_05124.jpg,1
image_05125.jpg,1
image_05126.jpg,1
image_05127.jpg,1
image_05128.jpg,1
image_05129.jpg,1
image_05130.jpg,1
image_05131.jpg,1
image_05132.jpg,1
image_05133.jpg,1
image_05134.jpg,1
image_05135.jpg,1
image_05136.jpg,1
image_05137.jpg,1
image_05138.jpg,1
image_05139.jpg,1
image_05140.jpg,1
image_05141.jpg,1
image_05142.jpg,1
image_05143.jpg,1
image_05144.jpg,1
image_05145.jpg,1
image_05146.jpg,1
image_05147.jpg,1
image_05148.jpg,1
image_05149.jpg,1
image_05150.jpg,1
image_05151.jpg,1
image_05152.jpg,1
image_05153.jpg,1
image_05154.jpg,1
image_05155.jpg,1
image_05156.jpg,1
image_05157.jpg,1
image_05158.jpg,1
image_05159.jpg,1
image_05160.jpg,1
image_05161.jpg,1
image_05162.jpg,1
image_05163.jpg,1
image_05164.jpg,1
image_05165.jpg,1
image_05166.jpg,1
image_05167.jpg,1
image_05168.jpg,1
image_05169.jpg,1
image_05170.jpg,1
image_05171.jpg,1
image_05172.jpg,1
image_05173.jpg,1
image_05174.jpg,1
image_05175.jpg,1
image_05176.jpg,1
image_05177.jpg,1
image_05178.jpg,1
image_05179.jpg,1
image_05180.jpg,1
image_05181.jpg,1
image_05182.jpg,1
image_05183.jpg,1
image_05184.jpg,1
image_05185.jpg,1
image_05186.jpg,1
image_05187.jpg,1
image_05188.jpg,1
image_05189.jpg,1
image_05190.jpg,1
image_05191.jpg,1
image_05192.jpg,1
image_05193.jpg,1
image_05194.jpg,1
image_05195.jpg,1
image_05196.jpg,1
image_05197.jpg,1
image_05198.jpg,1
image_05199.jpg,1
image_05200.jpg,1
image_05201.jpg,1
image_05202.jpg,1
image_05203.jpg,1
image_05204.jpg,1
image_05205.jpg,1
image_05206.jpg,1
image_05207.jpg,1
image_05208.jpg,1
image_05209.jpg,1
image_05210.jpg,1
image_05211.jpg,1
image_05212.jpg,1
image_05213.jpg,1
image_05214.jpg,1
image_05215.jpg,1
image_05216.jpg,1
image_05217.jpg,1
image_05218.jpg,1
image_05219.jpg,1
image_05220.jpg,1
image_05221.jpg,1
image_05222.jpg,1
image_05223.jpg,1
image_05224.jpg,1
image_05225.jpg,1
image_05226.jpg,1
image_05227.jpg,1
image_05228.jpg,1
image_05229.jpg,1
image_05230.jpg,1
image_05231.jpg,1
image_05232.jpg,1
image_05233.jpg,1
image_05234.jpg,1
image_05235.jpg,1
image_05236.jpg,1
image_05237.jpg,1
image_05238.jpg,1
image_05239.jpg,1
image_05240.jpg,1
image_05241.jpg,1
image_05242.jpg,1
image_05243.jpg,1
image_05244.jpg,1
image_05245.jpg,1
image_05246.jpg,1
image_05247.jpg,1
image_05248.jpg,1
image_05249.jpg,1
image_05250.jpg,1
image_05251.jpg,1
image_05252.jpg,1
image_05253.jpg,1
image_05254.jpg,1
image_05255.jpg,1
image_05256.jpg,1
image_05257.jpg,1
image_05258.jpg,1
image_05259.jpg,1
image_05260.jpg,1
image_05261.jpg,1
image_05262.jpg,1
image_05263.jpg,1
image_05264.jpg,1
image_05265.jpg,1
image_05266.jpg,1
image_05267.jpg,1
image_05268.jpg,1
image_05269.jpg,1
image_05270.jpg,1
image_05271.jpg,1
image_05272.jpg,1
image_05273.jpg,1
image_05274.jpg,1
image_05275.jpg,1
image_05276.jpg,1
image_05277.jpg,1
image_05278.jpg,1
image_05279.jpg,1
image_05280.jpg,1
image_05281.jpg,1
image_05282.jpg,1
image_05283.jpg,1
image_05284.jpg,1
image_05285.jpg,1
image_05286.jpg,1
image_05287.jpg,1
image_05288.jpg,1
image_05289.jpg,1
image_05290.jpg,1
image_05291.jpg,1
image_05292.jpg,1
image_05293.jpg,1
image_05294.jpg,1
image_05295.jpg,1
image_05296.jpg,1
image_05297.jpg,1
image_05298.jpg,1
image_05299.jpg,1
image_05300.jpg,1
image_05301.jpg,1
image_05302.jpg,1
image_05303.jpg,1
image_05304.jpg,1
image_05305.jpg,1
image_05306.jpg,1
image_05307.jpg,1
image_05308.jpg,1
image_05309.jpg,1
image_05310.jpg,1
image_05311.jpg,1
image_05312.jpg,1
image_05313.jpg,1
image_05314.jpg,1
image_05315.jpg,1
image_05316.jpg,1
image_05317.jpg,1
image_05318.jpg,1
image_05319.jpg,1
image_05320.jpg,1
image_05321.jpg,1
image_05322.jpg,1
image_05323.jpg,1
image_05324.jpg,1
image_05325.jpg,1
image_05326.jpg,1
image_05327.jpg,1
image_05328.jpg,1
image_05329.jpg,1
image_05330.jpg,1
image_05331.jpg,1
image_05332.jpg,1
image_05333.jpg,1
image_05334.jpg,1
image_05335.jpg,1
image_05336.jpg,1
image_05337.jpg,1
image_05338.jpg,1
image_05339.jpg,1
image_05340.jpg,1
image_05341.jpg,1
image_05342.jpg,1
image_05343.jpg,1
image_05344.jpg,1
image_05345.jpg,1
image_05346.jpg,1
image_05347.jpg,1
image_05348.jpg,1
image_05349.jpg,1
image_05350.jpg,1
image_05351.jpg,1
image_05352.jpg,1
image_05353.jpg,1
image_05354.jpg,1
image_05355.jpg,1
image_05356.jpg,1
image_05357.jpg,1
image_05358.jpg,1
image_05359.jpg,1
image_05360.jpg,1
image_05361.jpg,1
image_05362.jpg,1
image_05363.jpg,1
image_05364.jpg,1
image_05365.jpg,1
image_05366.jpg,1
image_05367.jpg,1
image_05368.jpg,1
image_05369.jpg,1
image_05370.jpg,1
image_05371.jpg,1
image_05372.jpg,1
image_05373.jpg,1
image_05374.jpg,1
image_05375.jpg,1
image_05376.jpg,1
image_05377.jpg,1
image_05378.jpg,1
image_05379.jpg,1
image_05380.jpg,1
image_05381.jpg,1
image_05382.jpg,1
image_05383.jpg,1
image_05384.jpg,1
image_05385.jpg,1
image_05386.jpg,1
image_05387.jpg,1
image_05388.jpg,1
image_05389.jpg,1
image_05390.jpg,1
image_05391.jpg,1
image_05392.jpg,1
image_05393.jpg,1
image_05394.jpg,1
image_05395.jpg,1
image_05396.jpg,1
image_05397.jpg,1
image_05398.jpg,1
image_05399.jpg,1
image_05400.jpg,1
image_05401.jpg,1
image_05402.jpg,1
image_05403.jpg,1
image_05404.jpg,1
image_05405.jpg,1
image_05406.jpg,1
image_05407.jpg,1
image_05408.jpg,1
image_05409.jpg,1
image_05410.jpg,1
image_05411.jpg,1
image_05412.jpg,1
image_05413.jpg,1
image_05414.jpg,1
image_05415.jpg,1
image_05416.jpg,1
image_05417.jpg,1
image_05418.jpg,1
image_05419.jpg,1
image_05420.jpg,1
image_05421.jpg,1
image_05422.jpg,1
image_05423.jpg,1
image_05424.jpg,1
image_05425.jpg,1
image_05426.jpg,1
image_05427.jpg,1
image_05428.jpg,1
image_05429.jpg,1
image_05430.jpg,1
image_05431.jpg,1
image_05432.jpg,1
image_05433.jpg,1
image_05434.jpg,1
image_05435.jpg,1
image_05436.jpg,1
image_05437.jpg,1
image_05438.jpg,1
image_05439.jpg,1
image_05440.jpg,1
image_05441.jpg,1
image_05442.jpg,1
image_05443.jpg,1
image_05444.jpg,1
image_05445.jpg,1
image_05446.jpg,1
image_05447.jpg,1
image_05448.jpg,1
image_05449.jpg,1
image_05450.jpg,1
image_05451.jpg,1
image_05452.jpg,1
image_05453.jpg,1
image_05454.jpg,1
image_05455.jpg,1
image_05456.jpg,1
image_05457.jpg,1
image_05458.jpg,1
image_05459.jpg,1
image_05460.jpg,1
image_05461.jpg,1
image_05462.jpg,1
image_05463.jpg,1
image_05464.jpg,1
image_05465.jpg,1
image_05466.jpg,1
image_05467.jpg,1
image_05468.jpg,1
image_05469.jpg,1
image_05470.jpg,1
image_05471.jpg,1
image_05472.jpg,1
image_05473.jpg,1
image_05474.jpg,1
image_05475.jpg,1
image_05476.jpg,1
image_05477.jpg,1
image_05478.jpg,1
image_05479.jpg,1
image_05480.jpg,1
image_05481.jpg,1
image_05482.jpg,1
image_05483.jpg,1
image_05484.jpg,1
image_05485.jpg,1
image_05486.jpg,1
image_05487.jpg,1
image_05488.jpg,1
image_05489.jpg,1
image_05490.jpg,1
image_05491.jpg,1
image_05492.jpg,1
image_05493.jpg,1
image_05494.jpg,1
image_05495.jpg,1
image_05496.jpg,1
image_05497.jpg,1
image_05498.jpg,1
image_05499.jpg,1
image_05500.jpg,1
image_05501.jpg,1
image_05502.jpg,1
image_05503.jpg,1
image_05504.jpg,1
image_05505.jpg,1
image_05506.jpg,1
image_05507.jpg,1
image_05508.jpg,1
image_05509.jpg,1
image_05510.jpg,1
image_05511.jpg,1
image_05512.jpg,1
image_05513.jpg,1
image_05514.jpg,1
image_05515.jpg,1
image_05516.jpg,1
image_05517.jpg,1
image_05518.jpg,1
image_05519.jpg,1
image_05520.jpg,1
image_05521.jpg,1
image_05522.jpg,1
image_05523.jpg,1
image_05524.jpg,1
image_05525.jpg,1
image_05526.jpg,1
image_05527.jpg,1
image_05528.jpg,1
image_05529.jpg,1
image_05530.jpg,1
image_05531.jpg,1
image_05532.jpg,1
image_05533.jpg,1
image_05534.jpg,1
image_05535.jpg,1
image_05536.jpg,1
image_05537.jpg,1
image_05538.jpg,1
image_05539.jpg,1
image_05540.jpg,1
image_05541.jpg,1
image_05542.jpg,1
image_05543.jpg,1
image_05544.jpg,1
image_05545.jpg,1
image_05546.jpg,1
image_05547.jpg,1
image_05548.jpg,1
image_05549.jpg,1
image_05550.jpg,1
image_05551.jpg,1
image_05552.jpg,1
image_05553.jpg,1
image_05554.jpg,1
image_05555.jpg,1
image_05556.jpg,1
image_05557.jpg,1
image_05558.jpg,1
image_05559.jpg,1
image_05560.jpg,1
image_05561.jpg,1
image_05562.jpg,1
image_05563.jpg,1
image_05564.jpg,1
image_05565.jpg,1
image_05566.jpg,1
image_05567.jpg,1
image_05568.jpg,1
image_05569.jpg,1
image_05570.jpg,1
image_05571.jpg,1
image_05572.jpg,1
image_05573.jpg,1
image_05574.jpg,1
image_05575.jpg,1
image_05576.jpg,1
image_05577.jpg,1
image_05578.jpg,1
image_05579.jpg,1
image_05580.jpg,1
image_05581.jpg,1
image_05582.jpg,1
image_05583.jpg,1
image_05584.jpg,1
image_05585.jpg,1
image_05586.jpg,1
image_05587.jpg,1
image_05588.jpg,1
image_05589.jpg,1
image_05590.jpg,1
image_05591.jpg,1
image_05592.jpg,1
image_05593.jpg,1
image_05594.jpg,1
image_05595.jpg,1
image_05596.jpg,1
image_05597.jpg,1
image_05598.jpg,1
image_05599.jpg,1
image_05600.jpg,1
image_05601.jpg,1
image_05602.jpg,1
image_05603.jpg,1
image_05604.jpg,1
image_05605.jpg,1
image_05606.jpg,1
image_05607.jpg,1
image_05608.jpg,1
image_05609.jpg,1
image_05610.jpg,1
image_05611.jpg,1
image_05612.jpg,1
image_05613.jpg,1
image_05614.jpg,1
image_05615.jpg,1
image_05616.jpg,1
image_05617.jpg,1
image_05618.jpg,1
image_05619.jpg,1
image_05620.jpg,1
image_05621.jpg,1
image_05622.jpg,1
image_05623.jpg,1
image_05624.jpg,1
image_05625.jpg,1
image_05626.jpg,1
image_05627.jpg,1
image_05628.jpg,1
image_05629.jpg,1
image_05630.jpg,1
image_05631.jpg,1
image_05632.jpg,1
image_05633.jpg,1
image_05634.jpg,1
image_05635.jpg,1
image_05636.jpg,1
image_05637.jpg,1
image_05638.jpg,1
image_05639.jpg,1
image_05640.jpg,1
image_05641.jpg,1
image_05642.jpg,1
image_05643.jpg,1
image_05644.jpg,1
image_05645.jpg,1
image_05646.jpg,1
image_05647.jpg,1
image_05648.jpg,1
image_05649.jpg,1
image_05650.jpg,1
image_05651.jpg,1
image_05652.jpg,1
image_05653.jpg,1
image_05654.jpg,1
image_05655.jpg,1
image_05656.jpg,1
image_05657.jpg,1
image_05658.jpg,1
image_05659.jpg,1
image_05660.jpg,1
image_05661.jpg,1
image_05662.jpg,1
image_05663.jpg,1
image_05664.jpg,1
image_05665.jpg,1
image_05666.jpg,1
image_05667.jpg,1
image_05668.jpg,1
image_05669.jpg,1
image_05670.jpg,1
image_05671.jpg,1
image_05672.jpg,1
image_05673.jpg,1
image_05674.jpg,1
image_05675.jpg,1
image_05676.jpg,1
image_05677.jpg,1
image_05678.jpg,1
image_05679.jpg,1
image_05680.jpg,1
image_05681.jpg,1
image_05682.jpg,1
image_05683.jpg,1
image_05684.jpg,1
image_05685.jpg,1
image_05686.jpg,1
image_05687.jpg,1
image_05688.jpg,1
image_05689.jpg,1
image_05690.jpg,1
image_05691.jpg,1
image_05692.jpg,1
image_05693.jpg,1
image_05694.jpg,1
image_05695.jpg,1
image_05696.jpg,1
image_05697.jpg,1
image_05698.jpg,1
image_05699.jpg,1
image_05700.jpg,1
image_05701.jpg,1
image_05702.jpg,1
image_05703.jpg,1
image_05704.jpg,1
image_05705.jpg,1
image_05706.jpg,1
image_05707.jpg,1
image_05708.jpg,1
image_05709.jpg,1
image_05710.jpg,1
image_05711.jpg,1
image_05712.jpg,1
image_05713.jpg,1
image_05714.jpg,1
image_05715.jpg,1
image_05716.jpg,1
image_05717.jpg,1
image_05718.jpg,1
image_05719.jpg,1
image_05720.jpg,1
image_05721.jpg,1
image_05722.jpg,1
image_05723.jpg,1
image_05724.jpg,1
image_05725.jpg,1
image_05726.jpg,1
image_05727.jpg,1
image_05728.jpg,1
image_05729.jpg,1
image_05730.jpg,1
image_05731.jpg,1
image_05732.jpg,1
image_05733.jpg,1
image_05734.jpg,1
image_05735.jpg,1
image_05736.jpg,1
image_05737.jpg,1
image_05738.jpg,1
image_05739.jpg,1
image_05740.jpg,1
image_05741.jpg,1
image_05742.jpg,1
image_05743.jpg,1
image_05744.jpg,1
image_05745.jpg,1
image_05746.jpg,1
image_05747.jpg,1
image_05748.jpg,1
image_05749.jpg,1
image_05750.jpg,1
image_05751.jpg,1
image_05752.jpg,1
image_05753.jpg,1
image_05754.jpg,1
image_05755.jpg,1
image_05756.jpg,1
image_05757.jpg,1
image_05758.jpg,1
image_05759.jpg,1
image_05760.jpg,1
image_05761.jpg,1
image_05762.jpg,1
image_05763.jpg,1
image_05764.jpg,1
image_05765.jpg,1
image_05766.jpg,1
image_05767.jpg,1
image_05768.jpg,1
image_05769.jpg,1
image_05770.jpg,1
image_05771.jpg,1
image_05772.jpg,1
image_05773.jpg,1
image_05774.jpg,1
image_05775.jpg,1
image_05776.jpg,1
image_05777.jpg,1
image_05778.jpg,1
image_05779.jpg,1
image_05780.jpg,1
image_05781.jpg,1
image_05782.jpg,1
image_05783.jpg,1
image_05784.jpg,1
image_05785.jpg,1
image_05786.jpg,1
image_05787.jpg,1
image_05788.jpg,1
image_05789.jpg,1
image_05790.jpg,1
image_05791.jpg,1
image_05792.jpg,1
image_05793.jpg,1
image_05794.jpg,1
image_05795.jpg,1
image_05796.jpg,1
image_05797.jpg,1
image_05798.jpg,1
image_05799.jpg,1
image_05800.jpg,1
image_05801.jpg,1
image_05802.jpg,1
image_05803.jpg,1
image_05804.jpg,1
image_05805.jpg,1
image_05806.jpg,1
image_05807.jpg,1
image_05808.jpg,1
image_05809.jpg,1
image_05810.jpg,1
image_05811.jpg,1
image_05812.jpg,1
image_05813.jpg,1
image_05814.jpg,1
image_05815.jpg,1
image_05816.jpg,1
image_05817.jpg,1
image_05818.jpg,1
image_05819.jpg,1
image_05820.jpg,1
image_05821.jpg,1
image_05822.jpg,1
image_05823.jpg,1
image_05824.jpg,1
image_05825.jpg,1
image_05826.jpg,1
image_05827.jpg,1
image_05828.jpg,1
image_05829.jpg,1
image_05830.jpg,1
image_05831.jpg,1
image_05832.jpg,1
image_05833.jpg,1
image_05834.jpg,1
image_05835.jpg,1
image_05836.jpg,1
image_05837.jpg,1
image_05838.jpg,1
image_05839.jpg,1
image_05840.jpg,1
image_05841.jpg,1
image_05842.jpg,1
image_05843.jpg,1
image_05844.jpg,1
image_05845.jpg,1
image_05846.jpg,1
image_05847.jpg,1
image_05848.jpg,1
image_05849.jpg,1
image_05850.jpg,1
image_05851.jpg,1
image_05852.jpg,1
image_05853.jpg,1
image_05854.jpg,1
image_05855.jpg,1
image_05856.jpg,1
image_05857.jpg,1
image_05858.jpg,1
image_05859.jpg,1
image_05860.jpg,1
image_05861.jpg,1
image_05862.jpg,1
image_05863.jpg,1
image_05864.jpg,1
image_05865.jpg,1
image_05866.jpg,1
image_05867.jpg,1
image_05868.jpg,1
image_05869.jpg,1
image_05870.jpg,1
image_05871.jpg,1
image_05872.jpg,1
image_05873.jpg,1
image_05874.jpg,1
image_05875.jpg,1
image_05876.jpg,1
image_05877.jpg,1
image_05878.jpg,1
image_05879.jpg,1
image_05880.jpg,1
image_05881.jpg,1
image_05882.jpg,1
image_05883.jpg,1
image_05884.jpg,1
image_05885.jpg,1
image_05886.jpg,1
image_05887.jpg,1
image_05888.jpg,1
image_05889.jpg,1
image_05890.jpg,1
image_05891.jpg,1
image_05892.jpg,1
image_05893.jpg,1
image_05894.jpg,1
image_05895.jpg,1
image_05896.jpg,1
image_05897.jpg,1
image_05898.jpg,1
image_05899.jpg,1
image_05900.jpg,1
image_05901.jpg,1
image_05902.jpg,1
image_05903.jpg,1
image_05904.jpg,1
image_05905.jpg,1
image_05906.jpg,1
image_05907.jpg,1
image_05908.jpg,1
image_05909.jpg,1
image_05910.jpg,1
image_05911.jpg,1
image_05912.jpg,1
image_05913.jpg,1
image_05914.jpg,1
image_05915.jpg,1
image_05916.jpg,1
image_05917.jpg,1
image_05918.jpg,1
image_05919.jpg,1
image_05920.jpg,1
image_05921.jpg,1
image_05922.jpg,1
image_05923.jpg,1
image_05924.jpg,1
image_05925.jpg,1
image_05926.jpg,1
image_05927.jpg,1
image_05928.jpg,1
image_05929.jpg,1
image_05930.jpg,1
image_05931.jpg,1
image_05932.jpg,1
image_05933.jpg,1
image_05934.jpg,1
image_05935.jpg,1
image_05936.jpg,1
image_05937.jpg,1
image_05938.jpg,1
image_05939.jpg,1
image_05940.jpg,1
image_05941.jpg,1
image_05942.jpg,1
image_05943.jpg,1
image_05944.jpg,1
image_05945.jpg,1
image_05946.jpg,1
image_05947.jpg,1
image_05948.jpg,1
image_05949.jpg,1
image_05950.jpg,1
image_05951.jpg,1
image_05952.jpg,1
image_05953.jpg,1
image_05954.jpg,1
image_05955.jpg,1
image_05956.jpg,1
image_05957.jpg,1
image_05958.jpg,1
image_05959.jpg,1
image_05960.jpg,1
image_05961.jpg,1
image_05962.jpg,1
image_05963.jpg,1
image_05964.jpg,1
image_05965.jpg,1
image_05966.jpg,1
image_05967.jpg,1
image_05968.jpg,1
image_05969.jpg,1
image_05970.jpg,1
image_05971.jpg,1
image_05972.jpg,1
image_05973.jpg,1
image_05974.jpg,1
image_05975.jpg,1
image_05976.jpg,1
image_05977.jpg,1
image_05978.jpg,1
image_05979.jpg,1
image_05980.jpg,1
image_05981.jpg,1
image_05982.jpg,1
image_05983.jpg,1
image_05984.jpg,1
image_05985.jpg,1
image_05986.jpg,1
image_05987.jpg,1
image_05988.jpg,1
image_05989.jpg,1
image_05990.jpg,1
image_05991.jpg,1
image_05992.jpg,1
image_05993.jpg,1
image_05994.jpg,1
image_05995.jpg,1
image_05996.jpg,1
image_05997.jpg,1
image_05998.jpg,1
image_05999.jpg,1
image_06000.jpg,1
image_06001.jpg,1
image_06002.jpg,1
image_06003.jpg,1
image_06004.jpg,1
image_06005.jpg,1
image_06006.jpg,1
image_06007.jpg,1
image_06008.jpg,1
image_06009.jpg,1
image_06010.jpg,1
image_06011.jpg,1
image_06012.jpg,1
image_06013.jpg,1
image_06014.jpg,1
image_06015.jpg,1
image_06016.jpg,1
image_06017.jpg,1
image_06018.jpg,1
image_06019.jpg,1
image_06020.jpg,1
image_06021.jpg,1
image_06022.jpg,1
image_06023.jpg,1
image_06024.jpg,1
image_06025.jpg,1
image_06026.jpg,1
image_06027.jpg,1
image_06028.jpg,1
image_06029.jpg,1
image_06030.jpg,1
image_06031.jpg,1
image_06032.jpg,1
image_06033.jpg,1
image_06034.jpg,1
image_06035.jpg,1
image_06036.jpg,1
image_06037.jpg,1
image_06038.jpg,1
image_06039.jpg,1
image_06040.jpg,1
image_06041.jpg,1
image_06042.jpg,1
image_06043.jpg,1
image_06044.jpg,1
image_06045.jpg,1
image_06046.jpg,1
image_06047.jpg,1
image_06048.jpg,1
image_06049.jpg,1
image_06050.jpg,1
image_06051.jpg,1
image_06052.jpg,1
image_06053.jpg,1
image_06054.jpg,1
image_06055.jpg,1
image_06056.jpg,1
image_06057.jpg,1
image_06058.jpg,1
image_06059.jpg,1
image_06060.jpg,1
image_06061.jpg,1
image_06062.jpg,1
image_06063.jpg,1
image_06064.jpg,1
image_06065.jpg,1
image_06066.jpg,1
image_06067.jpg,1
image_06068.jpg,1
image_06069.jpg,1
image_06070.jpg,1
image_06071.jpg,1
image_06072.jpg,1
image_06073.jpg,1
image_06074.jpg,1
image_06075.jpg,1
image_06076.jpg,1
image_06077.jpg,1
image_06078.jpg,1
image_06079.jpg,1
image_06080.jpg,1
image_06081.jpg,1
image_06082.jpg,1
image_06083.jpg,1
image_06084.jpg,1
image_06085.jpg,1
image_06086.jpg,1
image_06087.jpg,1
image_06088.jpg,1
image_06089.jpg,1
image_06090.jpg,1
image_06091.jpg,1
image_06092.jpg,1
image_06093.jpg,1
image_06094.jpg,1
image_06095.jpg,1
image_06096.jpg,1
image_06097.jpg,1
image_06098.jpg,1
image_06099.jpg,1
image_06100.jpg,1
image_06101.jpg,1
image_06102.jpg,1
image_06103.jpg,1
image_06104.jpg,1
image_06105.jpg,1
image_06106.jpg,1
image_06107.jpg,1
image_06108.jpg,1
image_06109.jpg,1
image_06110.jpg,1
image_06111.jpg,1
image_06112.jpg,1
image_06113.jpg,1
image_06114.jpg,1
image_06115.jpg,1
image_06116.jpg,1
image_06117.jpg,1
image_06118.jpg,1
image_06119.jpg,1
image_06120.jpg,1
image_06121.jpg,1
image_06122.jpg,1
image_06123.jpg,1
image_06124.jpg,1
image_06125.jpg,1
image_06126.jpg,1
image_06127.jpg,1
image_06128.jpg,1
image_06129.jpg,1
image_06130.jpg,1
image_06131.jpg,1
image_06132.jpg,1
image_06133.jpg,1
image_06134.jpg,1
image_06135.jpg,1
image_06136.jpg,1
image_06137.jpg,1
image_06138.jpg,1
image_06139.jpg,1
image_06140.jpg,1
image_06141.jpg,1
image_06142.jpg,1
image_06143.jpg,1
image_06144.jpg,1
image_06145.jpg,1
image_06146.jpg,1
image_06147.jpg,1
image_06148.jpg,1
image_06149.jpg,1
image_06150.jpg,1
image_06151.jpg,1
image_06152.jpg,1
image_06153.jpg,1
image_06154.jpg,1
image_06155.jpg,1
image_06156.jpg,1
image_06157.jpg,1
image_06158.jpg,1
image_06159.jpg,1
image_06160.jpg,1
image_06161.jpg,1
image_06162.jpg,1
image_06163.jpg,1
image_06164.jpg,1
image_06165.jpg,1
image_06166.jpg,1
image_06167.jpg,1
image_06168.jpg,1
image_06169.jpg,1
image_06170.jpg,1
image_06171.jpg,1
image_06172.jpg,1
image_06173.jpg,1
image_06174.jpg,1
image_06175.jpg,1
image_06176.jpg,1
image_06177.jpg,1
image_06178.jpg,1
image_06179.jpg,1
image_06180.jpg,1
image_06181.jpg,1
image_06182.jpg,1
image_06183.jpg,1
image_06184.jpg,1
image_06185.jpg,1
image_06186.jpg,1
image_06187.jpg,1
image_06188.jpg,1
image_06189.jpg,1
image_06190.jpg,1
image_06191.jpg,1
image_06192.jpg,1
image_06193.jpg,1
image_06194.jpg,1
image_06195.jpg,1
image_06196.jpg,1
image_06197.jpg,1
image_06198.jpg,1
image_06199.jpg,1
image_06200.jpg,1
image_06201.jpg,1
image_06202.jpg,1
image_06203.jpg,1
image_06204.jpg,1
image_06205.jpg,1
image_06206.jpg,1
image_06207.jpg,1
image_06208.jpg,1
image_06209.jpg,1
image_06210.jpg,1
image_06211.jpg,1
image_06212.jpg,1
image_06213.jpg,1
image_06214.jpg,1
image_06215.jpg,1
image_06216.jpg,1
image_06217.jpg,1
image_06218.jpg,1
image_06219.jpg,1
image_06220.jpg,1
image_06221.jpg,1
image_06222.jpg,1
image_06223.jpg,1
image_06224.jpg,1
image_06225.jpg,1
image_06226.jpg,1
image_06227.jpg,1
image_06228.jpg,1
image_06229.jpg,1
image_06230.jpg,1
image_06231.jpg,1
image_06232.jpg,1
image_06233.jpg,1
image_06234.jpg,1
image_06235.jpg,1
image_06236.jpg,1
image_06237.jpg,1
image_06238.jpg,1
image_06239.jpg,1
image_06240.jpg,1
image_06241.jpg,1
image_06242.jpg,1
image_06243.jpg,1
image_06244.jpg,1
image_06245.jpg,1
image_06246.jpg,1
image_06247.jpg,1
image_06248.jpg,1
image_06249.jpg,1
image_06250.jpg,1
image_06251.jpg,1
image_06252.jpg,1
image_06253.jpg,1
image_06254.jpg,1
image_06255.jpg,1
image_06256.jpg,1
image_06257.jpg,1
image_06258.jpg,1
image_06259.jpg,1
image_06260.jpg,1
image_06261.jpg,1
image_06262.jpg,1
image_06263.jpg,1
image_06264.jpg,1
image_06265.jpg,1
image_06266.jpg,1
image_06267.jpg,1
image_06268.jpg,1
image_06269.jpg,1
image_06270.jpg,1
image_06271.jpg,1
image_06272.jpg,1
image_06273.jpg,1
image_06274.jpg,1
image_06275.jpg,1
image_06276.jpg,1
image_06277.jpg,1
image_06278.jpg,1
image_06279.jpg,1
image_06280.jpg,1
image_06281.jpg,1
image_06282.jpg,1
image_06283.jpg,1
image_06284.jpg,1
image_06285.jpg,1
image_06286.jpg,1
image_06287.jpg,1
image_06288.jpg,1
image_06289.jpg,1
image_06290.jpg,1
image_06291.jpg,1
image_06292.jpg,1
image_06293.jpg,1
image_06294.jpg,1
image_06295.jpg,1
image_06296.jpg,1
image_06297.jpg,1
image_06298.jpg,1
image_06299.jpg,1
image_06300.jpg,1
image_06301.jpg,1
image_06302.jpg,1
image_06303.jpg,1
image_06304.jpg,1
image_06305.jpg,1
image_06306.jpg,1
image_06307.jpg,1
image_06308.jpg,1
image_06309.jpg,1
image_06310.jpg,1
image_06311.jpg,1
image_06312.jpg,1
image_06313.jpg,1
image_06314.jpg,1
image_06315.jpg,1
image_06316.jpg,1
image_06317.jpg,1
image_06318.jpg,1
image_06319.jpg,1
image_06320.jpg,1
image_06321.jpg,1
image_06322.jpg,1
image_06323.jpg,1
image_06324.jpg,1
image_06325.jpg,1
image_06326.jpg,1
image_06327.jpg,1
image_06328.jpg,1
image_06329.jpg,1
image_06330.jpg,1
image_06331.jpg,1
image_06332.jpg,1
image_06333.jpg,1
image_06334.jpg,1
image_06335.jpg,1
image_06336.jpg,1
image_06337.jpg,1
image_06338.jpg,1
image_06339.jpg,1
image_06340.jpg,1
image_06341.jpg,1
image_06342.jpg,1
image_06343.jpg,1
image_06344.jpg,1
image_06345.jpg,1
image_06346.jpg,1
image_06347.jpg,1
image_06348.jpg,1
image_06349.jpg,1
image_06350.jpg,1
image_06351.jpg,1
image_06352.jpg,1
image_06353.jpg,1
image_06354.jpg,1
image_06355.jpg,1
image_06356.jpg,1
image_06357.jpg,1
image_06358.jpg,1
image_06359.jpg,1
image_06360.jpg,1
image_06361.jpg,1
image_06362.jpg,1
image_06363.jpg,1
image_06364.jpg,1
image_06365.jpg,1
image_06366.jpg,1
image_06367.jpg,1
image_06368.jpg,1
image_06369.jpg,1
image_06370.jpg,1
image_06371.jpg,1
image_06372.jpg,1
image_06373.jpg,1
image_06374.jpg,1
image_06375.jpg,1
image_06376.jpg,1
image_06377.jpg,1
image_06378.jpg,1
image_06379.jpg,1
image_06380.jpg,1
image_06381.jpg,1
image_06382.jpg,1
image_06383.jpg,1
image_06384.jpg,1
image_06385.jpg,1
image_06386.jpg,1
image_06387.jpg,1
image_06388.jpg,1
image_06389.jpg,1
image_06390.jpg,1
image_06391.jpg,1
image_06392.jpg,1
image_06393.jpg,1
image_06394.jpg,1
image_06395.jpg,1
image_06396.jpg,1
image_06397.jpg,1
image_06398.jpg,1
image_06399.jpg,1
image_06400.jpg,1
image_06401.jpg,1
image_06402.jpg,1
image_06403.jpg,1
image_06404.jpg,1
image_06405.jpg,1
image_06406.jpg,1
image_06407.jpg,1
image_06408.jpg,1
image_06409.jpg,1
image_06410.jpg,1
image_06411.jpg,1
image_06412.jpg,1
image_06413.jpg,1
image_06414.jpg,1
image_06415.jpg,1
image_06416.jpg,1
image_06417.jpg,1
image_06418.jpg,1
image_06419.jpg,1
image_06420.jpg,1
image_06421.jpg,1
image_06422.jpg,1
image_06423.jpg,1
image_06424.jpg,1
image_06425.jpg,1
image_06426.jpg,1
image_06427.jpg,1
image_06428.jpg,1
image_06429.jpg,1
image_06430.jpg,1
image_06431.jpg,1
image_06432.jpg,1
image_06433.jpg,1
image_06434.jpg,1
image_06435.jpg,1
image_06436.jpg,1
image_06437.jpg,1
image_06438.jpg,1
image_06439.jpg,1
image_06440.jpg,1
image_06441.jpg,1
image_06442.jpg,1
image_06443.jpg,1
image_06444.jpg,1
image_06445.jpg,1
image_06446.jpg,1
image_06447.jpg,1
image_06448.jpg,1
image_06449.jpg,1
image_06450.jpg,1
image_06451.jpg,1
image_06452.jpg,1
image_06453.jpg,1
image_06454.jpg,1
image_06455.jpg,1
image_06456.jpg,1
image_06457.jpg,1
image_06458.jpg,1
image_06459.jpg,1
image_06460.jpg,1
image_06461.jpg,1
image_06462.jpg,1
image_06463.jpg,1
image_06464.jpg,1
image_06465.jpg,1
image_06466.jpg,1
image_06467.jpg,1
image_06468.jpg,1
image_06469.jpg,1
image_06470.jpg,1
image_06471.jpg,1
image_06472.jpg,1
image_06473.jpg,1
image_06474.jpg,1
image_06475.jpg,1
image_06476.jpg,1
image_06477.jpg,1
image_06478.jpg,1
image_06479.jpg,1
image_06480.jpg,1
image_06481.jpg,1
image_06482.jpg,1
image_06483.jpg,1
image_06484.jpg,1
image_06485.jpg,1
image_06486.jpg,1
image_06487.jpg,1
image_06488.jpg,1
image_06489.jpg,1
image_06490.jpg,1
image_06491.jpg,1
image_06492.jpg,1
image_06493.jpg,1
image_06494.jpg,1
image_06495.jpg,1
image_06496.jpg,1
image_06497.jpg,1
image_06498.jpg,1
image_06499.jpg,1
image_06500.jpg,1
image_06501.jpg,1
image_06502.jpg,1
image_06503.jpg,1
image_06504.jpg,1
image_06505.jpg,1
image_06506.jpg,1
image_06507.jpg,1
image_06508.jpg,1
image_06509.jpg,1
image_06510.jpg,1
image_06511.jpg,1
image_06512.jpg,1
image_06513.jpg,1
image_06514.jpg,1
image_06515.jpg,1
image_06516.jpg,1
image_06517.jpg,1
image_06518.jpg,1
image_06519.jpg,1
image_06520.jpg,1
image_06521.jpg,1
image_06522.jpg,1
image_06523.jpg,1
image_06524.jpg,1
image_06525.jpg,1
image_06526.jpg,1
image_06527.jpg,1
image_06528.jpg,1
image_06529.jpg,1
image_06530.jpg,1
image_06531.jpg,1
image_06532.jpg,1
image_06533.jpg,1
image_06534.jpg,1
image_06535.jpg,1
image_06536.jpg,1
image_06537.jpg,1
image_06538.jpg,1
image_06539.jpg,1
image_06540.jpg,1
image_06541.jpg,1
image_06542.jpg,1
image_06543.jpg,1
image_06544.jpg,1
image_06545.jpg,1
image_06546.jpg,1
image_06547.jpg,1
image_06548.jpg,1
image_06549.jpg,1
image_06550.jpg,1
image_06551.jpg,1
image_06552.jpg,1
image_06553.jpg,1
image_06554.jpg,1
image_06555.jpg,1
image_06556.jpg,1
image_06557.jpg,1
image_06558.jpg,1
image_06559.jpg,1
image_06560.jpg,1
image_06561.jpg,1
image_06562.jpg,1
image_06563.jpg,1
image_06564.jpg,1
image_06565.jpg,1
image_06566.jpg,1
image_06567.jpg,1
image_06568.jpg,1
image_06569.jpg,1
image_06570.jpg,1
image_06571.jpg,1
image_06572.jpg,1
image_06573.jpg,1
image_06574.jpg,1
image_06575.jpg,1
image_06576.jpg,1
image_06577.jpg,1
image_06578.jpg,1
image_06579.jpg,1
image_06580.jpg,1
image_06581.jpg,1
image_06582.jpg,1
image_06583.jpg,1
image_06584.jpg,1
image_06585.jpg,1
image_06586.jpg,1
image_06587.jpg,1
image_06588.jpg,1
image_06589.jpg,1
image_06590.jpg,1
image_06591.jpg,1
image_06592.jpg,1
image_06593.jpg,1
image_06594.jpg,1
image_06595.jpg,1
image_06596.jpg,1
image_06597.jpg,1
image_06598.jpg,1
image_06599.jpg,1
image_06600.jpg,1
image_06601.jpg,1
image_06602.jpg,1
image_06603.jpg,1
image_06604.jpg,1
image_06605.jpg,1
image_06606.jpg,1
image_06607.jpg,1
image_06608.jpg,1
image_06609.jpg,1
image_06610.jpg,1
image_06611.jpg,1
image_06612.jpg,1
image_06613.jpg,1
image_06614.jpg,1
image_06615.jpg,1
image_06616.jpg,1
image_06617.jpg,1
image_06618.jpg,1
image_06619.jpg,1
image_06620.jpg,1
image_06621.jpg,1
image_06622.jpg,1
image_06623.jpg,1
image_06624.jpg,1
image_06625.jpg,1
image_06626.jpg,1
image_06627.jpg,1
image_06628.jpg,1
image_06629.jpg,1
image_06630.jpg,1
image_06631.jpg,1
image_06632.jpg,1
image_06633.jpg,1
image_06634.jpg,1
image_06635.jpg,1
image_06636.jpg,1
image_06637.jpg,1
image_06638.jpg,1
image_06639.jpg,1
image_06640.jpg,1
image_06641.jpg,1
image_06642.jpg,1
image_06643.jpg,1
image_06644.jpg,1
image_06645.jpg,1
image_06646.jpg,1
image_06647.jpg,1
image_06648.jpg,1
image_06649.jpg,1
image_06650.jpg,1
image_06651.jpg,1
image_06652.jpg,1
image_06653.jpg,1
image_06654.jpg,1
image_06655.jpg,1
image_06656.jpg,1
image_06657.jpg,1
image_06658.jpg,1
image_06659.jpg,1
image_06660.jpg,1
image_06661.jpg,1
image_06662.jpg,1
image_06663.jpg,1
image_06664.jpg,1
image_06665.jpg,1
image_06666.jpg,1
image_06667.jpg,1
image_06668.jpg,1
image_06669.jpg,1
image_06670.jpg,1
image_06671.jpg,1
image_06672.jpg,1
image_06673.jpg,1
image_06674.jpg,1
image_06675.jpg,1
image_06676.jpg,1
image_06677.jpg,1
image_06678.jpg,1
image_06679.jpg,1
image_06680.jpg,1
image_06681.jpg,1
image_06682.jpg,1
image_06683.jpg,1
image_06684.jpg,1
image_06685.jpg,1
image_06686.jpg,1
image_06687.jpg,1
image_06688.jpg,1
image_06689.jpg,1
image_06690.jpg,1
image_06691.jpg,1
image_06692.jpg,1
image_06693.jpg,1
image_06694.jpg,1
image_06695.jpg,1
image_06696.jpg,1
image_06697.jpg,1
image_06698.jpg,1
image_06699.jpg,1
image_06700.jpg,1
image_06701.jpg,1
image_06702.jpg,1
image_06703.jpg,1
image_06704.jpg,1
image_06705.jpg,1
image_06706.jpg,1
image_06707.jpg,1
image_06708.jpg,1
image_06709.jpg,1
image_06710.jpg,1
image_06711.jpg,1
image_06712.jpg,1
image_06713.jpg,1
image_06714.jpg,1
image_06715.jpg,1
image_06716.jpg,1
image_06717.jpg,1
image_06718.jpg,1
image_06719.jpg,1
image_06720.jpg,1
image_06721.jpg,1
image_06722.jpg,1
image_06723.jpg,1
image_06724.jpg,1
image_06725.jpg,1
image_06726.jpg,1
image_06727.jpg,1
image_06728.jpg,1
image_06729.jpg,1
image_06730.jpg,1
image_06731.jpg,1
image_06732.jpg,1
image_06733.jpg,1
image_06734.jpg,1
image_06735.jpg,1
image_06736.jpg,1
image_06737.jpg,1
image_06738.jpg,1
image_06739.jpg,1
image_06740.jpg,1
image_06741.jpg,1
image_06742.jpg,1
image_06743.jpg,1
image_06744.jpg,1
image_06745.jpg,1
image_06746.jpg,1
image_06747.jpg,1
image_06748.jpg,1
image_06749.jpg,1
image_06750.jpg,1
image_06751.jpg,1
image_06752.jpg,1
image_06753.jpg,1
image_06754.jpg,1
image_06755.jpg,1
image_06756.jpg,1
image_06757.jpg,1
image_06758.jpg,1
image_06759.jpg,1
image_06760.jpg,1
image_06761.jpg,1
image_06762.jpg,1
image_06763.jpg,1
image_06764.jpg,1
image_06765.jpg,1
image_06766.jpg,1
image_06767.jpg,1
image_06768.jpg,1
image_06769.jpg,1
image_06770.jpg,1
image_06771.jpg,1
image_06772.jpg,1
image_06773.jpg,1
image_06774.jpg,1
image_06775.jpg,1
image_06776.jpg,1
image_06777.jpg,1
image_06778.jpg,1
image_06779.jpg,1
image_06780.jpg,1
image_06781.jpg,1
image_06782.jpg,1
image_06783.jpg,1
image_06784.jpg,1
image_06785.jpg,1
image_06786.jpg,1
image_06787.jpg,1
image_06788.jpg,1
image_06789.jpg,1
image_06790.jpg,1
image_06791.jpg,1
image_06792.jpg,1
image_06793.jpg,1
image_06794.jpg,1
image_06795.jpg,1
image_06796.jpg,1
image_06797.jpg,1
image_06798.jpg,1
image_06799.jpg,1
image_06800.jpg,1
image_06801.jpg,1
image_06802.jpg,1
image_06803.jpg,1
image_06804.jpg,1
image_06805.jpg,1
image_06806.jpg,1
image_06807.jpg,1
image_06808.jpg,1
image_06809.jpg,1
image_06810.jpg,1
image_06811.jpg,1
image_06812.jpg,1
image_06813.jpg,1
image_06814.jpg,1
image_06815.jpg,1
image_06816.jpg,1
image_06817.jpg,1
image_06818.jpg,1
image_06819.jpg,1
image_06820.jpg,1
image_06821.jpg,1
image_06822.jpg,1
image_06823.jpg,1
image_06824.jpg,1
image_06825.jpg,1
image_06826.jpg,1
image_06827.jpg,1
image_06828.jpg,1
image_06829.jpg,1
image_06830.jpg,1
image_06831.jpg,1
image_06832.jpg,1
image_06833.jpg,1
image_06834.jpg,1
image_06835.jpg,1
image_06836.jpg,1
image_06837.jpg,1
image_06838.jpg,1
image_06839.jpg,1
image_06840.jpg,1
image_06841.jpg,1
image_06842.jpg,1
image_06843.jpg,1
image_06844.jpg,1
image_06845.jpg,1
image_06846.jpg,1
image_06847.jpg,1
image_06848.jpg,1
image_06849.jpg,1
image_06850.jpg,1
image_06851.jpg,1
image_06852.jpg,1
image_06853.jpg,1
image_06854.jpg,1
image_06855.jpg,1
image_06856.jpg,1
image_06857.jpg,1
image_06858.jpg,1
image_06859.jpg,1
image_06860.jpg,1
image_06861.jpg,1
image_06862.jpg,1
image_06863.jpg,1
image_06864.jpg,1
image_06865.jpg,1
image_06866.jpg,1
image_06867.jpg,1
image_06868.jpg,1
image_06869.jpg,1
image_06870.jpg,1
image_06871.jpg,1
image_06872.jpg,1
image_06873.jpg,1
image_06874.jpg,1
image_06875.jpg,1
image_06876.jpg,1
image_06877.jpg,1
image_06878.jpg,1
image_06879.jpg,1
image_06880.jpg,1
image_06881.jpg,1
image_06882.jpg,1
image_06883.jpg,1
image_06884.jpg,1
image_06885.jpg,1
image_06886.jpg,1
image_06887.jpg,1
image_06888.jpg,1
image_06889.jpg,1
image_06890.jpg,1
image_06891.jpg,1
image_06892.jpg,1
image_06893.jpg,1
image_06894.jpg,1
image_06895.jpg,1
image_06896.jpg,1
image_06897.jpg,1
image_06898.jpg,1
image_06899.jpg,1
image_06900.jpg,1
image_06901.jpg,1
image_06902.jpg,1
image_06903.jpg,1
image_06904.jpg,1
image_06905.jpg,1
image_06906.jpg,1
image_06907.jpg,1
image_06908.jpg,1
image_06909.jpg,1
image_06910.jpg,1
image_06911.jpg,1
image_06912.jpg,1
image_06913.jpg,1
image_06914.jpg,1
image_06915.jpg,1
image_06916.jpg,1
image_06917.jpg,1
image_06918.jpg,1
image_06919.jpg,1
image_06920.jpg,1
image_06921.jpg,1
image_06922.jpg,1
image_06923.jpg,1
image_06924.jpg,1
image_06925.jpg,1
image_06926.jpg,1
image_06927.jpg,1
image_06928.jpg,1
image_06929.jpg,1
image_06930.jpg,1
image_06931.jpg,1
image_06932.jpg,1
image_06933.jpg,1
image_06934.jpg,1
image_06935.jpg,1
image_06936.jpg,1
image_06937.jpg,1
image_06938.jpg,1
image_06939.jpg,1
image_06940.jpg,1
image_06941.jpg,1
image_06942.jpg,1
image_06943.jpg,1
image_06944.jpg,1
image_06945.jpg,1
image_06946.jpg,1
image_06947.jpg,1
image_06948.jpg,1
image_06949.jpg,1
image_06950.jpg,1
image_06951.jpg,1
image_06952.jpg,1
image_06953.jpg,1
image_06954.jpg,1
image_06955.jpg,1
image_06956.jpg,1
image_06957.jpg,1
image_06958.jpg,1
image_06959.jpg,1
image_06960.jpg,1
image_06961.jpg,1
image_06962.jpg,1
image_06963.jpg,1
image_06964.jpg,1
image_06965.jpg,1
image_06966.jpg,1
image_06967.jpg,1
image_06968.jpg,1
image_06969.jpg,1
image_06970.jpg,1
image_06971.jpg,1
image_06972.jpg,1
image_06973.jpg,1
image_06974.jpg,1
image_06975.jpg,1
image_06976.jpg,1
image_06977.jpg,1
image_06978.jpg,1
image_06979.jpg,1
image_06980.jpg,1
image_06981.jpg,1
image_06982.jpg,1
image_06983.jpg,1
image_06984.jpg,1
image_06985.jpg,1
image_06986.jpg,1
image_06987.jpg,1
image_06988.jpg,1
image_06989.jpg,1
image_06990.jpg,1
image_06991.jpg,1
image_06992.jpg,1
image_06993.jpg,1
image_06994.jpg,1
image_06995.jpg,1
image_06996.jpg,1
image_06997.jpg,1
image_06998.jpg,1
image_06999.jpg,1
image_07000.jpg,1
image_07001.jpg,1
image_07002.jpg,1
image_07003.jpg,1
image_07004.jpg,1
image_07005.jpg,1
image_07006.jpg,1
image_07007.jpg,1
image_07008.jpg,1
image_07009.jpg,1
image_07010.jpg,1
image_07011.jpg,1
image_07012.jpg,1
image_07013.jpg,1
image_07014.jpg,1
image_07015.jpg,1
image_07016.jpg,1
image_07017.jpg,1
image_07018.jpg,1
image_07019.jpg,1
image_07020.jpg,1
image_07021.jpg,1
image_07022.jpg,1
image_07023.jpg,1
image_07024.jpg,1
image_07025.jpg,1
image_07026.jpg,1
image_07027.jpg,1
image_07028.jpg,1
image_07029.jpg,1
image_07030.jpg,1
image_07031.jpg,1
image_07032.jpg,1
image_07033.jpg,1
image_07034.jpg,1
image_07035.jpg,1
image_07036.jpg,1
image_07037.jpg,1
image_07038.jpg,1
image_07039.jpg,1
image_07040.jpg,1
image_07041.jpg,1
image_07042.jpg,1
image_07043.jpg,1
image_07044.jpg,1
image_07045.jpg,1
image_07046.jpg,1
image_07047.jpg,1
image_07048.jpg,1
image_07049.jpg,1
image_07050.jpg,1
image_07051.jpg,1
image_07052.jpg,1
image_07053.jpg,1
image_07054.jpg,1
image_07055.jpg,1
image_07056.jpg,1
image_07057.jpg,1
image_07058.jpg,1
image_07059.jpg,1
image_07060.jpg,1
image_07061.jpg,1
image_07062.jpg,1
image_07063.jpg,1
image_07064.jpg,1
image_07065.jpg,1
image_07066.jpg,1
image_07067.jpg,1
image_07068.jpg,1
image_07069.jpg,1
image_07070.jpg,1
image_07071.jpg,1
image_07072.jpg,1
image_07073.jpg,1
image_07074.jpg,1
image_07075.jpg,1
image_07076.jpg,1
image_07077.jpg,1
image_07078.jpg,1
image_07079.jpg,1
image_07080.jpg,1
image_07081.jpg,1
image_07082.jpg,1
image_07083.jpg,1
image_07084.jpg,1
image_07085.jpg,1
image_07086.jpg,1
image_07087.jpg,1
image_07088.jpg,1
image_07089.jpg,1
image_07090.jpg,1
image_07091.jpg,1
image_07092.jpg,1
image_07093.jpg,1
image_07094.jpg,1
image_07095.jpg,1
image_07096.jpg,1
image_07097.jpg,1
image_07098.jpg,1
image_07099.jpg,1
image_07100.jpg,1
image_07101.jpg,1
image_07102.jpg,1
image_07103.jpg,1
image_07104.jpg,1
image_07105.jpg,1
image_07106.jpg,1
image_07107.jpg,1
image_07108.jpg,1
image_07109.jpg,1
image_07110.jpg,1
image_07111.jpg,1
image_07112.jpg,1
image_07113.jpg,1
image_07114.jpg,1
image_07115.jpg,1
image_07116.jpg,1
image_07117.jpg,1
image_07118.jpg,1
image_07119.jpg,1
image_07120.jpg,1
image_07121.jpg,1
image_07122.jpg,1
image_07123.jpg,1
image_07124.jpg,1
image_07125.jpg,1
image_07126.jpg,1
image_07127.jpg,1
image_07128.jpg,1
image_07129.jpg,1
image_07130.jpg,1
image_07131.jpg,1
image_07132.jpg,1
image_07133.jpg,1
image_07134.jpg,1
image_07135.jpg,1
image_07136.jpg,1
image_07137.jpg,1
image_07138.jpg,1
image_07139.jpg,1
image_07140.jpg,1
image_07141.jpg,1
image_07142.jpg,1
image_07143.jpg,1
image_07144.jpg,1
image_07145.jpg,1
image_07146.jpg,1
image_07147.jpg,1
image_07148.jpg,1
image_07149.jpg,1
image_07150.jpg,1
image_07151.jpg,1
image_07152.jpg,1
image_07153.jpg,1
image_07154.jpg,1
image_07155.jpg,1
image_07156.jpg,1
image_07157.jpg,1
image_07158.jpg,1
image_07159.jpg,1
image_07160.jpg,1
image_07161.jpg,1
image_07162.jpg,1
image_07163.jpg,1
image_07164.jpg,1
image_07165.jpg,1
image_07166.jpg,1
image_07167.jpg,1
image_07168.jpg,1
image_07169.jpg,1
image_07170.jpg,1
image_07171.jpg,1
image_07172.jpg,1
image_07173.jpg,1
image_07174.jpg,1
image_07175.jpg,1
image_07176.jpg,1
image_07177.jpg,1
image_07178.jpg,1
image_07179.jpg,1
image_07180.jpg,1
image_07181.jpg,1
image_07182.jpg,1
image_07183.jpg,1
image_07184.jpg,1
image_07185.jpg,1
image_07186.jpg,1
image_07187.jpg,1
image_07188.jpg,1
image_07189.jpg,1
image_07190.jpg,1
image_07191.jpg,1
image_07192.jpg,1
image_07193.jpg,1
image_07194.jpg,1
image_07195.jpg,1
image_07196.jpg,1
image_07197.jpg,1
image_07198.jpg,1
image_07199.jpg,1
image_07200.jpg,1
image_07201.jpg,1
image_07202.jpg,1
image_07203.jpg,1
image_07204.jpg,1
image_07205.jpg,1
image_07206.jpg,1
image_07207.jpg,1
image_07208.jpg,1
image_07209.jpg,1
image_07210.jpg,1
image_07211.jpg,1
image_07212.jpg,1
image_07213.jpg,1
image_07214.jpg,1
image_07215.jpg,1
image_07216.jpg,1
image_07217.jpg,1
image_07218.jpg,1
image_07219.jpg,1
image_07220.jpg,1
image_07221.jpg,1
image_07222.jpg,1
image_07223.jpg,1
image_07224.jpg,1
image_07225.jpg,1
image_07226.jpg,1
image_07227.jpg,1
image_07228.jpg,1
image_07229.jpg,1
image_07230.jpg,1
image_07231.jpg,1
image_07232.jpg,1
image_07233.jpg,1
image_07234.jpg,1
image_07235.jpg,1
image_07236.jpg,1
image_07237.jpg,1
image_07238.jpg,1
image_07239.jpg,1
image_07240.jpg,1
image_07241.jpg,1
image_07242.jpg,1
image_07243.jpg,1
image_07244.jpg,1
image_07245.jpg,1
image_07246.jpg,1
image_07247.jpg,1
image_07248.jpg,1
image_07249.jpg,1
image_07250.jpg,1
image_07251.jpg,1
image_07252.jpg,1
image_07253.jpg,1
image_07254.jpg,1
image_07255.jpg,1
image_07256.jpg,1
image_07257.jpg,1
image_07258.jpg,1
image_07259.jpg,1
image_07260.jpg,1
image_07261.jpg,1
image_07262.jpg,1
image_07263.jpg,1
image_07264.jpg,1
image_07265.jpg,1
image_07266.jpg,1
image_07267.jpg,1
image_07268.jpg,1
image_07269.jpg,1
image_07270.jpg,1
image_07271.jpg,1
image_07272.jpg,1
image_07273.jpg,1
image_07274.jpg,1
image_07275.jpg,1
image_07276.jpg,1
image_07277.jpg,1
image_07278.jpg,1
image_07279.jpg,1
image_07280.jpg,1
image_07281.jpg,1
image_07282.jpg,1
image_07283.jpg,1
image_07284.jpg,1
image_07285.jpg,1
image_07286.jpg,1
image_07287.jpg,1
image_07288.jpg,1
image_07289.jpg,1
image_07290.jpg,1
image_07291.jpg,1
image_07292.jpg,1
image_07293.jpg,1
image_07294.jpg,1
image_07295.jpg,1
image_07296.jpg,1
image_07297.jpg,1
image_07298.jpg,1
image_07299.jpg,1
image_07300.jpg,1
image_07301.jpg,1
image_07302.jpg,1
image_07303.jpg,1
image_07304.jpg,1
image_07305.jpg,1
image_07306.jpg,1
image_07307.jpg,1
image_07308.jpg,1
image_07309.jpg,1
image_07310.jpg,1
image_07311.jpg,1
image_07312.jpg,1
image_07313.jpg,1
image_07314.jpg,1
image_07315.jpg,1
image_07316.jpg,1
image_07317.jpg,1
image_07318.jpg,1
image_07319.jpg,1
image_07320.jpg,1
image_07321.jpg,1
image_07322.jpg,1
image_07323.jpg,1
image_07324.jpg,1
image_07325.jpg,1
image_07326.jpg,1
image_07327.jpg,1
image_07328.jpg,1
image_07329.jpg,1
image_07330.jpg,1
image_07331.jpg,1
image_07332.jpg,1
image_07333.jpg,1
image_07334.jpg,1
image_07335.jpg,1
image_07336.jpg,1
image_07337.jpg,1
image_07338.jpg,1
image_07339.jpg,1
image_07340.jpg,1
image_07341.jpg,1
image_07342.jpg,1
image_07343.jpg,1
image_07344.jpg,1
image_07345.jpg,1
image_07346.jpg,1
image_07347.jpg,1
image_07348.jpg,1
image_07349.jpg,1
image_07350.jpg,1
image_07351.jpg,1
image_07352.jpg,1
image_07353.jpg,1
image_07354.jpg,1
image_07355.jpg,1
image_07356.jpg,1
image_07357.jpg,1
image_07358.jpg,1
image_07359.jpg,1
image_07360.jpg,1
image_07361.jpg,1
image_07362.jpg,1
image_07363.jpg,1
image_07364.jpg,1
image_07365.jpg,1
image_07366.jpg,1
image_07367.jpg,1
image_07368.jpg,1
image_07369.jpg,1
image_07370.jpg,1
image_07371.jpg,1
image_07372.jpg,1
image_07373.jpg,1
image_07374.jpg,1
image_07375.jpg,1
image_07376.jpg,1
image_07377.jpg,1
image_07378.jpg,1
image_07379.jpg,1
image_07380.jpg,1
image_07381.jpg,1
image_07382.jpg,1
image_07383.jpg,1
image_07384.jpg,1
image_07385.jpg,1
image_07386.jpg,1
image_07387.jpg,1
image_07388.jpg,1
image_07389.jpg,1
image_07390.jpg,1
image_07391.jpg,1
image_07392.jpg,1
image_07393.jpg,1
image_07394.jpg,1
image_07395.jpg,1
image_07396.jpg,1
image_07397.jpg,1
image_07398.jpg,1
image_07399.jpg,1
image_07400.jpg,1
image_07401.jpg,1
image_07402.jpg,1
image_07403.jpg,1
image_07404.jpg,1
image_07405.jpg,1
image_07406.jpg,1
image_07407.jpg,1
image_07408.jpg,1
image_07409.jpg,1
image_07410.jpg,1
image_07411.jpg,1
image_07412.jpg,1
image_07413.jpg,1
image_07414.jpg,1
image_07415.jpg,1
image_07416.jpg,1
image_07417.jpg,1
image_07418.jpg,1
image_07419.jpg,1
image_07420.jpg,1
image_07421.jpg,1
image_07422.jpg,1
image_07423.jpg,1
image_07424.jpg,1
image_07425.jpg,1
image_07426.jpg,1
image_07427.jpg,1
image_07428.jpg,1
image_07429.jpg,1
image_07430.jpg,1
image_07431.jpg,1
image_07432.jpg,1
image_07433.jpg,1
image_07434.jpg,1
image_07435.jpg,1
image_07436.jpg,1
image_07437.jpg,1
image_07438.jpg,1
image_07439.jpg,1
image_07440.jpg,1
image_07441.jpg,1
image_07442.jpg,1
image_07443.jpg,1
image_07444.jpg,1
image_07445.jpg,1
image_07446.jpg,1
image_07447.jpg,1
image_07448.jpg,1
image_07449.jpg,1
image_07450.jpg,1
image_07451.jpg,1
image_07452.jpg,1
image_07453.jpg,1
image_07454.jpg,1
image_07455.jpg,1
image_07456.jpg,1
image_07457.jpg,1
image_07458.jpg,1
image_07459.jpg,1
image_07460.jpg,1
image_07461.jpg,1
image_07462.jpg,1
image_07463.jpg,1
image_07464.jpg,1
image_07465.jpg,1
image_07466.jpg,1
image_07467.jpg,1
image_07468.jpg,1
image_07469.jpg,1
image_07470.jpg,1
image_07471.jpg,1
image_07472.jpg,1
image_07473.jpg,1
image_07474.jpg,1
image_07475.jpg,1
image_07476.jpg,1
image_07477.jpg,1
image_07478.jpg,1
image_07479.jpg,1
image_07480.jpg,1
image_07481.jpg,1
image_07482.jpg,1
image_07483.jpg,1
image_07484.jpg,1
image_07485.jpg,1
image_07486.jpg,1
image_07487.jpg,1
image_07488.jpg,1
image_07489.jpg,1
image_07490.jpg,1
image_07491.jpg,1
image_07492.jpg,1
image_07493.jpg,1
image_07494.jpg,1
image_07495.jpg,1
image_07496.jpg,1
image_07497.jpg,1
image_07498.jpg,1
image_07499.jpg,1
image_07500.jpg,1
image_07501.jpg,1
image_07502.jpg,1
image_07503.jpg,1
image_07504.jpg,1
image_07505.jpg,1
image_07506.jpg,1
image_07507.jpg,1
image_07508.jpg,1
image_07509.jpg,1
image_07510.jpg,1
image_07511.jpg,1
image_07512.jpg,1
image_07513.jpg,1
image_07514.jpg,1
image_07515.jpg,1
image_07516.jpg,1
image_07517.jpg,1
image_07518.jpg,1
image_07519.jpg,1
image_07520.jpg,1
image_07521.jpg,1
image_07522.jpg,1
image_07523.jpg,1
image_07524.jpg,1
image_07525.jpg,1
image_07526.jpg,1
image_07527.jpg,1
image_07528.jpg,1
image_07529.jpg,1
image_07530.jpg,1
image_07531.jpg,1
image_07532.jpg,1
image_07533.jpg,1
image_07534.jpg,1
image_07535.jpg,1
image_07536.jpg,1
image_07537.jpg,1
image_07538.jpg,1
image_07539.jpg,1
image_07540.jpg,1
image_07541.jpg,1
image_07542.jpg,1
image_07543.jpg,1
image_07544.jpg,1
image_07545.jpg,1
image_07546.jpg,1
image_07547.jpg,1
image_07548.jpg,1
image_07549.jpg,1
image_07550.jpg,1
image_07551.jpg,1
image_07552.jpg,1
image_07553.jpg,1
image_07554.jpg,1
image_07555.jpg,1
image_07556.jpg,1
image_07557.jpg,1
image_07558.jpg,1
image_07559.jpg,1
image_07560.jpg,1
image_07561.jpg,1
image_07562.jpg,1
image_07563.jpg,1
image_07564.jpg,1
image_07565.jpg,1
image_07566.jpg,1
image_07567.jpg,1
image_07568.jpg,1
image_07569.jpg,1
image_07570.jpg,1
image_07571.jpg,1
image_07572.jpg,1
image_07573.jpg,1
image_07574.jpg,1
image_07575.jpg,1
image_07576.jpg,1
image_07577.jpg,1
image_07578.jpg,1
image_07579.jpg,1
image_07580.jpg,1
image_07581.jpg,1
image_07582.jpg,1
image_07583.jpg,1
image_07584.jpg,1
image_07585.jpg,1
image_07586.jpg,1
image_07587.jpg,1
image_07588.jpg,1
image_07589.jpg,1
image_07590.jpg,1
image_07591.jpg,1
image_07592.jpg,1
image_07593.jpg,1
image_07594.jpg,1
image_07595.jpg,1
image_07596.jpg,1
image_07597.jpg,1
image_07598.jpg,1
image_07599.jpg,1
image_07600.jpg,1
image_07601.jpg,1
image_07602.jpg,1
image_07603.jpg,1
image_07604.jpg,1
image_07605.jpg,1
image_07606.jpg,1
image_07607.jpg,1
image_07608.jpg,1
image_07609.jpg,1
image_07610.jpg,1
image_07611.jpg,1
image_07612.jpg,1
image_07613.jpg,1
image_07614.jpg,1
image_07615.jpg,1
image_07616.jpg,1
image_07617.jpg,1
image_07618.jpg,1
image_07619.jpg,1
image_07620.jpg,1
image_07621.jpg,1
image_07622.jpg,1
image_07623.jpg,1
image_07624.jpg,1
image_07625.jpg,1
image_07626.jpg,1
image_07627.jpg,1
image_07628.jpg,1
image_07629.jpg,1
image_07630.jpg,1
image_07631.jpg,1
image_07632.jpg,1
image_07633.jpg,1
image_07634.jpg,1
image_07635.jpg,1
image_07636.jpg,1
image_07637.jpg,1
image_07638.jpg,1
image_07639.jpg,1
image_07640.jpg,1
image_07641.jpg,1
image_07642.jpg,1
image_07643.jpg,1
image_07644.jpg,1
image_07645.jpg,1
image_07646.jpg,1
image_07647.jpg,1
image_07648.jpg,1
image_07649.jpg,1
image_07650.jpg,1
image_07651.jpg,1
image_07652.jpg,1
image_07653.jpg,1
image_07654.jpg,1
image_07655.jpg,1
image_07656.jpg,1
image_07657.jpg,1
image_07658.jpg,1
image_07659.jpg,1
image_07660.jpg,1
image_07661.jpg,1
image_07662.jpg,1
image_07663.jpg,1
image_07664.jpg,1
image_07665.jpg,1
image_07666.jpg,1
image_07667.jpg,1
image_07668.jpg,1
image_07669.jpg,1
image_07670.jpg,1
image_07671.jpg,1
image_07672.jpg,1
image_07673.jpg,1
image_07674.jpg,1
image_07675.jpg,1
image_07676.jpg,1
image_07677.jpg,1
image_07678.jpg,1
image_07679.jpg,1
image_07680.jpg,1
image_07681.jpg,1
image_07682.jpg,1
image_07683.jpg,1
image_07684.jpg,1
image_07685.jpg,1
image_07686.jpg,1
image_07687.jpg,1
image_07688.jpg,1
image_07689.jpg,1
image_07690.jpg,1
image_07691.jpg,1
image_07692.jpg,1
image_07693.jpg,1
image_07694.jpg,1
image_07695.jpg,1
image_07696.jpg,1
image_07697.jpg,1
image_07698.jpg,1
image_07699.jpg,1
image_07700.jpg,1
image_07701.jpg,1
image_07702.jpg,1
image_07703.jpg,1
image_07704.jpg,1
image_07705.jpg,1
image_07706.jpg,1
image_07707.jpg,1
image_07708.jpg,1
image_07709.jpg,1
image_07710.jpg,1
image_07711.jpg,1
image_07712.jpg,1
image_07713.jpg,1
image_07714.jpg,1
image_07715.jpg,1
image_07716.jpg,1
image_07717.jpg,1
image_07718.jpg,1
image_07719.jpg,1
image_07720.jpg,1
image_07721.jpg,1
image_07722.jpg,1
image_07723.jpg,1
image_07724.jpg,1
image_07725.jpg,1
image_07726.jpg,1
image_07727.jpg,1
image_07728.jpg,1
image_07729.jpg,1
image_07730.jpg,1
image_07731.jpg,1
image_07732.jpg,1
image_07733.jpg,1
image_07734.jpg,1
image_07735.jpg,1
image_07736.jpg,1
image_07737.jpg,1
image_07738.jpg,1
image_07739.jpg,1
image_07740.jpg,1
image_07741.jpg,1
image_07742.jpg,1
image_07743.jpg,1
image_07744.jpg,1
image_07745.jpg,1
image_07746.jpg,1
image_07747.jpg,1
image_07748.jpg,1
image_07749.jpg,1
image_07750.jpg,1
image_07751.jpg,1
image_07752.jpg,1
image_07753.jpg,1
image_07754.jpg,1
image_07755.jpg,1
image_07756.jpg,1
image_07757.jpg,1
image_07758.jpg,1
image_07759.jpg,1
image_07760.jpg,1
image_07761.jpg,1
image_07762.jpg,1
image_07763.jpg,1
image_07764.jpg,1
image_07765.jpg,1
image_07766.jpg,1
image_07767.jpg,1
image_07768.jpg,1
image_07769.jpg,1
image_07770.jpg,1
image_07771.jpg,1
image_07772.jpg,1
image_07773.jpg,1
image_07774.jpg,1
image_07775.jpg,1
image_07776.jpg,1
image_07777.jpg,1
image_07778.jpg,1
image_07779.jpg,1
image_07780.jpg,1
image_07781.jpg,1
image_07782.jpg,1
image_07783.jpg,1
image_07784.jpg,1
image_07785.jpg,1
image_07786.jpg,1
image_07787.jpg,1
image_07788.jpg,1
image_07789.jpg,1
image_07790.jpg,1
image_07791.jpg,1
image_07792.jpg,1
image_07793.jpg,1
image_07794.jpg,1
image_07795.jpg,1
image_07796.jpg,1
image_07797.jpg,1
image_07798.jpg,1
image_07799.jpg,1
image_07800.jpg,1
image_07801.jpg,1
image_07802.jpg,1
image_07803.jpg,1
image_07804.jpg,1
image_07805.jpg,1
image_07806.jpg,1
image_07807.jpg,1
image_07808.jpg,1
image_07809.jpg,1
image_07810.jpg,1
image_07811.jpg,1
image_07812.jpg,1
image_07813.jpg,1
image_07814.jpg,1
image_07815.jpg,1
image_07816.jpg,1
image_07817.jpg,1
image_07818.jpg,1
image_07819.jpg,1
image_07820.jpg,1
image_07821.jpg,1
image_07822.jpg,1
image_07823.jpg,1
image_07824.jpg,1
image_07825.jpg,1
image_07826.jpg,1
image_07827.jpg,1
image_07828.jpg,1
image_07829.jpg,1
image_07830.jpg,1
image_07831.jpg,1
image_07832.jpg,1
image_07833.jpg,1
image_07834.jpg,1
image_07835.jpg,1
image_07836.jpg,1
image_07837.jpg,1
image_07838.jpg,1
image_07839.jpg,1
image_07840.jpg,1
image_07841.jpg,1
image_07842.jpg,1
image_07843.jpg,1
image_07844.jpg,1
image_07845.jpg,1
image_07846.jpg,1
image_07847.jpg,1
image_07848.jpg,1
image_07849.jpg,1
image_07850.jpg,1
image_07851.jpg,1
image_07852.jpg,1
image_07853.jpg,1
image_07854.jpg,1
image_07855.jpg,1
image_07856.jpg,1
image_07857.jpg,1
image_07858.jpg,1
image_07859.jpg,1
image_07860.jpg,1
image_07861.jpg,1
image_07862.jpg,1
image_07863.jpg,1
image_07864.jpg,1
image_07865.jpg,1
image_07866.jpg,1
image_07867.jpg,1
image_07868.jpg,1
image_07869.jpg,1
image_07870.jpg,1
image_07871.jpg,1
image_07872.jpg,1
image_07873.jpg,1
image_07874.jpg,1
image_07875.jpg,1
image_07876.jpg,1
image_07877.jpg,1
image_07878.jpg,1
image_07879.jpg,1
image_07880.jpg,1
image_07881.jpg,1
image_07882.jpg,1
image_07883.jpg,1
image_07884.jpg,1
image_07885.jpg,1
image_07886.jpg,1
image_07887.jpg,1
image_07888.jpg,1
image_07889.jpg,1
image_07890.jpg,1
image_07891.jpg,1
image_07892.jpg,1
image_07893.jpg,1
image_07894.jpg,1
image_07895.jpg,1
image_07896.jpg,1
image_07897.jpg,1
image_07898.jpg,1
image_07899.jpg,1
image_07900.jpg,1
image_07901.jpg,1
image_07902.jpg,1
image_07903.jpg,1
image_07904.jpg,1
image_07905.jpg,1
image_07906.jpg,1
image_07907.jpg,1
image_07908.jpg,1
image_07909.jpg,1
image_07910.jpg,1
image_07911.jpg,1
image_07912.jpg,1
image_07913.jpg,1
image_07914.jpg,1
image_07915.jpg,1
image_07916.jpg,1
image_07917.jpg,1
image_07918.jpg,1
image_07919.jpg,1
image_07920.jpg,1
image_07921.jpg,1
image_07922.jpg,1
image_07923.jpg,1
image_07924.jpg,1
image_07925.jpg,1
image_07926.jpg,1
image_07927.jpg,1
image_07928.jpg,1
image_07929.jpg,1
image_07930.jpg,1
image_07931.jpg,1
image_07932.jpg,1
image_07933.jpg,1
image_07934.jpg,1
image_07935.jpg,1
image_07936.jpg,1
image_07937.jpg,1
image_07938.jpg,1
image_07939.jpg,1
image_07940.jpg,1
image_07941.jpg,1
image_07942.jpg,1
image_07943.jpg,1
image_07944.jpg,1
image_07945.jpg,1
image_07946.jpg,1
image_07947.jpg,1
image_07948.jpg,1
image_07949.jpg,1
image_07950.jpg,1
image_07951.jpg,1
image_07952.jpg,1
image_07953.jpg,1
image_07954.jpg,1
image_07955.jpg,1
image_07956.jpg,1
image_07957.jpg,1
image_07958.jpg,1
image_07959.jpg,1
image_07960.jpg,1
image_07961.jpg,1
image_07962.jpg,1
image_07963.jpg,1
image_07964.jpg,1
image_07965.jpg,1
image_07966.jpg,1
image_07967.jpg,1
image_07968.jpg,1
image_07969.jpg,1
image_07970.jpg,1
image_07971.jpg,1
image_07972.jpg,1
image_07973.jpg,1
image_07974.jpg,1
image_07975.jpg,1
image_07976.jpg,1
image_07977.jpg,1
image_07978.jpg,1
image_07979.jpg,1
image_07980.jpg,1
image_07981.jpg,1
image_07982.jpg,1
image_07983.jpg,1
image_07984.jpg,1
image_07985.jpg,1
image_07986.jpg,1
image_07987.jpg,1
image_07988.jpg,1
image_07989.jpg,1
image_07990.jpg,1
image_07991.jpg,1
image_07992.jpg,1
image_07993.jpg,1
image_07994.jpg,1
image_07995.jpg,1
image_07996.jpg,1
image_07997.jpg,1
image_07998.jpg,1
image_07999.jpg,1
image_08000.jpg,1
image_08001.jpg,1
image_08002.jpg,1
image_08003.jpg,1
image_08004.jpg,1
image_08005.jpg,1
image_08006.jpg,1
image_08007.jpg,1
image_08008.jpg,1
image_08009.jpg,1
image_08010.jpg,1
image_08011.jpg,1
image_08012.jpg,1
image_08013.jpg,1
image_08014.jpg,1
image_08015.jpg,1
image_08016.jpg,1
image_08017.jpg,1
image_08018.jpg,1
image_08019.jpg,1
image_08020.jpg,1
image_08021.jpg,1
image_08022.jpg,1
image_08023.jpg,1
image_08024.jpg,1
image_08025.jpg,1
image_08026.jpg,1
image_08027.jpg,1
image_08028.jpg,1
image_08029.jpg,1
image_08030.jpg,1
image_08031.jpg,1
image_08032.jpg,1
image_08033.jpg,1
image_08034.jpg,1
image_08035.jpg,1
image_08036.jpg,1
image_08037.jpg,1
image_08038.jpg,1
image_08039.jpg,1
image_08040.jpg,1
image_08041.jpg,1
image_08042.jpg,1
image_08043.jpg,1
image_08044.jpg,1
image_08045.jpg,1
image_08046.jpg,1
image_08047.jpg,1
image_08048.jpg,1
image_08049.jpg,1
image_08050.jpg,1
image_08051.jpg,1
image_08052.jpg,1
image_08053.jpg,1
image_08054.jpg,1
image_08055.jpg,1
image_08056.jpg,1
image_08057.jpg,1
image_08058.jpg,1
image_08059.jpg,1
image_08060.jpg,1
image_08061.jpg,1
image_08062.jpg,1
image_08063.jpg,1
image_08064.jpg,1
image_08065.jpg,1
image_08066.jpg,1
image_08067.jpg,1
image_08068.jpg,1
image_08069.jpg,1
image_08070.jpg,1
image_08071.jpg,1
image_08072.jpg,1
image_08073.jpg,1
image_08074.jpg,1
image_08075.jpg,1
image_08076.jpg,1
image_08077.jpg,1
image_08078.jpg,1
image_08079.jpg,1
image_08080.jpg,1
image_08081.jpg,1
image_08082.jpg,1
image_08083.jpg,1
image_08084.jpg,1
image_08085.jpg,1
image_08086.jpg,1
image_08087.jpg,1
image_08088.jpg,1
image_08089.jpg,1
image_08090.jpg,1
image_08091.jpg,1
image_08092.jpg,1
image_08093.jpg,1
image_08094.jpg,1
image_08095.jpg,1
image_08096.jpg,1
image_08097.jpg,1
image_08098.jpg,1
image_08099.jpg,1
image_08100.jpg,1
image_08101.jpg,1
image_08102.jpg,1
image_08103.jpg,1
image_08104.jpg,1
image_08105.jpg,1
image_08106.jpg,1
image_08107.jpg,1
image_08108.jpg,1
image_08109.jpg,1
image_08110.jpg,1
image_08111.jpg,1
image_08112.jpg,1
image_08113.jpg,1
image_08114.jpg,1
image_08115.jpg,1
image_08116.jpg,1
image_08117.jpg,1
image_08118.jpg,1
image_08119.jpg,1
image_08120.jpg,1
image_08121.jpg,1
image_08122.jpg,1
image_08123.jpg,1
image_08124.jpg,1
image_08125.jpg,1
image_08126.jpg,1
image_08127.jpg,1
image_08128.jpg,1
image_08129.jpg,1
image_08130.jpg,1
image_08131.jpg,1
image_08132.jpg,1
image_08133.jpg,1
image_08134.jpg,1
image_08135.jpg,1
image_08136.jpg,1
image_08137.jpg,1
image_08138.jpg,1
image_08139.jpg,1
image_08140.jpg,1
image_08141.jpg,1
image_08142.jpg,1
image_08143.jpg,1
image_08144.jpg,1
image_08145.jpg,1
image_08146.jpg,1
image_08147.jpg,1
image_08148.jpg,1
image_08149.jpg,1
image_08150.jpg,1
image_08151.jpg,1
image_08152.jpg,1
image_08153.jpg,1
image_08154.jpg,1
image_08155.jpg,1
image_08156.jpg,1
image_08157.jpg,1
image_08158.jpg,1
image_08159.jpg,1
image_08160.jpg,1
image_08161.jpg,1
image_08162.jpg,1
image_08163.jpg,1
image_08164.jpg,1
image_08165.jpg,1
image_08166.jpg,1
image_08167.jpg,1
image_08168.jpg,1
image_08169.jpg,1
image_08170.jpg,1
image_08171.jpg,1
image_08172.jpg,1
image_08173.jpg,1
image_08174.jpg,1
image_08175.jpg,1
image_08176.jpg,1
image_08177.jpg,1
image_08178.jpg,1
image_08179.jpg,1
image_08180.jpg,1
image_08181.jpg,1
image_08182.jpg,1
image_08183.jpg,1
image_08184.jpg,1
image_08185.jpg,1
image_08186.jpg,1
image_08187.jpg,1
image_08188.jpg,1
image_08189.jpg,1
image_08190.jpg,1
image_08191.jpg,1
image_08192.jpg,1
image_08193.jpg,1
image_08194.jpg,1
image_08195.jpg,1
image_08196.jpg,1
image_08197.jpg,1
image_08198.jpg,1
image_08199.jpg,1
image_08200.jpg,1
image_08201.jpg,1
image_08202.jpg,1
image_08203.jpg,1
image_08204.jpg,1
image_08205.jpg,1
image_08206.jpg,1
image_08207.jpg,1
image_08208.jpg,1
image_08209.jpg,1
image_08210.jpg,1
image_08211.jpg,1
image_08212.jpg,1
image_08213.jpg,1
image_08214.jpg,1
image_08215.jpg,1
image_08216.jpg,1
image_08217.jpg,1
image_08218.jpg,1
image_08219.jpg,1
image_08220.jpg,1
image_08221.jpg,1
image_08222.jpg,1
image_08223.jpg,1
image_08224.jpg,1
image_08225.jpg,1
image_08226.jpg,1
image_08227.jpg,1
image_08228.jpg,1
image_08229.jpg,1
image_08230.jpg,1
image_08231.jpg,1
image_08232.jpg,1
image_08233.jpg,1
image_08234.jpg,1
image_08235.jpg,1
image_08236.jpg,1
image_08237.jpg,1
image_08238.jpg,1
image_08239.jpg,1
image_08240.jpg,1
image_08241.jpg,1
image_08242.jpg,1
image_08243.jpg,1
image_08244.jpg,1
image_08245.jpg,1
image_08246.jpg,1
image_08247.jpg,1
image_08248.jpg,1
image_08249.jpg,1
image_08250.jpg,1
image_08251.jpg,1
image_08252.jpg,1
image_08253.jpg,1
image_08254.jpg,1
image_08255.jpg,1
image_08256.jpg,1
image_08257.jpg,1
image_08258.jpg,1
image_08259.jpg,1
image_08260.jpg,1
image_08261.jpg,1
image_08262.jpg,1
image_08263.jpg,1
image_08264.jpg,1
image_08265.jpg,1
image_08266.jpg,1
image_08267.jpg,1
image_08268.jpg,1
image_08269.jpg,1
image_08270.jpg,1
image_08271.jpg,1
image_08272.jpg,1
image_08273.jpg,1
image_08274.jpg,1
image_08275.jpg,1
image_08276.jpg,1
image_08277.jpg,1
image_08278.jpg,1
image_08279.jpg,1
image_08280.jpg,1
image_08281.jpg,1
image_08282.jpg,1
image_08283.jpg,1
image_08284.jpg,1
image_08285.jpg,1
image_08286.jpg,1
image_08287.jpg,1
image_08288.jpg,1
image_08289.jpg,1
image_08290.jpg,1
image_08291.jpg,1
image_08292.jpg,1
image_08293.jpg,1
image_08294.jpg,1
image_08295.jpg,1
image_08296.jpg,1
image_08297.jpg,1
image_08298.jpg,1
image_08299.jpg,1
image_08300.jpg,1
image_08301.jpg,1
image_08302.jpg,1
image_08303.jpg,1
image_08304.jpg,1
image_08305.jpg,1
image_08306.jpg,1
image_08307.jpg,1
image_08308.jpg,1
image_08309.jpg,1
image_08310.jpg,1
image_08311.jpg,1
image_08312.jpg,1
image_08313.jpg,1
image_08314.jpg,1
image_08315.jpg,1
image_08316.jpg,1
image_08317.jpg,1
image_08318.jpg,1
image_08319.jpg,1
image_08320.jpg,1
image_08321.jpg,1
image_08322.jpg,1
image_08323.jpg,1
image_08324.jpg,1
image_08325.jpg,1
image_08326.jpg,1
image_08327.jpg,1
image_08328.jpg,1
image_08329.jpg,1
image_08330.jpg,1
image_08331.jpg,1
image_08332.jpg,1
image_08333.jpg,1
image_08334.jpg,1
image_08335.jpg,1
image_08336.jpg,1
image_08337.jpg,1
image_08338.jpg,1
image_08339.jpg,1
image_08340.jpg,1
image_08341.jpg,1
image_08342.jpg,1
image_08343.jpg,1
image_08344.jpg,1
image_08345.jpg,1
image_08346.jpg,1
image_08347.jpg,1
image_08348.jpg,1
image_08349.jpg,1
image_08350.jpg,1
image_08351.jpg,1
image_08352.jpg,1
image_08353.jpg,1
image_08354.jpg,1
image_08355.jpg,1
image_08356.jpg,1
image_08357.jpg,1
image_08358.jpg,1
image_08359.jpg,1
image_08360.jpg,1
image_08361.jpg,1
image_08362.jpg,1
image_08363.jpg,1
image_08364.jpg,1
image_08365.jpg,1
image_08366.jpg,1
image_08367.jpg,1
image_08368.jpg,1
image_08369.jpg,1
image_08370.jpg,1
image_08371.jpg,1
image_08372.jpg,1
image_08373.jpg,1
image_08374.jpg,1
image_08375.jpg,1
image_08376.jpg,1
image_08377.jpg,1
image_08378.jpg,1
image_08379.jpg,1
image_08380.jpg,1
image_08381.jpg,1
image_08382.jpg,1
image_08383.jpg,1
image_08384.jpg,1
image_08385.jpg,1
image_08386.jpg,1
image_08387.jpg,1
image_08388.jpg,1
image_08389.jpg,1
image_08390.jpg,1
image_08391.jpg,1
image_08392.jpg,1
image_08393.jpg,1
image_08394.jpg,1
image_08395.jpg,1
image_08396.jpg,1
image_08397.jpg,1
image_08398.jpg,1
image_08399.jpg,1
image_08400.jpg,1
image_08401.jpg,1
image_08402.jpg,1
image_08403.jpg,1
image_08404.jpg,1
image_08405.jpg,1
image_08406.jpg,1
image_08407.jpg,1
image_08408.jpg,1
image_08409.jpg,1
image_08410.jpg,1
image_08411.jpg,1
image_08412.jpg,1
image_08413.jpg,1
image_08414.jpg,1
image_08415.jpg,1
image_08416.jpg,1
image_08417.jpg,1
image_08418.jpg,1
image_08419.jpg,1
image_08420.jpg,1
image_08421.jpg,1
image_08422.jpg,1
image_08423.jpg,1
image_08424.jpg,1
image_08425.jpg,1
image_08426.jpg,1
image_08427.jpg,1
image_08428.jpg,1
image_08429.jpg,1
image_08430.jpg,1
image_08431.jpg,1
image_08432.jpg,1
image_08433.jpg,1
image_08434.jpg,1
image_08435.jpg,1
image_08436.jpg,1
image_08437.jpg,1
image_08438.jpg,1
image_08439.jpg,1
image_08440.jpg,1
image_08441.jpg,1
image_08442.jpg,1
image_08443.jpg,1
image_08444.jpg,1
image_08445.jpg,1
image_08446.jpg,1
image_08447.jpg,1
image_08448.jpg,1
image_08449.jpg,1
image_08450.jpg,1
image_08451.jpg,1
image_08452.jpg,1
image_08453.jpg,1
image_08454.jpg,1
image_08455.jpg,1
image_08456.jpg,1
image_08457.jpg,1
image_08458.jpg,1
image_08459.jpg,1
image_08460.jpg,1
image_08461.jpg,1
image_08462.jpg,1
image_08463.jpg,1
image_08464.jpg,1
image_08465.jpg,1
image_08466.jpg,1
image_08467.jpg,1
image_08468.jpg,1
image_08469.jpg,1
image_08470.jpg,1
image_08471.jpg,1
image_08472.jpg,1
image_08473.jpg,1
image_08474.jpg,1
image_08475.jpg,1
image_08476.jpg,1
image_08477.jpg,1
image_08478.jpg,1
image_08479.jpg,1
image_08480.jpg,1
image_08481.jpg,1
image_08482.jpg,1
image_08483.jpg,1
image_08484.jpg,1
image_08485.jpg,1
image_08486.jpg,1
image_08487.jpg,1
image_08488.jpg,1
image_08489.jpg,1
image_08490.jpg,1
image_08491.jpg,1
image_08492.jpg,1
image_08493.jpg,1
image_08494.jpg,1
image_08495.jpg,1
image_08496.jpg,1
image_08497.jpg,1
image_08498.jpg,1
image_08499.jpg,1
image_08500.jpg,1
image_08501.jpg,1
image_08502.jpg,1
image_08503.jpg,1
image_08504.jpg,1
image_08505.jpg,1
image_08506.jpg,1
image_08507.jpg,1
image_08508.jpg,1
image_08509.jpg,1
image_08510.jpg,1
image_08511.jpg,1
image_08512.jpg,1
image_08513.jpg,1
image_08514.jpg,1
image_08515.jpg,1
image_08516.jpg,1
image_08517.jpg,1
image_08518.jpg,1
image_08519.jpg,1
image_08520.jpg,1
image_08521.jpg,1
image_08522.jpg,1
image_08523.jpg,1
image_08524.jpg,1
image_08525.jpg,1
image_08526.jpg,1
image_08527.jpg,1
image_08528.jpg,1
image_08529.jpg,1
image_08530.jpg,1
image_08531.jpg,1
image_08532.jpg,1
image_08533.jpg,1
image_08534.jpg,1
image_08535.jpg,1
image_08536.jpg,1
image_08537.jpg,1
image_08538.jpg,1
image_08539.jpg,1
image_08540.jpg,1
image_08541.jpg,1
image_08542.jpg,1
image_08543.jpg,1
image_08544.jpg,1
image_08545.jpg,1
image_08546.jpg,1
image_08547.jpg,1
image_08548.jpg,1
image_08549.jpg,1
image_08550.jpg,1
image_08551.jpg,1
image_08552.jpg,1
image_08553.jpg,1
image_08554.jpg,1
image_08555.jpg,1
image_08556.jpg,1
image_08557.jpg,1
image_08558.jpg,1
image_08559.jpg,1
image_08560.jpg,1
image_08561.jpg,1
image_08562.jpg,1
image_08563.jpg,1
image_08564.jpg,1
image_08565.jpg,1
image_08566.jpg,1
image_08567.jpg,1
image_08568.jpg,1
image_08569.jpg,1
image_08570.jpg,1
image_08571.jpg,1
image_08572.jpg,1
image_08573.jpg,1
image_08574.jpg,1
image_08575.jpg,1
image_08576.jpg,1
image_08577.jpg,1
image_08578.jpg,1
image_08579.jpg,1
image_08580.jpg,1
image_08581.jpg,1
image_08582.jpg,1
image_08583.jpg,1
image_08584.jpg,1
image_08585.jpg,1
image_08586.jpg,1
image_08587.jpg,1
image_08588.jpg,1
image_08589.jpg,1
image_08590.jpg,1
image_08591.jpg,1
image_08592.jpg,1
image_08593.jpg,1
image_08594.jpg,1
image_08595.jpg,1
image_08596.jpg,1
image_08597.jpg,1
image_08598.jpg,1
image_08599.jpg,1
image_08600.jpg,1
image_08601.jpg,1
image_08602.jpg,1
image_08603.jpg,1
image_08604.jpg,1
image_08605.jpg,1
image_08606.jpg,1
image_08607.jpg,1
image_08608.jpg,1
image_08609.jpg,1
image_08610.jpg,1
image_08611.jpg,1
image_08612.jpg,1
image_08613.jpg,1
image_08614.jpg,1
image_08615.jpg,1
image_08616.jpg,1
image_08617.jpg,1
image_08618.jpg,1
image_08619.jpg,1
image_08620.jpg,1
image_08621.jpg,1
image_08622.jpg,1
image_08623.jpg,1
image_08624.jpg,1
image_08625.jpg,1
image_08626.jpg,1
image_08627.jpg,1
image_08628.jpg,1
image_08629.jpg,1
image_08630.jpg,1
image_08631.jpg,1
image_08632.jpg,1
image_08633.jpg,1
image_08634.jpg,1
image_08635.jpg,1
image_08636.jpg,1
image_08637.jpg,1
image_08638.jpg,1
image_08639.jpg,1
image_08640.jpg,1
image_08641.jpg,1
image_08642.jpg,1
image_08643.jpg,1
image_08644.jpg,1
image_08645.jpg,1
image_08646.jpg,1
image_08647.jpg,1
image_08648.jpg,1
image_08649.jpg,1
image_08650.jpg,1
image_08651.jpg,1
image_08652.jpg,1
image_08653.jpg,1
image_08654.jpg,1
image_08655.jpg,1
image_08656.jpg,1
image_08657.jpg,1
image_08658.jpg,1
image_08659.jpg,1
image_08660.jpg,1
image_08661.jpg,1
image_08662.jpg,1
image_08663.jpg,1
image_08664.jpg,1
image_08665.jpg,1
image_08666.jpg,1
image_08667.jpg,1
image_08668.jpg,1
image_08669.jpg,1
image_08670.jpg,1
image_08671.jpg,1
image_08672.jpg,1
image_08673.jpg,1
image_08674.jpg,1
image_08675.jpg,1
image_08676.jpg,1
image_08677.jpg,1
image_08678.jpg,1
image_08679.jpg,1
image_08680.jpg,1
image_08681.jpg,1
image_08682.jpg,1
image_08683.jpg,1
image_08684.jpg,1
image_08685.jpg,1
image_08686.jpg,1
image_08687.jpg,1
image_08688.jpg,1
image_08689.jpg,1
image_08690.jpg,1
image_08691.jpg,1
image_08692.jpg,1
image_08693.jpg,1
image_08694.jpg,1
image_08695.jpg,1
image_08696.jpg,1
image_08697.jpg,1
image_08698.jpg,1
image_08699.jpg,1
image_08700.jpg,1
image_08701.jpg,1
image_08702.jpg,1
image_08703.jpg,1
image_08704.jpg,1
image_08705.jpg,1
image_08706.jpg,1
image_08707.jpg,1
image_08708.jpg,1
image_08709.jpg,1
image_08710.jpg,1
image_08711.jpg,1
image_08712.jpg,1
image_08713.jpg,1
image_08714.jpg,1
image_08715.jpg,1
image_08716.jpg,1
image_08717.jpg,1
image_08718.jpg,1
image_08719.jpg,1
image_08720.jpg,1
image_08721.jpg,1
image_08722.jpg,1
image_08723.jpg,1
image_08724.jpg,1
image_08725.jpg,1
image_08726.jpg,1
image_08727.jpg,1
image_08728.jpg,1
image_08729.jpg,1
image_08730.jpg,1
image_08731.jpg,1
image_08732.jpg,1
image_08733.jpg,1
image_08734.jpg,1
image_08735.jpg,1
image_08736.jpg,1
image_08737.jpg,1
image_08738.jpg,1
image_08739.jpg,1
image_08740.jpg,1
image_08741.jpg,1
image_08742.jpg,1
image_08743.jpg,1
image_08744.jpg,1
image_08745.jpg,1
image_08746.jpg,1
image_08747.jpg,1
image_08748.jpg,1
image_08749.jpg,1
image_08750.jpg,1
image_08751.jpg,1
image_08752.jpg,1
image_08753.jpg,1
image_08754.jpg,1
image_08755.jpg,1
image_08756.jpg,1
image_08757.jpg,1
image_08758.jpg,1
image_08759.jpg,1
image_08760.jpg,1
image_08761.jpg,1
image_08762.jpg,1
image_08763.jpg,1
image_08764.jpg,1
image_08765.jpg,1
image_08766.jpg,1
image_08767.jpg,1
image_08768.jpg,1
image_08769.jpg,1
image_08770.jpg,1
image_08771.jpg,1
image_08772.jpg,1
image_08773.jpg,1
image_08774.jpg,1
image_08775.jpg,1
image_08776.jpg,1
image_08777.jpg,1
image_08778.jpg,1
image_08779.jpg,1
image_08780.jpg,1
image_08781.jpg,1
image_08782.jpg,1
image_08783.jpg,1
image_08784.jpg,1
image_08785.jpg,1
image_08786.jpg,1
image_08787.jpg,1
image_08788.jpg,1
image_08789.jpg,1
image_08790.jpg,1
image_08791.jpg,1
image_08792.jpg,1
image_08793.jpg,1
image_08794.jpg,1
image_08795.jpg,1
image_08796.jpg,1
image_08797.jpg,1
image_08798.jpg,1
image_08799.jpg,1
image_08800.jpg,1
image_08801.jpg,1
image_08802.jpg,1
image_08803.jpg,1
image_08804.jpg,1
image_08805.jpg,1
image_08806.jpg,1
image_08807.jpg,1
image_08808.jpg,1
image_08809.jpg,1
image_08810.jpg,1
image_08811.jpg,1
image_08812.jpg,1
image_08813.jpg,1
image_08814.jpg,1
image_08815.jpg,1
image_08816.jpg,1
image_08817.jpg,1
image_08818.jpg,1
image_08819.jpg,1
image_08820.jpg,1
image_08821.jpg,1
image_08822.jpg,1
image_08823.jpg,1
image_08824.jpg,1
image_08825.jpg,1
image_08826.jpg,1
image_08827.jpg,1
image_08828.jpg,1
image_08829.jpg,1
image_08830.jpg,1
image_08831.jpg,1
image_08832.jpg,1
image_08833.jpg,1
image_08834.jpg,1
image_08835.jpg,1
image_08836.jpg,1
image_08837.jpg,1
image_08838.jpg,1
image_08839.jpg,1
image_08840.jpg,1
image_08841.jpg,1
image_08842.jpg,1
image_08843.jpg,1
image_08844.jpg,1
image_08845.jpg,1
image_08846.jpg,1
image_08847.jpg,1
image_08848.jpg,1
image_08849.jpg,1
image_08850.jpg,1
image_08851.jpg,1
image_08852.jpg,1
image_08853.jpg,1
image_08854.jpg,1
image_08855.jpg,1
image_08856.jpg,1
image_08857.jpg,1
image_08858.jpg,1
image_08859.jpg,1
image_08860.jpg,1
image_08861.jpg,1
image_08862.jpg,1
image_08863.jpg,1
image_08864.jpg,1
image_08865.jpg,1
image_08866.jpg,1
image_08867.jpg,1
image_08868.jpg,1
image_08869.jpg,1
image_08870.jpg,1
image_08871.jpg,1
image_08872.jpg,1
image_08873.jpg,1
image_08874.jpg,1
image_08875.jpg,1
image_08876.jpg,1
image_08877.jpg,1
image_08878.jpg,1
image_08879.jpg,1
image_08880.jpg,1
image_08881.jpg,1
image_08882.jpg,1
image_08883.jpg,1
image_08884.jpg,1
image_08885.jpg,1
image_08886.jpg,1
image_08887.jpg,1
image_08888.jpg,1
image_08889.jpg,1
image_08890.jpg,1
image_08891.jpg,1
image_08892.jpg,1
image_08893.jpg,1
image_08894.jpg,1
image_08895.jpg,1
image_08896.jpg,1
image_08897.jpg,1
image_08898.jpg,1
image_08899.jpg,1
image_08900.jpg,1
image_08901.jpg,1
image_08902.jpg,1
image_08903.jpg,1
image_08904.jpg,1
image_08905.jpg,1
image_08906.jpg,1
image_08907.jpg,1
image_08908.jpg,1
image_08909.jpg,1
image_08910.jpg,1
image_08911.jpg,1
image_08912.jpg,1
image_08913.jpg,1
image_08914.jpg,1
image_08915.jpg,1
image_08916.jpg,1
image_08917.jpg,1
image_08918.jpg,1
image_08919.jpg,1
image_08920.jpg,1
image_08921.jpg,1
image_08922.jpg,1
image_08923.jpg,1
image_08924.jpg,1
image_08925.jpg,1
image_08926.jpg,1
image_08927.jpg,1
image_08928.jpg,1
image_08929.jpg,1
image_08930.jpg,1
image_08931.jpg,1
image_08932.jpg,1
image_08933.jpg,1
image_08934.jpg,1
image_08935.jpg,1
image_08936.jpg,1
image_08937.jpg,1
image_08938.jpg,1
image_08939.jpg,1
image_08940.jpg,1
image_08941.jpg,1
image_08942.jpg,1
image_08943.jpg,1
image_08944.jpg,1
image_08945.jpg,1
image_08946.jpg,1
image_08947.jpg,1
image_08948.jpg,1
image_08949.jpg,1
image_08950.jpg,1
image_08951.jpg,1
image_08952.jpg,1
image_08953.jpg,1
image_08954.jpg,1
image_08955.jpg,1
image_08956.jpg,1
image_08957.jpg,1
image_08958.jpg,1
image_08959.jpg,1
image_08960.jpg,1
image_08961.jpg,1
image_08962.jpg,1
image_08963.jpg,1
image_08964.jpg,1
image_08965.jpg,1
image_08966.jpg,1
image_08967.jpg,1
image_08968.jpg,1
image_08969.jpg,1
image_08970.jpg,1
image_08971.jpg,1
image_08972.jpg,1
image_08973.jpg,1
image_08974.jpg,1
image_08975.jpg,1
image_08976.jpg,1
image_08977.jpg,1
image_08978.jpg,1
image_08979.jpg,1
image_08980.jpg,1
image_08981.jpg,1
image_08982.jpg,1
image_08983.jpg,1
image_08984.jpg,1
image_08985.jpg,1
image_08986.jpg,1
image_08987.jpg,1
image_08988.jpg,1
image_08989.jpg,1
image_08990.jpg,1
image_08991.jpg,1
image_08992.jpg,1
image_08993.jpg,1
image_08994.jpg,1
image_08995.jpg,1
image_08996.jpg,1
image_08997.jpg,1
image_08998.jpg,1
image_08999.jpg,1
image_09000.jpg,1
image_09001.jpg,1
image_09002.jpg,1
image_09003.jpg,1
image_09004.jpg,1
image_09005.jpg,1
image_09006.jpg,1
image_09007.jpg,1
image_09008.jpg,1
image_09009.jpg,1
image_09010.jpg,1
image_09011.jpg,1
image_09012.jpg,1
image_09013.jpg,1
image_09014.jpg,1
image_09015.jpg,1
image_09016.jpg,1
image_09017.jpg,1
image_09018.jpg,1
image_09019.jpg,1
image_09020.jpg,1
image_09021.jpg,1
image_09022.jpg,1
image_09023.jpg,1
image_09024.jpg,1
image_09025.jpg,1
image_09026.jpg,1
image_09027.jpg,1
image_09028.jpg,1
image_09029.jpg,1
image_09030.jpg,1
image_09031.jpg,1
image_09032.jpg,1
image_09033.jpg,1
image_09034.jpg,1
image_09035.jpg,1
image_09036.jpg,1
image_09037.jpg,1
image_09038.jpg,1
image_09039.jpg,1
image_09040.jpg,1
image_09041.jpg,1
image_09042.jpg,1
image_09043.jpg,1
image_09044.jpg,1
image_09045.jpg,1
image_09046.jpg,1
image_09047.jpg,1
image_09048.jpg,1
image_09049.jpg,1
image_09050.jpg,1
image_09051.jpg,1
image_09052.jpg,1
image_09053.jpg,1
image_09054.jpg,1
image_09055.jpg,1
image_09056.jpg,1
image_09057.jpg,1
image_09058.jpg,1
image_09059.jpg,1
image_09060.jpg,1
image_09061.jpg,1
image_09062.jpg,1
image_09063.jpg,1
image_09064.jpg,1
image_09065.jpg,1
image_09066.jpg,1
image_09067.jpg,1
image_09068.jpg,1
image_09069.jpg,1
image_09070.jpg,1
image_09071.jpg,1
image_09072.jpg,1
image_09073.jpg,1
image_09074.jpg,1
image_09075.jpg,1
image_09076.jpg,1
image_09077.jpg,1
image_09078.jpg,1
image_09079.jpg,1
image_09080.jpg,1
image_09081.jpg,1
image_09082.jpg,1
image_09083.jpg,1
image_09084.jpg,1
image_09085.jpg,1
image_09086.jpg,1
image_09087.jpg,1
image_09088.jpg,1
image_09089.jpg,1
image_09090.jpg,1
image_09091.jpg,1
image_09092.jpg,1
image_09093.jpg,1
image_09094.jpg,1
image_09095.jpg,1
image_09096.jpg,1
image_09097.jpg,1
image_09098.jpg,1
image_09099.jpg,1
image_09100.jpg,1
image_09101.jpg,1
image_09102.jpg,1
image_09103.jpg,1
image_09104.jpg,1
image_09105.jpg,1
image_09106.jpg,1
image_09107.jpg,1
image_09108.jpg,1
image_09109.jpg,1
image_09110.jpg,1
image_09111.jpg,1
image_09112.jpg,1
image_09113.jpg,1
image_09114.jpg,1
image_09115.jpg,1
image_09116.jpg,1
image_09117.jpg,1
image_09118.jpg,1
image_09119.jpg,1
image_09120.jpg,1
image_09121.jpg,1
image_09122.jpg,1
image_09123.jpg,1
image_09124.jpg,1
image_09125.jpg,1
image_09126.jpg,1
image_09127.jpg,1
image_09128.jpg,1
image_09129.jpg,1
image_09130.jpg,1
image_09131.jpg,1
image_09132.jpg,1
image_09133.jpg,1
image_09134.jpg,1
image_09135.jpg,1
image_09136.jpg,1
image_09137.jpg,1
image_09138.jpg,1
image_09139.jpg,1
image_09140.jpg,1
image_09141.jpg,1
image_09142.jpg,1
image_09143.jpg,1
image_09144.jpg,1
image_09145.jpg,1
image_09146.jpg,1
image_09147.jpg,1
image_09148.jpg,1
image_09149.jpg,1
image_09150.jpg,1
image_09151.jpg,1
image_09152.jpg,1
image_09153.jpg,1
image_09154.jpg,1
image_09155.jpg,1
image_09156.jpg,1
image_09157.jpg,1
image_09158.jpg,1
image_09159.jpg,1
image_09160.jpg,1
image_09161.jpg,1
image_09162.jpg,1
image_09163.jpg,1
image_09164.jpg,1
image_09165.jpg,1
image_09166.jpg,1
image_09167.jpg,1
image_09168.jpg,1
image_09169.jpg,1
image_09170.jpg,1
image_09171.jpg,1
image_09172.jpg,1
image_09173.jpg,1
image_09174.jpg,1
image_09175.jpg,1
image_09176.jpg,1
image_09177.jpg,1
image_09178.jpg,1
image_09179.jpg,1
image_09180.jpg,1
image_09181.jpg,1
image_09182.jpg,1
image_09183.jpg,1
image_09184.jpg,1
image_09185.jpg,1
image_09186.jpg,1
image_09187.jpg,1
image_09188.jpg,1
image_09189.jpg,1
image_09190.jpg,1
image_09191.jpg,1
image_09192.jpg,1
image_09193.jpg,1
image_09194.jpg,1
image_09195.jpg,1
image_09196.jpg,1
image_09197.jpg,1
image_09198.jpg,1
image_09199.jpg,1
image_09200.jpg,1
image_09201.jpg,1
image_09202.jpg,1
image_09203.jpg,1
image_09204.jpg,1
image_09205.jpg,1
image_09206.jpg,1
image_09207.jpg,1
image_09208.jpg,1
image_09209.jpg,1
image_09210.jpg,1
image_09211.jpg,1
image_09212.jpg,1
image_09213.jpg,1
image_09214.jpg,1
image_09215.jpg,1
image_09216.jpg,1
image_09217.jpg,1
image_09218.jpg,1
image_09219.jpg,1
image_09220.jpg,1
image_09221.jpg,2
image_09222.jpg,2
image_09223.jpg,2
image_09224.jpg,2
image_09225.jpg,2
image_09226.jpg,2
image_09227.jpg,2
image_09228.jpg,2
image_09229.jpg,2
image_09230.jpg,2
image_09231.jpg,2
image_09232.jpg,2
image_09233.jpg,2
image_09234.jpg,2
image_09235.jpg,2
image_09236.jpg,2
image_09237.jpg,2
image_09238.jpg,2
image_09239.jpg,2
image_09240.jpg,2
image_09241.jpg,2
image_09242.jpg,2
image_09243.jpg,2
image_09244.jpg,2
image_09245.jpg,2
image_09246.jpg,2
image_09247.jpg,2
image_09248.jpg,2
image_09249.jpg,2
image_09250.jpg,2
image_09251.jpg,2
image_09252.jpg,2
image_09253.jpg,2
image_09254.jpg,2
image_09255.jpg,2
image_09256.jpg,2
image_09257.jpg,2
image_09258.jpg,2
image_09259.jpg,2
image_09260.jpg,2
image_09261.jpg,2
image_09262.jpg,2
image_09263.jpg,2
image_09264.jpg,2
image_09265.jpg,2
image_09266.jpg,2
image_09267.jpg,2
image_09268.jpg,2
image_09269.jpg,2
image_09270.jpg,2
image_09271.jpg,2
image_09272.jpg,2
image_09273.jpg,2
image_09274.jpg,2
image_09275.jpg,2
image_09276.jpg,2
image_09277.jpg,2
image_09278.jpg,2
image_09279.jpg,2
image_09280.jpg,2
image_09281.jpg,2
image_09282.jpg,2
image_09283.jpg,2
image_09284.jpg,2
image_09285.jpg,2
image_09286.jpg,2
image_09287.jpg,2
image_09288.jpg,2
image_09289.jpg,2
image_09290.jpg,2
image_09291.jpg,2
image_09292.jpg,2
image_09293.jpg,2
image_09294.jpg,2
image_09295.jpg,2
image_09296.jpg,2
image_09297.jpg,2
image_09298.jpg,2
image_09299.jpg,2
image_09300.jpg,2
image_09301.jpg,2
image_09302.jpg,2
image_09303.jpg,2
image_09304.jpg,2
image_09305.jpg,2
image_09306.jpg,2
image_09307.jpg,2
image_09308.jpg,2
image_09309.jpg,2
image_09310.jpg,2
image_09311.jpg,2
image_09312.jpg,2
image_09313.jpg,2
image_09314.jpg,2
image_09315.jpg,2
image_09316.jpg,2
image_09317.jpg,2
image_09318.jpg,2
image_09319.jpg,2
image_09320.jpg,2
image_09321.jpg,2
image_09322.jpg,2
image_09323.jpg,2
image_09324.jpg,2
image_09325.jpg,2
image_09326.jpg,2
image_09327.jpg,2
image_09328.jpg,2
image_09329.jpg,2
image_09330.jpg,2
image_09331.jpg,2
image_09332.jpg,2
image_09333.jpg,2
image_09334.jpg,2
image_09335.jpg,2
image_09336.jpg,2
image_09337.jpg,2
image_09338.jpg,2
image_09339.jpg,2
image_09340.jpg,2
image_09341.jpg,2
image_09342.jpg,2
image_09343.jpg,2
image_09344.jpg,2
image_09345.jpg,2
image_09346.jpg,2
image_09347.jpg,2
image_09348.jpg,2
image_09349.jpg,2
image_09350.jpg,2
image_09351.jpg,2
image_09352.jpg,2
image_09353.jpg,2
image_09354.jpg,2
image_09355.jpg,2
image_09356.jpg,2
image_09357.jpg,2
image_09358.jpg,2
image_09359.jpg,2
image_09360.jpg,2
image_09361.jpg,2
image_09362.jpg,2
image_09363.jpg,2
image_09364.jpg,2
image_09365.jpg,2
image_09366.jpg,2
image_09367.jpg,2
image_09368.jpg,2
image_09369.jpg,2
image_09370.jpg,2
image_09371.jpg,2
image_09372.jpg,2
image_09373.jpg,2
image_09374.jpg,2
image_09375.jpg,2
image_09376.jpg,2
image_09377.jpg,2
image_09378.jpg,2
image_09379.jpg,2
image_09380.jpg,2
image_09381.jpg,2
image_09382.jpg,2
image_09383.jpg,2
image_09384.jpg,2
image_09385.jpg,2
image_09386.jpg,2
image_09387.jpg,2
image_09388.jpg,2
image_09389.jpg,2
image_09390.jpg,2
image_09391.jpg,2
image_09392.jpg,2
image_09393.jpg,2
image_09394.jpg,2
image_09395.jpg,2
image_09396.jpg,2
image_09397.jpg,2
image_09398.jpg,2
image_09399.jpg,2
image_09400.jpg,2
image_09401.jpg,2
image_09402.jpg,2
image_09403.jpg,2
image_09404.jpg,2
image_09405.jpg,2
image_09406.jpg,2
image_09407.jpg,2
image_09408.jpg,2
image_09409.jpg,2
image_09410.jpg,2
image_09411.jpg,2
image_09412.jpg,2
image_09413.jpg,2
image_09414.jpg,2
image_09415.jpg,2
image_09416.jpg,2
image_09417.jpg,2
image_09418.jpg,2
image_09419.jpg,2
image_09420.jpg,2
image_09421.jpg,2
image_09422.jpg,2
image_09423.jpg,2
image_09424.jpg,2
image_09425.jpg,2
image_09426.jpg,2
image_09427.jpg,2
image_09428.jpg,2
image_09429.jpg,2
image_09430.jpg,2
image_09431.jpg,2
image_09432.jpg,2
image_09433.jpg,2
image_09434.jpg,2
image_09435.jpg,2
image_09436.jpg,2
image_09437.jpg,2
image_09438.jpg,2
image_09439.jpg,2
image_09440.jpg,2
image_09441.jpg,2
image_09442.jpg,2
image_09443.jpg,2
image_09444.jpg,2
image_09445.jpg,2
image_09446.jpg,2
image_09447.jpg,2
image_09448.jpg,2
image_09449.jpg,2
image_09450.jpg,2
image_09451.jpg,2
image_09452.jpg,2
image_09453.jpg,2
image_09454.jpg,2
image_09455.jpg,2
image_09456.jpg,2
image_09457.jpg,2
image_09458.jpg,2
image_09459.jpg,2
image_09460.jpg,2
image_09461.jpg,2
image_09462.jpg,2
image_09463.jpg,2
image_09464.jpg,2
image_09465.jpg,2
image_09466.jpg,2
image_09467.jpg,2
image_09468.jpg,2
image_09469.jpg,2
image_09470.jpg,2
image_09471.jpg,2
image_09472.jpg,2
image_09473.jpg,2
image_09474.jpg,2
image_09475.jpg,2
image_09476.jpg,2
image_09477.jpg,2
image_09478.jpg,2
image_09479.jpg,2
image_09480.jpg,2
image_09481.jpg,2
image_09482.jpg,2
image_09483.jpg,2
image_09484.jpg,2
image_09485.jpg,2
image_09486.jpg,2
image_09487.jpg,2
image_09488.jpg,2
image_09489.jpg,2
image_09490.jpg,2
image_09491.jpg,2
image_09492.jpg,2
image_09493.jpg,2
image_09494.jpg,2
image_09495.jpg,2
image_09496.jpg,2
image_09497.jpg,2
image_09498.jpg,2
image_09499.jpg,2
image_09500.jpg,2
image_09501.jpg,2
image_09502.jpg,2
image_09503.jpg,2
image_09504.jpg,2
image_09505.jpg,2
image_09506.jpg,2
image_09507.jpg,2
image_09508.jpg,2
image_09509.jpg,2
image_09510.jpg,2
image_09511.jpg,2
image_09512.jpg,2
image_09513.jpg,2
image_09514.jpg,2
image_09515.jpg,2
image_09516.jpg,2
image_09517.jpg,2
image_09518.jpg,2
image_09519.jpg,2
image_09520.jpg,2
image_09521.jpg,2
image_09522.jpg,2
image_09523.jpg,2
image_09524.jpg,2
image_09525.jpg,2
image_09526.jpg,2
image_09527.jpg,2
image_09528.jpg,2
image_09529.jpg,2
image_09530.jpg,2
image_09531.jpg,2
image_09532.jpg,2
image_09533.jpg,2
image_09534.jpg,2
image_09535.jpg,2
image_09536.jpg,2
image_09537.jpg,2
image_09538.jpg,2
image_09539.jpg,2
image_09540.jpg,2
image_09541.jpg,2
image_09542.jpg,2
image_09543.jpg,2
image_09544.jpg,2
image_09545.jpg,2
image_09546.jpg,2
image_09547.jpg,2
image_09548.jpg,2
image_09549.jpg,2
image_09550.jpg,2
image_09551.jpg,2
image_09552.jpg,2
image_09553.jpg,2
image_09554.jpg,2
image_09555.jpg,2
image_09556.jpg,2
image_09557.jpg,2
image_09558.jpg,2
image_09559.jpg,2
image_09560.jpg,2
image_09561.jpg,2
image_09562.jpg,2
image_09563.jpg,2
image_09564.jpg,2
image_09565.jpg,2
image_09566.jpg,2
image_09567.jpg,2
image_09568.jpg,2
image_09569.jpg,2
image_09570.jpg,2
image_09571.jpg,2
image_09572.jpg,2
image_09573.jpg,2
image_09574.jpg,2
image_09575.jpg,2
image_09576.jpg,2
image_09577.jpg,2
image_09578.jpg,2
image_09579.jpg,2
image_09580.jpg,2
image_09581.jpg,2
image_09582.jpg,2
image_09583.jpg,2
image_09584.jpg,2
image_09585.jpg,2
image_09586.jpg,2
image_09587.jpg,2
image_09588.jpg,2
image_09589.jpg,2
image_09590.jpg,2
image_09591.jpg,2
image_09592.jpg,2
image_09593.jpg,2
image_09594.jpg,2
image_09595.jpg,2
image_09596.jpg,2
image_09597.jpg,2
image_09598.jpg,2
image_09599.jpg,2
image_09600.jpg,2
image_09601.jpg,2
image_09602.jpg,2
image_09603.jpg,2
image_09604.jpg,2
image_09605.jpg,2
image_09606.jpg,2
image_09607.jpg,2
image_09608.jpg,2
image_09609.jpg,2
image_09610.jpg,2
image_09611.jpg,2
image_09612.jpg,2
image_09613.jpg,2
image_09614.jpg,2
image_09615.jpg,2
image_09616.jpg,2
image_09617.jpg,2
image_09618.jpg,2
image_09619.jpg,2
image_09620.jpg,2
image_09621.jpg,2
image_09622.jpg,2
image_09623.jpg,2
image_09624.jpg,2
image_09625.jpg,2
image_09626.jpg,2
image_09627.jpg,2
image_09628.jpg,2
image_09629.jpg,2
image_09630.jpg,2
image_09631.jpg,2
image_09632.jpg,2
image_09633.jpg,2
image_09634.jpg,2
image_09635.jpg,2
image_09636.jpg,2
image_09637.jpg,2
image_09638.jpg,2
image_09639.jpg,2
image_09640.jpg,2
image_09641.jpg,2
image_09642.jpg,2
image_09643.jpg,2
image_09644.jpg,2
image_09645.jpg,2
image_09646.jpg,2
image_09647.jpg,2
image_09648.jpg,2
image_09649.jpg,2
image_09650.jpg,2
image_09651.jpg,2
image_09652.jpg,2
image_09653.jpg,2
image_09654.jpg,2
image_09655.jpg,2
image_09656.jpg,2
image_09657.jpg,2
image_09658.jpg,2
image_09659.jpg,2
image_09660.jpg,2
image_09661.jpg,2
image_09662.jpg,2
image_09663.jpg,2
image_09664.jpg,2
image_09665.jpg,2
image_09666.jpg,2
image_09667.jpg,2
image_09668.jpg,2
image_09669.jpg,2
image_09670.jpg,2
image_09671.jpg,2
image_09672.jpg,2
image_09673.jpg,2
image_09674.jpg,2
image_09675.jpg,2
image_09676.jpg,2
image_09677.jpg,2
image_09678.jpg,2
image_09679.jpg,2
image_09680.jpg,2
image_09681.jpg,2
image_09682.jpg,2
image_09683.jpg,2
image_09684.jpg,2
image_09685.jpg,2
image_09686.jpg,2
image_09687.jpg,2
image_09688.jpg,2
image_09689.jpg,2
image_09690.jpg,2
image_09691.jpg,2
image_09692.jpg,2
image_09693.jpg,2
image_09694.jpg,2
image_09695.jpg,2
image_09696.jpg,2
image_09697.jpg,2
image_09698.jpg,2
image_09699.jpg,2
image_09700.jpg,2
image_09701.jpg,2
image_09702.jpg,2
image_09703.jpg,2
image_09704.jpg,2
image_09705.jpg,2
image_09706.jpg,2
image_09707.jpg,2
image_09708.jpg,2
image_09709.jpg,2
image_09710.jpg,2
image_09711.jpg,2
image_09712.jpg,2
image_09713.jpg,2
image_09714.jpg,2
image_09715.jpg,2
image_09716.jpg,2
image_09717.jpg,2
image_09718.jpg,2
image_09719.jpg,2
image_09720.jpg,2
image_09721.jpg,2
image_09722.jpg,2
image_09723.jpg,2
image_09724.jpg,2
image_09725.jpg,2
image_09726.jpg,2
image_09727.jpg,2
image_09728.jpg,2
image_09729.jpg,2
image_09730.jpg,2
image_09731.jpg,2
image_09732.jpg,2
image_09733.jpg,2
image_09734.jpg,2
image_09735.jpg,2
image_09736.jpg,2
image_09737.jpg,2
image_09738.jpg,2
image_09739.jpg,2
image_09740.jpg,2
image_09741.jpg,2
image_09742.jpg,2
image_09743.jpg,2
image_09744.jpg,2
image_09745.jpg,2
image_09746.jpg,2
image_09747.jpg,2
image_09748.jpg,2
image_09749.jpg,2
image_09750.jpg,2
image_09751.jpg,2
image_09752.jpg,2
image_09753.jpg,2
image_09754.jpg,2
image_09755.jpg,2
image_09756.jpg,2
image_09757.jpg,2
image_09758.jpg,2
image_09759.jpg,2
image_09760.jpg,2
image_09761.jpg,2
image_09762.jpg,2
image_09763.jpg,2
image_09764.jpg,2
image_09765.jpg,2
image_09766.jpg,2
image_09767.jpg,2
image_09768.jpg,2
image_09769.jpg,2
image_09770.jpg,2
image_09771.jpg,2
image_09772.jpg,2
image_09773.jpg,2
image_09774.jpg,2
image_09775.jpg,2
image_09776.jpg,2
image_09777.jpg,2
image_09778.jpg,2
image_09779.jpg,2
image_09780.jpg,2
image_09781.jpg,2
image_09782.jpg,2
image_09783.jpg,2
image_09784.jpg,2
image_09785.jpg,2
image_09786.jpg,2
image_09787.jpg,2
image_09788.jpg,2
image_09789.jpg,2
image_09790.jpg,2
image_09791.jpg,2
image_09792.jpg,2
image_09793.jpg,2
image_09794.jpg,2
image_09795.jpg,2
image_09796.jpg,2
image_09797.jpg,2
image_09798.jpg,2
image_09799.jpg,2
image_09800.jpg,2
image_09801.jpg,2
image_09802.jpg,2
image_09803.jpg,2
image_09804.jpg,2
image_09805.jpg,2
image_09806.jpg,2
image_09807.jpg,2
image_09808.jpg,2
image_09809.jpg,2
image_09810.jpg,2
image_09811.jpg,2
image_09812.jpg,2
image_09813.jpg,2
image_09814.jpg,2
image_09815.jpg,2
image_09816.jpg,2
image_09817.jpg,2
image_09818.jpg,2
image_09819.jpg,2
image_09820.jpg,2
image_09821.jpg,2
image_09822.jpg,2
image_09823.jpg,2
image_09824.jpg,2
image_09825.jpg,2
image_09826.jpg,2
image_09827.jpg,2
image_09828.jpg,2
image_09829.jpg,2
image_09830.jpg,2
image_09831.jpg,2
image_09832.jpg,2
image_09833.jpg,2
image_09834.jpg,2
image_09835.jpg,2
image_09836.jpg,2
image_09837.jpg,2
image_09838.jpg,2
image_09839.jpg,2
image_09840.jpg,2
image_09841.jpg,2
image_09842.jpg,2
image_09843.jpg,2
image_09844.jpg,2
image_09845.jpg,2
image_09846.jpg,2
image_09847.jpg,2
image_09848.jpg,2
image_09849.jpg,2
image_09850.jpg,2
image_09851.jpg,2
image_09852.jpg,2
image_09853.jpg,2
image_09854.jpg,2
image_09855.jpg,2
image_09856.jpg,2
image_09857.jpg,2
image_09858.jpg,2
image_09859.jpg,2
image_09860.jpg,2
image_09861.jpg,2
image_09862.jpg,2
image_09863.jpg,2
image_09864.jpg,2
image_09865.jpg,2
image_09866.jpg,2
image_09867.jpg,2
image_09868.jpg,2
image_09869.jpg,2
image_09870.jpg,2
image_09871.jpg,2
image_09872.jpg,2
image_09873.jpg,2
image_09874.jpg,2
image_09875.jpg,2
image_09876.jpg,2
image_09877.jpg,2
image_09878.jpg,2
image_09879.jpg,2
image_09880.jpg,2
image_09881.jpg,2
image_09882.jpg,2
image_09883.jpg,2
image_09884.jpg,2
image_09885.jpg,2
image_09886.jpg,2
image_09887.jpg,2
image_09888.jpg,2
image_09889.jpg,2
image_09890.jpg,2
image_09891.jpg,2
image_09892.jpg,2
image_09893.jpg,2
image_09894.jpg,2
image_09895.jpg,2
image_09896.jpg,2
image_09897.jpg,2
image_09898.jpg,2
image_09899.jpg,2
image_09900.jpg,2
image_09901.jpg,2
image_09902.jpg,2
image_09903.jpg,2
image_09904.jpg,2
image_09905.jpg,2
image_09906.jpg,2
image_09907.jpg,2
image_09908.jpg,2
image_09909.jpg,2
image_09910.jpg,2
image_09911.jpg,2
image_09912.jpg,2
image_09913.jpg,2
image_09914.jpg,2
image_09915.jpg,2
image_09916.jpg,2
image_09917.jpg,2
image_09918.jpg,2
image_09919.jpg,2
image_09920.jpg,2
image_09921.jpg,2
image_09922.jpg,2
image_09923.jpg,2
image_09924.jpg,2
image_09925.jpg,2
image_09926.jpg,2
image_09927.jpg,2
image_09928.jpg,2
image_09929.jpg,2
image_09930.jpg,2
image_09931.jpg,2
image_09932.jpg,2
image_09933.jpg,2
image_09934.jpg,2
image_09935.jpg,2
image_09936.jpg,2
image_09937.jpg,2
image_09938.jpg,2
image_09939.jpg,2
image_09940.jpg,2
image_09941.jpg,2
image_09942.jpg,2
image_09943.jpg,2
image_09944.jpg,2
image_09945.jpg,2
image_09946.jpg,2
image_09947.jpg,2
image_09948.jpg,2
image_09949.jpg,2
image_09950.jpg,2
image_09951.jpg,2
image_09952.jpg,2
image_09953.jpg,2
image_09954.jpg,2
image_09955.jpg,2
image_09956.jpg,2
image_09957.jpg,2
image_09958.jpg,2
image_09959.jpg,2
image_09960.jpg,2
image_09961.jpg,2
image_09962.jpg,2
image_09963.jpg,2
image_09964.jpg,2
image_09965.jpg,2
image_09966.jpg,2
image_09967.jpg,2
image_09968.jpg,2
image_09969.jpg,2
image_09970.jpg,2
image_09971.jpg,2
image_09972.jpg,2
image_09973.jpg,2
image_09974.jpg,2
image_09975.jpg,2
image_09976.jpg,2
image_09977.jpg,2
image_09978.jpg,2
image_09979.jpg,2
image_09980.jpg,2
image_09981.jpg,2
image_09982.jpg,2
image_09983.jpg,2
image_09984.jpg,2
image_09985.jpg,2
image_09986.jpg,2
image_09987.jpg,2
image_09988.jpg,2
image_09989.jpg,2
image_09990.jpg,2
image_09991.jpg,2
image_09992.jpg,2
image_09993.jpg,2
image_09994.jpg,2
image_09995.jpg,2
image_09996.jpg,2
image_09997.jpg,2
image_09998.jpg,2
image_09999.jpg,2
image_10000.jpg,2
image_10001.jpg,2
image_10002.jpg,2
image_10003.jpg,2
image_10004.jpg,2
image_10005.jpg,2
image_10006.jpg,2
image_10007.jpg,2
image_10008.jpg,2
image_10009.jpg,2
image_10010.jpg,2
image_10011.jpg,2
image_10012.jpg,2
image_10013.jpg,2
image_10014.jpg,2
image_10015.jpg,2
image_10016.jpg,2
image_10017.jpg,2
image_10018.jpg,2
image_10019.jpg,2
image_10020.jpg,2
image_10021.jpg,2
image_10022.jpg,2
image_10023.jpg,2
image_10024.jpg,2
image_10025.jpg,2
image_10026.jpg,2
image_10027.jpg,2
image_10028.jpg,2
image_10029.jpg,2
image_10030.jpg,2
image_10031.jpg,2
image_10032.jpg,2
image_10033.jpg,2
image_10034.jpg,2
image_10035.jpg,2
image_10036.jpg,2
image_10037.jpg,2
image_10038.jpg,2
image_10039.jpg,2
image_10040.jpg,2
image_10041.jpg,2
image_10042.jpg,2
image_10043.jpg,2
image_10044.jpg,2
image_10045.jpg,2
image_10046.jpg,2
image_10047.jpg,2
image_10048.jpg,2
image_10049.jpg,2
image_10050.jpg,2
image_10051.jpg,2
image_10052.jpg,2
image_10053.jpg,2
image_10054.jpg,2
image_10055.jpg,2
image_10056.jpg,2
image_10057.jpg,2
image_10058.jpg,2
image_10059.jpg,2
image_10060.jpg,2
image_10061.jpg,2
image_10062.jpg,2
image_10063.jpg,2
image_10064.jpg,2
image_10065.jpg,2
image_10066.jpg,2
image_10067.jpg,2
image_10068.jpg,2
image_10069.jpg,2
image_10070.jpg,2
image_10071.jpg,2
image_10072.jpg,2
image_10073.jpg,2
image_10074.jpg,2
image_10075.jpg,2
image_10076.jpg,2
image_10077.jpg,2
image_10078.jpg,2
image_10079.jpg,2
image_10080.jpg,2
image_10081.jpg,2
image_10082.jpg,2
image_10083.jpg,2
image_10084.jpg,2
image_10085.jpg,2
image_10086.jpg,2
image_10087.jpg,2
image_10088.jpg,2
image_10089.jpg,2
image_10090.jpg,2
image_10091.jpg,2
image_10092.jpg,2
image_10093.jpg,2
image_10094.jpg,2
image_10095.jpg,2
image_10096.jpg,2
image_10097.jpg,2
image_10098.jpg,2
image_10099.jpg,2
image_10100.jpg,2
image_10101.jpg,2
image_10102.jpg,2
image_10103.jpg,2
image_10104.jpg,2
image_10105.jpg,2
image_10106.jpg,2
image_10107.jpg,2
image_10108.jpg,2
image_10109.jpg,2
image_10110.jpg,2
image_10111.jpg,2
image_10112.jpg,2
image_10113.jpg,2
image_10114.jpg,2
image_10115.jpg,2
image_10116.jpg,2
image_10117.jpg,2
image_10118.jpg,2
image_10119.jpg,2
image_10120.jpg,2
image_10121.jpg,2
image_10122.jpg,2
image_10123.jpg,2
image_10124.jpg,2
image_10125.jpg,2
image_10126.jpg,2
image_10127.jpg,2
image_10128.jpg,2
image_10129.jpg,2
image_10130.jpg,2
image_10131.jpg,2
image_10132.jpg,2
image_10133.jpg,2
image_10134.jpg,2
image_10135.jpg,2
image_10136.jpg,2
image_10137.jpg,2
image_10138.jpg,2
image_10139.jpg,2
image_10140.jpg,2
image_10141.jpg,2
image_10142.jpg,2
image_10143.jpg,2
image_10144.jpg,2
image_10145.jpg,2
image_10146.jpg,2
image_10147.jpg,2
image_10148.jpg,2
image_10149.jpg,2
image_10150.jpg,2
image_10151.jpg,2
image_10152.jpg,2
image_10153.jpg,2
image_10154.jpg,2
image_10155.jpg,2
image_10156.jpg,2
image_10157.jpg,2
image_10158.jpg,2
image_10159.jpg,2
image_10160.jpg,2
image_10161.jpg,2
image_10162.jpg,2
image_10163.jpg,2
image_10164.jpg,2
image_10165.jpg,2
image_10166.jpg,2
image_10167.jpg,2
image_10168.jpg,2
image_10169.jpg,2
image_10170.jpg,2
image_10171.jpg,2
image_10172.jpg,2
image_10173.jpg,2
image_10174.jpg,2
image_10175.jpg,2
image_10176.jpg,2
image_10177.jpg,2
image_10178.jpg,2
image_10179.jpg,2
image_10180.jpg,2
image_10181.jpg,2
image_10182.jpg,2
image_10183.jpg,2
image_10184.jpg,2
image_10185.jpg,2
image_10186.jpg,2
image_10187.jpg,2
image_10188.jpg,2
image_10189.jpg,2
image_10190.jpg,2
image_10191.jpg,2
image_10192.jpg,2
image_10193.jpg,2
image_10194.jpg,2
image_10195.jpg,2
image_10196.jpg,2
image_10197.jpg,2
image_10198.jpg,2
image_10199.jpg,2
image_10200.jpg,2
image_10201.jpg,2
image_10202.jpg,2
image_10203.jpg,2
image_10204.jpg,2
image_10205.jpg,2
image_10206.jpg,2
image_10207.jpg,2
image_10208.jpg,2
image_10209.jpg,2
image_10210.jpg,2
image_10211.jpg,2
image_10212.jpg,2
image_10213.jpg,2
image_10214.jpg,2
image_10215.jpg,2
image_10216.jpg,2
image_10217.jpg,2
image_10218.jpg,2
image_10219.jpg,2
image_10220.jpg,2
image_10221.jpg,2
image_10222.jpg,2
image_10223.jpg,2
image_10224.jpg,2
image_10225.jpg,2
image_10226.jpg,2
image_10227.jpg,2
image_10228.jpg,2
image_10229.jpg,2
image_10230.jpg,2
image_10231.jpg,2
image_10232.jpg,2
image_10233.jpg,2
image_10234.jpg,2
image_10235.jpg,2
image_10236.jpg,2
image_10237.jpg,2
image_10238.jpg,2
image_10239.jpg,2
image_10240.jpg,2
image_10241.jpg,2
image_10242.jpg,2
image_10243.jpg,2
image_10244.jpg,2
image_10245.jpg,2
image_10246.jpg,2
image_10247.jpg,2
image_10248.jpg,2
image_10249.jpg,2
image_10250.jpg,2
image_10251.jpg,2
image_10252.jpg,2
image_10253.jpg,2
image_10254.jpg,2
image_10255.jpg,2
image_10256.jpg,2
image_10257.jpg,2
image_10258.jpg,2
image_10259.jpg,2
image_10260.jpg,2
image_10261.jpg,2
image_10262.jpg,2
image_10263.jpg,2
image_10264.jpg,2
image_10265.jpg,2
image_10266.jpg,2
image_10267.jpg,2
image_10268.jpg,2
image_10269.jpg,2
image_10270.jpg,2
image_10271.jpg,2
image_10272.jpg,2
image_10273.jpg,2
image_10274.jpg,2
image_10275.jpg,2
image_10276.jpg,2
image_10277.jpg,2
image_10278.jpg,2
image_10279.jpg,2
image_10280.jpg,2
image_10281.jpg,2
image_10282.jpg,2
image_10283.jpg,2
image_10284.jpg,2
image_10285.jpg,2
image_10286.jpg,2
image_10287.jpg,2
image_10288.jpg,2
image_10289.jpg,2
image_10290.jpg,2
image_10291.jpg,2
image_10292.jpg,2
image_10293.jpg,2
image_10294.jpg,2
image_10295.jpg,2
image_10296.jpg,2
image_10297.jpg,2
image_10298.jpg,2
image_10299.jpg,2
image_10300.jpg,2
image_10301.jpg,2
image_10302.jpg,2
image_10303.jpg,2
image_10304.jpg,2
image_10305.jpg,2
image_10306.jpg,2
image_10307.jpg,2
image_10308.jpg,2
image_10309.jpg,2
image_10310.jpg,2
image_10311.jpg,2
image_10312.jpg,2
image_10313.jpg,2
image_10314.jpg,2
image_10315.jpg,2
image_10316.jpg,2
image_10317.jpg,2
image_10318.jpg,2
image_10319.jpg,2
image_10320.jpg,2
image_10321.jpg,2
image_10322.jpg,2
image_10323.jpg,2
image_10324.jpg,2
image_10325.jpg,2
image_10326.jpg,2
image_10327.jpg,2
image_10328.jpg,2
image_10329.jpg,2
image_10330.jpg,2
image_10331.jpg,2
image_10332.jpg,2
image_10333.jpg,2
image_10334.jpg,2
image_10335.jpg,2
image_10336.jpg,2
image_10337.jpg,2
image_10338.jpg,2
image_10339.jpg,2
image_10340.jpg,2
image_10341.jpg,2
image_10342.jpg,2
image_10343.jpg,2
image_10344.jpg,2
image_10345.jpg,2
image_10346.jpg,2
image_10347.jpg,2
image_10348.jpg,2
image_10349.jpg,2
image_10350.jpg,2
image_10351.jpg,2
image_10352.jpg,2
image_10353.jpg,2
image_10354.jpg,2
image_10355.jpg,2
image_10356.jpg,2
image_10357.jpg,2
image_10358.jpg,2
image_10359.jpg,2
image_10360.jpg,2
image_10361.jpg,2
image_10362.jpg,2
image_10363.jpg,2
image_10364.jpg,2
image_10365.jpg,2
image_10366.jpg,2
image_10367.jpg,2
image_10368.jpg,2
image_10369.jpg,2
image_10370.jpg,2
image_10371.jpg,2
image_10372.jpg,2
image_10373.jpg,2
image_10374.jpg,2
image_10375.jpg,2
image_10376.jpg,2
image_10377.jpg,2
image_10378.jpg,2
image_10379.jpg,2
image_10380.jpg,2
image_10381.jpg,2
image_10382.jpg,2
image_10383.jpg,2
image_10384.jpg,2
image_10385.jpg,2
image_10386.jpg,2
image_10387.jpg,2
image_10388.jpg,2
image_10389.jpg,2
image_10390.jpg,2
image_10391.jpg,2
image_10392.jpg,2
image_10393.jpg,2
image_10394.jpg,2
image_10395.jpg,2
image_10396.jpg,2
image_10397.jpg,2
image_10398.jpg,2
image_10399.jpg,2
image_10400.jpg,2
image_10401.jpg,2
image_10402.jpg,2
image_10403.jpg,2
image_10404.jpg,2
image_10405.jpg,2
image_10406.jpg,2
image_10407.jpg,2
image_10408.jpg,2
image_10409.jpg,2
image_10410.jpg,2
image_10411.jpg,2
image_10412.jpg,2
image_10413.jpg,2
image_10414.jpg,2
image_10415.jpg,2
image_10416.jpg,2
image_10417.jpg,2
image_10418.jpg,2
image_10419.jpg,2
image_10420.jpg,2
image_10421.jpg,2
image_10422.jpg,2
image_10423.jpg,2
image_10424.jpg,2
image_10425.jpg,2
image_10426.jpg,2
image_10427.jpg,2
image_10428.jpg,2
image_10429.jpg,2
image_10430.jpg,2
image_10431.jpg,2
image_10432.jpg,2
image_10433.jpg,2
image_10434.jpg,2
image_10435.jpg,2
image_10436.jpg,2
image_10437.jpg,2
image_10438.jpg,2
image_10439.jpg,2
image_10440.jpg,2
image_10441.jpg,2
image_10442.jpg,2
image_10443.jpg,2
image_10444.jpg,2
image_10445.jpg,2
image_10446.jpg,2
image_10447.jpg,2
image_10448.jpg,2
image_10449.jpg,2
image_10450.jpg,2
image_10451.jpg,2
image_10452.jpg,2
image_10453.jpg,2
image_10454.jpg,2
image_10455.jpg,2
image_10456.jpg,2
image_10457.jpg,2
image_10458.jpg,2
image_10459.jpg,2
image_10460.jpg,2
image_10461.jpg,2
image_10462.jpg,2
image_10463.jpg,2
image_10464.jpg,2
image_10465.jpg,2
image_10466.jpg,2
image_10467.jpg,2
image_10468.jpg,2
image_10469.jpg,2
image_10470.jpg,2
image_10471.jpg,2
image_10472.jpg,2
image_10473.jpg,2
image_10474.jpg,2
image_10475.jpg,2
image_10476.jpg,2
image_10477.jpg,2
image_10478.jpg,2
image_10479.jpg,2
image_10480.jpg,2
image_10481.jpg,2
image_10482.jpg,2
image_10483.jpg,2
image_10484.jpg,2
image_10485.jpg,2
image_10486.jpg,2
image_10487.jpg,2
image_10488.jpg,2
image_10489.jpg,2
image_10490.jpg,2
image_10491.jpg,2
image_10492.jpg,2
image_10493.jpg,2
image_10494.jpg,2
image_10495.jpg,2
image_10496.jpg,2
image_10497.jpg,2
image_10498.jpg,2
image_10499.jpg,2
image_10500.jpg,2
image_10501.jpg,2
image_10502.jpg,2
image_10503.jpg,2
image_10504.jpg,2
image_10505.jpg,2
image_10506.jpg,2
image_10507.jpg,2
image_10508.jpg,2
image_10509.jpg,2
image_10510.jpg,2
image_10511.jpg,2
image_10512.jpg,2
image_10513.jpg,2
image_10514.jpg,2
image_10515.jpg,2
image_10516.jpg,2
image_10517.jpg,2
image_10518.jpg,2
image_10519.jpg,2
image_10520.jpg,2
image_10521.jpg,2
image_10522.jpg,2
image_10523.jpg,2
image_10524.jpg,2
image_10525.jpg,2
image_10526.jpg,2
image_10527.jpg,2
image_10528.jpg,2
image_10529.jpg,2
image_10530.jpg,2
image_10531.jpg,2
image_10532.jpg,2
image_10533.jpg,2
image_10534.jpg,2
image_10535.jpg,2
image_10536.jpg,2
image_10537.jpg,2
image_10538.jpg,2
image_10539.jpg,2
image_10540.jpg,2
image_10541.jpg,2
image_10542.jpg,2
image_10543.jpg,2
image_10544.jpg,2
image_10545.jpg,2
image_10546.jpg,2
image_10547.jpg,2
image_10548.jpg,2
image_10549.jpg,2
image_10550.jpg,2
image_10551.jpg,2
image_10552.jpg,2
image_10553.jpg,2
image_10554.jpg,2
image_10555.jpg,2
image_10556.jpg,2
image_10557.jpg,2
image_10558.jpg,2
image_10559.jpg,2
image_10560.jpg,2
image_10561.jpg,2
image_10562.jpg,2
image_10563.jpg,2
image_10564.jpg,2
image_10565.jpg,2
image_10566.jpg,2
image_10567.jpg,2
image_10568.jpg,2
image_10569.jpg,2
image_10570.jpg,2
image_10571.jpg,2
image_10572.jpg,2
image_10573.jpg,2
image_10574.jpg,2
image_10575.jpg,2
image_10576.jpg,2
image_10577.jpg,2
image_10578.jpg,2
image_10579.jpg,2
image_10580.jpg,2
image_10581.jpg,2
image_10582.jpg,2
image_10583.jpg,2
image_10584.jpg,2
image_10585.jpg,2
image_10586.jpg,2
image_10587.jpg,2
image_10588.jpg,2
image_10589.jpg,2
image_10590.jpg,2
image_10591.jpg,2
image_10592.jpg,2
image_10593.jpg,2
image_10594.jpg,2
image_10595.jpg,2
image_10596.jpg,2
image_10597.jpg,2
image_10598.jpg,2
image_10599.jpg,2
image_10600.jpg,2
image_10601.jpg,2
image_10602.jpg,2
image_10603.jpg,2
image_10604.jpg,2
image_10605.jpg,2
image_10606.jpg,2
image_10607.jpg,2
image_10608.jpg,2
image_10609.jpg,2
image_10610.jpg,2
image_10611.jpg,2
image_10612.jpg,2
image_10613.jpg,2
image_10614.jpg,2
image_10615.jpg,2
image_10616.jpg,2
image_10617.jpg,2
image_10618.jpg,2
image_10619.jpg,2
image_10620.jpg,2
image_10621.jpg,2
image_10622.jpg,2
image_10623.jpg,2
image_10624.jpg,2
image_10625.jpg,2
image_10626.jpg,2
image_10627.jpg,2
image_10628.jpg,2
image_10629.jpg,2
image_10630.jpg,2
image_10631.jpg,2
image_10632.jpg,2
image_10633.jpg,2
image_10634.jpg,2
image_10635.jpg,2
image_10636.jpg,2
image_10637.jpg,2
image_10638.jpg,2
image_10639.jpg,2
image_10640.jpg,2
image_10641.jpg,2
image_10642.jpg,2
image_10643.jpg,2
image_10644.jpg,2
image_10645.jpg,2
image_10646.jpg,2
image_10647.jpg,2
image_10648.jpg,2
image_10649.jpg,2
image_10650.jpg,2
image_10651.jpg,2
image_10652.jpg,2
image_10653.jpg,2
image_10654.jpg,2
image_10655.jpg,2
image_10656.jpg,2
image_10657.jpg,2
image_10658.jpg,2
image_10659.jpg,2
image_10660.jpg,2
image_10661.jpg,2
image_10662.jpg,2
image_10663.jpg,2
image_10664.jpg,2
image_10665.jpg,2
image_10666.jpg,2
image_10667.jpg,2
image_10668.jpg,2
image_10669.jpg,2
image_10670.jpg,2
image_10671.jpg,2
image_10672.jpg,2
image_10673.jpg,2
image_10674.jpg,2
image_10675.jpg,2
image_10676.jpg,2
image_10677.jpg,2
image_10678.jpg,2
image_10679.jpg,2
image_10680.jpg,2
image_10681.jpg,2
image_10682.jpg,2
image_10683.jpg,2
image_10684.jpg,2
image_10685.jpg,2
image_10686.jpg,2
image_10687.jpg,2
image_10688.jpg,2
image_10689.jpg,2
image_10690.jpg,2
image_10691.jpg,2
image_10692.jpg,2
image_10693.jpg,2
image_10694.jpg,2
image_10695.jpg,2
image_10696.jpg,2
image_10697.jpg,2
image_10698.jpg,2
image_10699.jpg,2
image_10700.jpg,2
image_10701.jpg,2
image_10702.jpg,2
image_10703.jpg,2
image_10704.jpg,2
image_10705.jpg,2
image_10706.jpg,2
image_10707.jpg,2
image_10708.jpg,2
image_10709.jpg,2
image_10710.jpg,2
image_10711.jpg,2
image_10712.jpg,2
image_10713.jpg,2
image_10714.jpg,2
image_10715.jpg,2
image_10716.jpg,2
image_10717.jpg,2
image_10718.jpg,2
image_10719.jpg,2
image_10720.jpg,2
image_10721.jpg,2
image_10722.jpg,2
image_10723.jpg,2
image_10724.jpg,2
image_10725.jpg,2
image_10726.jpg,2
image_10727.jpg,2
image_10728.jpg,2
image_10729.jpg,2
image_10730.jpg,2
image_10731.jpg,2
image_10732.jpg,2
image_10733.jpg,2
image_10734.jpg,2
image_10735.jpg,2
image_10736.jpg,2
image_10737.jpg,2
image_10738.jpg,2
image_10739.jpg,2
image_10740.jpg,2
image_10741.jpg,2
image_10742.jpg,2
image_10743.jpg,2
image_10744.jpg,2
image_10745.jpg,2
image_10746.jpg,2
image_10747.jpg,2
image_10748.jpg,2
image_10749.jpg,2
image_10750.jpg,2
image_10751.jpg,2
image_10752.jpg,2
image_10753.jpg,2
image_10754.jpg,2
image_10755.jpg,2
image_10756.jpg,2
image_10757.jpg,2
image_10758.jpg,2
image_10759.jpg,2
image_10760.jpg,2
image_10761.jpg,2
image_10762.jpg,2
image_10763.jpg,2
image_10764.jpg,2
image_10765.jpg,2
image_10766.jpg,2
image_10767.jpg,2
image_10768.jpg,2
image_10769.jpg,2
image_10770.jpg,2
image_10771.jpg,2
image_10772.jpg,2
image_10773.jpg,2
image_10774.jpg,2
image_10775.jpg,2
image_10776.jpg,2
image_10777.jpg,2
image_10778.jpg,2
image_10779.jpg,2
image_10780.jpg,2
image_10781.jpg,2
image_10782.jpg,2
image_10783.jpg,2
image_10784.jpg,2
image_10785.jpg,2
image_10786.jpg,2
image_10787.jpg,2
image_10788.jpg,2
image_10789.jpg,2
image_10790.jpg,2
image_10791.jpg,2
image_10792.jpg,2
image_10793.jpg,2
image_10794.jpg,2
image_10795.jpg,2
image_10796.jpg,2
image_10797.jpg,2
image_10798.jpg,2
image_10799.jpg,2
image_10800.jpg,2
image_10801.jpg,2
image_10802.jpg,2
image_10803.jpg,2
image_10804.jpg,2
image_10805.jpg,2
image_10806.jpg,2
image_10807.jpg,2
image_10808.jpg,2
image_10809.jpg,2
image_10810.jpg,2
image_10811.jpg,2
image_10812.jpg,2
image_10813.jpg,2
image_10814.jpg,2
image_10815.jpg,2
image_10816.jpg,2
image_10817.jpg,2
image_10818.jpg,2
image_10819.jpg,2
image_10820.jpg,2
image_10821.jpg,2
image_10822.jpg,2
image_10823.jpg,2
image_10824.jpg,2
image_10825.jpg,2
image_10826.jpg,2
image_10827.jpg,2
image_10828.jpg,2
image_10829.jpg,2
image_10830.jpg,2
image_10831.jpg,2
image_10832.jpg,2
image_10833.jpg,2
image_10834.jpg,2
image_10835.jpg,2
image_10836.jpg,2
image_10837.jpg,2
image_10838.jpg,2
image_10839.jpg,2
image_10840.jpg,2
image_10841.jpg,2
image_10842.jpg,2
image_10843.jpg,2
image_10844.jpg,2
image_10845.jpg,2
image_10846.jpg,2
image_10847.jpg,2
image_10848.jpg,2
image_10849.jpg,2
image_10850.jpg,2
image_10851.jpg,2
image_10852.jpg,2
image_10853.jpg,2
image_10854.jpg,2
image_10855.jpg,2
image_10856.jpg,2
image_10857.jpg,2
image_10858.jpg,2
image_10859.jpg,2
image_10860.jpg,2
image_10861.jpg,2
image_10862.jpg,2
image_10863.jpg,2
image_10864.jpg,2
image_10865.jpg,2
image_10866.jpg,2
image_10867.jpg,2
image_10868.jpg,2
image_10869.jpg,2
image_10870.jpg,2
image_10871.jpg,2
image_10872.jpg,2
image_10873.jpg,2
image_10874.jpg,2
image_10875.jpg,2
image_10876.jpg,2
image_10877.jpg,2
image_10878.jpg,2
image_10879.jpg,2
image_10880.jpg,2
image_10881.jpg,2
image_10882.jpg,2
image_10883.jpg,2
image_10884.jpg,2
image_10885.jpg,2
image_10886.jpg,2
image_10887.jpg,2
image_10888.jpg,2
image_10889.jpg,2
image_10890.jpg,2
image_10891.jpg,2
image_10892.jpg,2
image_10893.jpg,2
image_10894.jpg,2
image_10895.jpg,2
image_10896.jpg,2
image_10897.jpg,2
image_10898.jpg,2
image_10899.jpg,2
image_10900.jpg,2
image_10901.jpg,2
image_10902.jpg,2
image_10903.jpg,2
image_10904.jpg,2
image_10905.jpg,2
image_10906.jpg,2
image_10907.jpg,2
image_10908.jpg,2
image_10909.jpg,2
image_10910.jpg,2
image_10911.jpg,2
image_10912.jpg,2
image_10913.jpg,2
image_10914.jpg,2
image_10915.jpg,2
image_10916.jpg,2
image_10917.jpg,2
image_10918.jpg,2
image_10919.jpg,2
image_10920.jpg,2
image_10921.jpg,2
image_10922.jpg,2
image_10923.jpg,2
image_10924.jpg,2
image_10925.jpg,2
image_10926.jpg,2
image_10927.jpg,2
image_10928.jpg,2
image_10929.jpg,2
image_10930.jpg,2
image_10931.jpg,2
image_10932.jpg,2
image_10933.jpg,2
image_10934.jpg,2
image_10935.jpg,2
image_10936.jpg,2
image_10937.jpg,2
image_10938.jpg,2
image_10939.jpg,2
image_10940.jpg,2
image_10941.jpg,2
image_10942.jpg,2
image_10943.jpg,2
image_10944.jpg,2
image_10945.jpg,2
image_10946.jpg,2
image_10947.jpg,2
image_10948.jpg,2
image_10949.jpg,2
image_10950.jpg,2
image_10951.jpg,2
image_10952.jpg,2
image_10953.jpg,2
image_10954.jpg,2
image_10955.jpg,2
image_10956.jpg,2
image_10957.jpg,2
image_10958.jpg,2
image_10959.jpg,2
image_10960.jpg,2
image_10961.jpg,2
image_10962.jpg,2
image_10963.jpg,2
image_10964.jpg,2
image_10965.jpg,2
image_10966.jpg,2
image_10967.jpg,2
image_10968.jpg,2
image_10969.jpg,2
image_10970.jpg,2
image_10971.jpg,2
image_10972.jpg,2
image_10973.jpg,2
image_10974.jpg,2
image_10975.jpg,2
image_10976.jpg,2
image_10977.jpg,2
image_10978.jpg,2
image_10979.jpg,2
image_10980.jpg,2
image_10981.jpg,2
image_10982.jpg,2
image_10983.jpg,2
image_10984.jpg,2
image_10985.jpg,2
image_10986.jpg,2
image_10987.jpg,2
image_10988.jpg,2
image_10989.jpg,2
image_10990.jpg,2
image_10991.jpg,2
image_10992.jpg,2
image_10993.jpg,2
image_10994.jpg,2
image_10995.jpg,2
image_10996.jpg,2
image_10997.jpg,2
image_10998.jpg,2
image_10999.jpg,2
image_11000.jpg,2
image_11001.jpg,2
image_11002.jpg,2
image_11003.jpg,2
image_11004.jpg,2
image_11005.jpg,2
image_11006.jpg,2
image_11007.jpg,2
image_11008.jpg,2
image_11009.jpg,2
image_11010.jpg,2
image_11011.jpg,2
image_11012.jpg,2
image_11013.jpg,2
image_11014.jpg,2
image_11015.jpg,2
image_11016.jpg,2
image_11017.jpg,2
image_11018.jpg,2
image_11019.jpg,2
image_11020.jpg,2
image_11021.jpg,2
image_11022.jpg,2
image_11023.jpg,2
image_11024.jpg,2
image_11025.jpg,2
image_11026.jpg,2
image_11027.jpg,2
image_11028.jpg,2
image_11029.jpg,2
image_11030.jpg,2
image_11031.jpg,2
image_11032.jpg,2
image_11033.jpg,2
image_11034.jpg,2
image_11035.jpg,2
image_11036.jpg,2
image_11037.jpg,2
image_11038.jpg,2
image_11039.jpg,2
image_11040.jpg,2
image_11041.jpg,2
image_11042.jpg,2
image_11043.jpg,2
image_11044.jpg,2
image_11045.jpg,2
image_11046.jpg,2
image_11047.jpg,2
image_11048.jpg,2
image_11049.jpg,2
image_11050.jpg,2
image_11051.jpg,2
image_11052.jpg,2
image_11053.jpg,2
image_11054.jpg,2
image_11055.jpg,2
image_11056.jpg,2
image_11057.jpg,2
image_11058.jpg,2
image_11059.jpg,2
image_11060.jpg,2
image_11061.jpg,2
image_11062.jpg,2
image_11063.jpg,2
image_11064.jpg,2
image_11065.jpg,2
image_11066.jpg,2
image_11067.jpg,2
image_11068.jpg,2
image_11069.jpg,2
image_11070.jpg,2
image_11071.jpg,2
image_11072.jpg,2
image_11073.jpg,2
image_11074.jpg,2
image_11075.jpg,2
image_11076.jpg,2
image_11077.jpg,2
image_11078.jpg,2
image_11079.jpg,2
image_11080.jpg,2
image_11081.jpg,2
image_11082.jpg,2
image_11083.jpg,2
image_11084.jpg,2
image_11085.jpg,2
image_11086.jpg,2
image_11087.jpg,2
image_11088.jpg,2
image_11089.jpg,2
image_11090.jpg,2
image_11091.jpg,2
image_11092.jpg,2
image_11093.jpg,2
image_11094.jpg,2
image_11095.jpg,2
image_11096.jpg,2
image_11097.jpg,2
image_11098.jpg,2
image_11099.jpg,2
image_11100.jpg,2
image_11101.jpg,2
image_11102.jpg,2
image_11103.jpg,2
image_11104.jpg,2
image_11105.jpg,2
image_11106.jpg,2
image_11107.jpg,2
image_11108.jpg,2
image_11109.jpg,2
image_11110.jpg,2
image_11111.jpg,2
image_11112.jpg,2
image_11113.jpg,2
image_11114.jpg,2
image_11115.jpg,2
image_11116.jpg,2
image_11117.jpg,2
image_11118.jpg,2
image_11119.jpg,2
image_11120.jpg,2
image_11121.jpg,2
image_11122.jpg,2
image_11123.jpg,2
image_11124.jpg,2
image_11125.jpg,2
image_11126.jpg,2
image_11127.jpg,2
image_11128.jpg,2
image_11129.jpg,2
image_11130.jpg,2
image_11131.jpg,2
image_11132.jpg,2
image_11133.jpg,2
image_11134.jpg,2
image_11135.jpg,2
image_11136.jpg,2
image_11137.jpg,2
image_11138.jpg,2
image_11139.jpg,2
image_11140.jpg,2
image_11141.jpg,2
image_11142.jpg,2
image_11143.jpg,2
image_11144.jpg,2
image_11145.jpg,2
image_11146.jpg,2
image_11147.jpg,2
image_11148.jpg,2
image_11149.jpg,2
image_11150.jpg,2
image_11151.jpg,2
image_11152.jpg,2
image_11153.jpg,2
image_11154.jpg,2
image_11155.jpg,2
image_11156.jpg,2
image_11157.jpg,2
image_11158.jpg,2
image_11159.jpg,2
image_11160.jpg,2
image_11161.jpg,2
image_11162.jpg,2
image_11163.jpg,2
image_11164.jpg,2
image_11165.jpg,2
image_11166.jpg,2
image_11167.jpg,2
image_11168.jpg,2
image_11169.jpg,2
image_11170.jpg,2
image_11171.jpg,2
image_11172.jpg,2
image_11173.jpg,2
image_11174.jpg,2
image_11175.jpg,2
image_11176.jpg,2
image_11177.jpg,2
image_11178.jpg,2
image_11179.jpg,2
image_11180.jpg,2
image_11181.jpg,2
image_11182.jpg,2
image_11183.jpg,2
image_11184.jpg,2
image_11185.jpg,2
image_11186.jpg,2
image_11187.jpg,2
image_11188.jpg,2
image_11189.jpg,2
image_11190.jpg,2
image_11191.jpg,2
image_11192.jpg,2
image_11193.jpg,2
image_11194.jpg,2
image_11195.jpg,2
image_11196.jpg,2
image_11197.jpg,2
image_11198.jpg,2
image_11199.jpg,2
image_11200.jpg,2
image_11201.jpg,2
image_11202.jpg,2
image_11203.jpg,2
image_11204.jpg,2
image_11205.jpg,2
image_11206.jpg,2
image_11207.jpg,2
image_11208.jpg,2
image_11209.jpg,2
image_11210.jpg,2
image_11211.jpg,2
image_11212.jpg,2
image_11213.jpg,2
image_11214.jpg,2
image_11215.jpg,2
image_11216.jpg,2
image_11217.jpg,2
image_11218.jpg,2
image_11219.jpg,2
image_11220.jpg,2
image_11221.jpg,2
image_11222.jpg,2
image_11223.jpg,2
image_11224.jpg,2
image_11225.jpg,2
image_11226.jpg,2
image_11227.jpg,2
image_11228.jpg,2
image_11229.jpg,2
image_11230.jpg,2
image_11231.jpg,2
image_11232.jpg,2
image_11233.jpg,2
image_11234.jpg,2
image_11235.jpg,2
image_11236.jpg,2
image_11237.jpg,2
image_11238.jpg,2
image_11239.jpg,2
image_11240.jpg,2
image_11241.jpg,2
image_11242.jpg,2
image_11243.jpg,2
image_11244.jpg,2
image_11245.jpg,2
image_11246.jpg,2
image_11247.jpg,2
image_11248.jpg,2
image_11249.jpg,2
image_11250.jpg,2
image_11251.jpg,2
image_11252.jpg,2
image_11253.jpg,2
image_11254.jpg,2
image_11255.jpg,2
image_11256.jpg,2
image_11257.jpg,2
image_11258.jpg,2
image_11259.jpg,2
image_11260.jpg,2
image_11261.jpg,2
image_11262.jpg,2
image_11263.jpg,2
image_11264.jpg,2
image_11265.jpg,2
image_11266.jpg,2
image_11267.jpg,2
image_11268.jpg,2
image_11269.jpg,2
image_11270.jpg,2
image_11271.jpg,2
image_11272.jpg,2
image_11273.jpg,2
image_11274.jpg,2
image_11275.jpg,2
image_11276.jpg,2
image_11277.jpg,2
image_11278.jpg,2
image_11279.jpg,2
image_11280.jpg,2
image_11281.jpg,2
image_11282.jpg,2
image_11283.jpg,2
image_11284.jpg,2
image_11285.jpg,2
image_11286.jpg,2
image_11287.jpg,2
image_11288.jpg,2
image_11289.jpg,2
image_11290.jpg,2
image_11291.jpg,2
image_11292.jpg,2
image_11293.jpg,2
image_11294.jpg,2
image_11295.jpg,2
image_11296.jpg,2
image_11297.jpg,2
image_11298.jpg,2
image_11299.jpg,2
image_11300.jpg,2
image_11301.jpg,2
image_11302.jpg,2
image_11303.jpg,2
image_11304.jpg,2
image_11305.jpg,2
image_11306.jpg,2
image_11307.jpg,2
image_11308.jpg,2
image_11309.jpg,2
image_11310.jpg,2
image_11311.jpg,2
image_11312.jpg,2
image_11313.jpg,2
image_11314.jpg,2
image_11315.jpg,2
image_11316.jpg,2
image_11317.jpg,2
image_11318.jpg,2
image_11319.jpg,2
image_11320.jpg,2
image_11321.jpg,2
image_11322.jpg,2
image_11323.jpg,2
image_11324.jpg,2
image_11325.jpg,2
image_11326.jpg,2
image_11327.jpg,2
image_11328.jpg,2
image_11329.jpg,2
image_11330.jpg,2
image_11331.jpg,2
image_11332.jpg,2
image_11333.jpg,2
image_11334.jpg,2
image_11335.jpg,2
image_11336.jpg,2
image_11337.jpg,2
image_11338.jpg,2
image_11339.jpg,2
image_11340.jpg,2
image_11341.jpg,2
image_11342.jpg,2
image_11343.jpg,2
image_11344.jpg,2
image_11345.jpg,2
image_11346.jpg,2
image_11347.jpg,2
image_11348.jpg,2
image_11349.jpg,2
image_11350.jpg,2
image_11351.jpg,2
image_11352.jpg,2
image_11353.jpg,2
image_11354.jpg,2
image_11355.jpg,2
image_11356.jpg,2
image_11357.jpg,2
image_11358.jpg,2
image_11359.jpg,2
image_11360.jpg,2
image_11361.jpg,2
image_11362.jpg,2
image_11363.jpg,2
image_11364.jpg,2
image_11365.jpg,2
image_11366.jpg,2
image_11367.jpg,2
image_11368.jpg,2
image_11369.jpg,2
image_11370.jpg,2
image_11371.jpg,2
image_11372.jpg,2
image_11373.jpg,2
image_11374.jpg,2
image_11375.jpg,2
image_11376.jpg,2
image_11377.jpg,2
image_11378.jpg,2
image_11379.jpg,2
image_11380.jpg,2
image_11381.jpg,2
image_11382.jpg,2
image_11383.jpg,2
image_11384.jpg,2
image_11385.jpg,2
image_11386.jpg,2
image_11387.jpg,2
image_11388.jpg,2
image_11389.jpg,2
image_11390.jpg,2
image_11391.jpg,2
image_11392.jpg,2
image_11393.jpg,2
image_11394.jpg,2
image_11395.jpg,2
image_11396.jpg,2
image_11397.jpg,2
image_11398.jpg,2
image_11399.jpg,2
image_11400.jpg,2
image_11401.jpg,2
image_11402.jpg,2
image_11403.jpg,2
image_11404.jpg,2
image_11405.jpg,2
image_11406.jpg,2
image_11407.jpg,2
image_11408.jpg,2
image_11409.jpg,2
image_11410.jpg,2
image_11411.jpg,2
image_11412.jpg,2
image_11413.jpg,2
image_11414.jpg,2
image_11415.jpg,2
image_11416.jpg,2
image_11417.jpg,2
image_11418.jpg,2
image_11419.jpg,2
image_11420.jpg,2
image_11421.jpg,2
image_11422.jpg,2
image_11423.jpg,2
image_11424.jpg,2
image_11425.jpg,2
image_11426.jpg,2
image_11427.jpg,2
image_11428.jpg,2
image_11429.jpg,2
image_11430.jpg,2
image_11431.jpg,2
image_11432.jpg,2
image_11433.jpg,2
image_11434.jpg,2
image_11435.jpg,2
image_11436.jpg,2
image_11437.jpg,2
image_11438.jpg,2
image_11439.jpg,2
image_11440.jpg,2
image_11441.jpg,2
image_11442.jpg,2
image_11443.jpg,2
image_11444.jpg,2
image_11445.jpg,2
image_11446.jpg,2
image_11447.jpg,2
image_11448.jpg,2
image_11449.jpg,2
image_11450.jpg,2
image_11451.jpg,2
image_11452.jpg,2
image_11453.jpg,2
image_11454.jpg,2
image_11455.jpg,2
image_11456.jpg,2
image_11457.jpg,2
image_11458.jpg,2
image_11459.jpg,2
image_11460.jpg,2
image_11461.jpg,2
image_11462.jpg,2
image_11463.jpg,2
image_11464.jpg,2
image_11465.jpg,2
image_11466.jpg,2
image_11467.jpg,2
image_11468.jpg,2
image_11469.jpg,2
image_11470.jpg,2
image_11471.jpg,2
image_11472.jpg,2
image_11473.jpg,2
image_11474.jpg,2
image_11475.jpg,2
image_11476.jpg,2
image_11477.jpg,2
image_11478.jpg,2
image_11479.jpg,2
image_11480.jpg,2
image_11481.jpg,2
image_11482.jpg,2
image_11483.jpg,2
image_11484.jpg,2
image_11485.jpg,2
image_11486.jpg,2
image_11487.jpg,2
image_11488.jpg,2
image_11489.jpg,2
image_11490.jpg,2
image_11491.jpg,2
image_11492.jpg,2
image_11493.jpg,2
image_11494.jpg,2
image_11495.jpg,2
image_11496.jpg,2
image_11497.jpg,2
image_11498.jpg,2
image_11499.jpg,2
image_11500.jpg,2
image_11501.jpg,2
image_11502.jpg,2
image_11503.jpg,2
image_11504.jpg,2
image_11505.jpg,2
image_11506.jpg,2
image_11507.jpg,2
image_11508.jpg,2
image_11509.jpg,2
image_11510.jpg,2
image_11511.jpg,2
image_11512.jpg,2
image_11513.jpg,2
image_11514.jpg,2
image_11515.jpg,2
image_11516.jpg,2
image_11517.jpg,2
image_11518.jpg,2
image_11519.jpg,2
image_11520.jpg,2
image_11521.jpg,2
image_11522.jpg,2
image_11523.jpg,2
image_11524.jpg,2
image_11525.jpg,2
image_11526.jpg,2
image_11527.jpg,2
image_11528.jpg,2
image_11529.jpg,2
image_11530.jpg,2
image_11531.jpg,2
image_11532.jpg,2
image_11533.jpg,2
image_11534.jpg,2
image_11535.jpg,2
image_11536.jpg,2
image_11537.jpg,2
image_11538.jpg,2
image_11539.jpg,2
image_11540.jpg,2
image_11541.jpg,2
image_11542.jpg,2
image_11543.jpg,2
image_11544.jpg,2
image_11545.jpg,2
image_11546.jpg,2
image_11547.jpg,2
image_11548.jpg,2
image_11549.jpg,2
image_11550.jpg,2
image_11551.jpg,2
image_11552.jpg,2
image_11553.jpg,2
image_11554.jpg,2
image_11555.jpg,2
image_11556.jpg,2
image_11557.jpg,2
image_11558.jpg,2
image_11559.jpg,2
image_11560.jpg,2
image_11561.jpg,2
image_11562.jpg,2
image_11563.jpg,2
image_11564.jpg,2
image_11565.jpg,2
image_11566.jpg,2
image_11567.jpg,2
image_11568.jpg,2
image_11569.jpg,2
image_11570.jpg,2
image_11571.jpg,2
image_11572.jpg,2
image_11573.jpg,2
image_11574.jpg,2
image_11575.jpg,2
image_11576.jpg,2
image_11577.jpg,2
image_11578.jpg,2
image_11579.jpg,2
image_11580.jpg,2
image_11581.jpg,2
image_11582.jpg,2
image_11583.jpg,2
image_11584.jpg,2
image_11585.jpg,2
image_11586.jpg,2
image_11587.jpg,2
image_11588.jpg,2
image_11589.jpg,2
image_11590.jpg,2
image_11591.jpg,2
image_11592.jpg,2
image_11593.jpg,2
image_11594.jpg,2
image_11595.jpg,2
image_11596.jpg,2
image_11597.jpg,2
image_11598.jpg,2
image_11599.jpg,2
image_11600.jpg,2
image_11601.jpg,2
image_11602.jpg,2
image_11603.jpg,2
image_11604.jpg,2
image_11605.jpg,2
image_11606.jpg,2
image_11607.jpg,2
image_11608.jpg,2
image_11609.jpg,2
image_11610.jpg,2
image_11611.jpg,2
image_11612.jpg,2
image_11613.jpg,2
image_11614.jpg,2
image_11615.jpg,2
image_11616.jpg,2
image_11617.jpg,2
image_11618.jpg,2
image_11619.jpg,2
image_11620.jpg,2
image_11621.jpg,2
image_11622.jpg,2
image_11623.jpg,2
image_11624.jpg,2
image_11625.jpg,2
image_11626.jpg,2
image_11627.jpg,2
image_11628.jpg,2
image_11629.jpg,2
image_11630.jpg,2
image_11631.jpg,2
image_11632.jpg,2
image_11633.jpg,2
image_11634.jpg,2
image_11635.jpg,2
image_11636.jpg,2
image_11637.jpg,2
image_11638.jpg,2
image_11639.jpg,2
image_11640.jpg,2
image_11641.jpg,2
image_11642.jpg,2
image_11643.jpg,2
image_11644.jpg,2
image_11645.jpg,2
image_11646.jpg,2
image_11647.jpg,2
image_11648.jpg,2
image_11649.jpg,2
image_11650.jpg,2
image_11651.jpg,2
image_11652.jpg,2
image_11653.jpg,2
image_11654.jpg,2
image_11655.jpg,2
image_11656.jpg,2
image_11657.jpg,2
image_11658.jpg,2
image_11659.jpg,2
image_11660.jpg,2
image_11661.jpg,2
image_11662.jpg,2
image_11663.jpg,2
image_11664.jpg,2
image_11665.jpg,2
image_11666.jpg,2
image_11667.jpg,2
image_11668.jpg,2
image_11669.jpg,2
image_11670.jpg,2
image_11671.jpg,2
image_11672.jpg,2
image_11673.jpg,2
image_11674.jpg,2
image_11675.jpg,2
image_11676.jpg,2
image_11677.jpg,2
image_11678.jpg,2
image_11679.jpg,2
image_11680.jpg,2
image_11681.jpg,2
image_11682.jpg,2
image_11683.jpg,2
image_11684.jpg,2
image_11685.jpg,2
image_11686.jpg,2
image_11687.jpg,2
image_11688.jpg,2
image_11689.jpg,2
image_11690.jpg,2
image_11691.jpg,2
image_11692.jpg,2
image_11693.jpg,2
image_11694.jpg,2
image_11695.jpg,2
image_11696.jpg,2
image_11697.jpg,2
image_11698.jpg,2
image_11699.jpg,2
image_11700.jpg,2
image_11701.jpg,2
image_11702.jpg,2
image_11703.jpg,2
image_11704.jpg,2
image_11705.jpg,2
image_11706.jpg,2
image_11707.jpg,2
image_11708.jpg,2
image_11709.jpg,2
image_11710.jpg,2
image_11711.jpg,2
image_11712.jpg,2
image_11713.jpg,2
image_11714.jpg,2
image_11715.jpg,2
image_11716.jpg,2
image_11717.jpg,2
image_11718.jpg,2
image_11719.jpg,2
image_11720.jpg,2
image_11721.jpg,2
image_11722.jpg,2
image_11723.jpg,2
image_11724.jpg,2
image_11725.jpg,2
image_11726.jpg,2
image_11727.jpg,2
image_11728.jpg,2
image_11729.jpg,2
image_11730.jpg,2
image_11731.jpg,2
image_11732.jpg,2
image_11733.jpg,2
image_11734.jpg,2
image_11735.jpg,2
image_11736.jpg,2
image_11737.jpg,2
image_11738.jpg,2
image_11739.jpg,2
image_11740.jpg,2
image_11741.jpg,2
image_11742.jpg,2
image_11743.jpg,2
image_11744.jpg,2
image_11745.jpg,2
image_11746.jpg,2
image_11747.jpg,2
image_11748.jpg,2
image_11749.jpg,2
image_11750.jpg,2
image_11751.jpg,2
image_11752.jpg,2
image_11753.jpg,2
image_11754.jpg,2
image_11755.jpg,2
image_11756.jpg,2
image_11757.jpg,2
image_11758.jpg,2
image_11759.jpg,2
image_11760.jpg,2
image_11761.jpg,2
image_11762.jpg,2
image_11763.jpg,2
image_11764.jpg,2
image_11765.jpg,2
image_11766.jpg,2
image_11767.jpg,2
image_11768.jpg,2
image_11769.jpg,2
image_11770.jpg,2
image_11771.jpg,2
image_11772.jpg,2
image_11773.jpg,2
image_11774.jpg,2
image_11775.jpg,2
image_11776.jpg,2
image_11777.jpg,2
image_11778.jpg,2
image_11779.jpg,2
image_11780.jpg,2
image_11781.jpg,2
image_11782.jpg,2
image_11783.jpg,2
image_11784.jpg,2
image_11785.jpg,2
image_11786.jpg,2
image_11787.jpg,2
image_11788.jpg,2
image_11789.jpg,2
image_11790.jpg,2
image_11791.jpg,2
image_11792.jpg,2
image_11793.jpg,2
image_11794.jpg,2
image_11795.jpg,2
image_11796.jpg,2
image_11797.jpg,2
image_11798.jpg,2
image_11799.jpg,2
image_11800.jpg,2
image_11801.jpg,2
image_11802.jpg,2
image_11803.jpg,2
image_11804.jpg,2
image_11805.jpg,2
image_11806.jpg,2
image_11807.jpg,2
image_11808.jpg,2
image_11809.jpg,2
image_11810.jpg,2
image_11811.jpg,2
image_11812.jpg,2
image_11813.jpg,2
image_11814.jpg,2
image_11815.jpg,2
image_11816.jpg,2
image_11817.jpg,2
image_11818.jpg,2
image_11819.jpg,2
image_11820.jpg,2
image_11821.jpg,2
image_11822.jpg,2
image_11823.jpg,2
image_11824.jpg,2
image_11825.jpg,2
image_11826.jpg,2
image_11827.jpg,2
image_11828.jpg,2
image_11829.jpg,2
image_11830.jpg,2
image_11831.jpg,2
image_11832.jpg,2
image_11833.jpg,2
image_11834.jpg,2
image_11835.jpg,2
image_11836.jpg,2
image_11837.jpg,2
image_11838.jpg,2
image_11839.jpg,2
image_11840.jpg,2
image_11841.jpg,2
image_11842.jpg,2
image_11843.jpg,2
image_11844.jpg,2
image_11845.jpg,2
image_11846.jpg,2
image_11847.jpg,2
image_11848.jpg,2
image_11849.jpg,2
image_11850.jpg,2
image_11851.jpg,2
image_11852.jpg,2
image_11853.jpg,2
image_11854.jpg,2
image_11855.jpg,2
image_11856.jpg,2
image_11857.jpg,2
image_11858.jpg,2
image_11859.jpg,2
image_11860.jpg,2
image_11861.jpg,2
image_11862.jpg,2
image_11863.jpg,2
image_11864.jpg,2
image_11865.jpg,2
image_11866.jpg,2
image_11867.jpg,2
image_11868.jpg,2
image_11869.jpg,2
image_11870.jpg,2
image_11871.jpg,2
image_11872.jpg,2
image_11873.jpg,2
image_11874.jpg,2
image_11875.jpg,2
image_11876.jpg,2
image_11877.jpg,2
image_11878.jpg,2
image_11879.jpg,2
image_11880.jpg,2
image_11881.jpg,2
image_11882.jpg,2
image_11883.jpg,2
image_11884.jpg,2
image_11885.jpg,2
image_11886.jpg,2
image_11887.jpg,2
image_11888.jpg,2
image_11889.jpg,2
image_11890.jpg,2
image_11891.jpg,2
image_11892.jpg,2
image_11893.jpg,2
image_11894.jpg,2
image_11895.jpg,2
image_11896.jpg,2
image_11897.jpg,2
image_11898.jpg,2
image_11899.jpg,2
image_11900.jpg,2
image_11901.jpg,2
image_11902.jpg,2
image_11903.jpg,2
image_11904.jpg,2
image_11905.jpg,2
image_11906.jpg,2
image_11907.jpg,2
image_11908.jpg,2
image_11909.jpg,2
image_11910.jpg,2
image_11911.jpg,2
image_11912.jpg,2
image_11913.jpg,2
image_11914.jpg,2
image_11915.jpg,2
image_11916.jpg,2
image_11917.jpg,2
image_11918.jpg,2
image_11919.jpg,2
image_11920.jpg,2
image_11921.jpg,2
image_11922.jpg,2
image_11923.jpg,2
image_11924.jpg,2
image_11925.jpg,2
image_11926.jpg,2
image_11927.jpg,2
image_11928.jpg,2
image_11929.jpg,2
image_11930.jpg,2
image_11931.jpg,2
image_11932.jpg,2
image_11933.jpg,2
image_11934.jpg,2
image_11935.jpg,2
image_11936.jpg,2
image_11937.jpg,2
image_11938.jpg,2
image_11939.jpg,2
image_11940.jpg,2
image_11941.jpg,2
image_11942.jpg,2
image_11943.jpg,2
image_11944.jpg,2
image_11945.jpg,2
image_11946.jpg,2
image_11947.jpg,2
image_11948.jpg,2
image_11949.jpg,2
image_11950.jpg,2
image_11951.jpg,2
image_11952.jpg,2
image_11953.jpg,2
image_11954.jpg,2
image_11955.jpg,2
image_11956.jpg,2
image_11957.jpg,2
image_11958.jpg,2
image_11959.jpg,2
image_11960.jpg,2
image_11961.jpg,2
image_11962.jpg,2
image_11963.jpg,2
image_11964.jpg,2
image_11965.jpg,2
image_11966.jpg,2
image_11967.jpg,2
image_11968.jpg,2
image_11969.jpg,2
image_11970.jpg,2
image_11971.jpg,2
image_11972.jpg,2
image_11973.jpg,2
image_11974.jpg,2
image_11975.jpg,2
image_11976.jpg,2
image_11977.jpg,2
image_11978.jpg,2
image_11979.jpg,2
image_11980.jpg,2
image_11981.jpg,2
image_11982.jpg,2
image_11983.jpg,2
image_11984.jpg,2
image_11985.jpg,2
image_11986.jpg,2
image_11987.jpg,2
image_11988.jpg,2
image_11989.jpg,2
image_11990.jpg,2
image_11991.jpg,2
image_11992.jpg,2
image_11993.jpg,2
image_11994.jpg,2
image_11995.jpg,2
image_11996.jpg,2
image_11997.jpg,2
image_11998.jpg,2
image_11999.jpg,2
image_12000.jpg,2
image_12001.jpg,2
image_12002.jpg,2
image_12003.jpg,2
image_12004.jpg,2
image_12005.jpg,2
image_12006.jpg,2
image_12007.jpg,2
image_12008.jpg,2
image_12009.jpg,2
image_12010.jpg,2
image_12011.jpg,2
image_12012.jpg,2
image_12013.jpg,2
image_12014.jpg,2
image_12015.jpg,2
image_12016.jpg,2
image_12017.jpg,2
image_12018.jpg,2
image_12019.jpg,2
image_12020.jpg,2
image_12021.jpg,2
image_12022.jpg,2
image_12023.jpg,2
image_12024.jpg,2
image_12025.jpg,2
image_12026.jpg,2
image_12027.jpg,2
image_12028.jpg,2
image_12029.jpg,2
image_12030.jpg,2
image_12031.jpg,2
image_12032.jpg,2
image_12033.jpg,2
image_12034.jpg,2
image_12035.jpg,2
image_12036.jpg,2
image_12037.jpg,2
image_12038.jpg,2
image_12039.jpg,2
image_12040.jpg,2
image_12041.jpg,2
image_12042.jpg,2
image_12043.jpg,2
image_12044.jpg,2
image_12045.jpg,2
image_12046.jpg,2
image_12047.jpg,2
image_12048.jpg,2
image_12049.jpg,2
image_12050.jpg,2
image_12051.jpg,2
image_12052.jpg,2
image_12053.jpg,2
image_12054.jpg,2
image_12055.jpg,2
image_12056.jpg,2
image_12057.jpg,2
image_12058.jpg,2
image_12059.jpg,2
image_12060.jpg,2
image_12061.jpg,2
image_12062.jpg,2
image_12063.jpg,2
image_12064.jpg,2
image_12065.jpg,2
image_12066.jpg,2
image_12067.jpg,2
image_12068.jpg,2
image_12069.jpg,2
image_12070.jpg,2
image_12071.jpg,2
image_12072.jpg,2
image_12073.jpg,2
image_12074.jpg,2
image_12075.jpg,2
image_12076.jpg,2
image_12077.jpg,2
image_12078.jpg,2
image_12079.jpg,2
image_12080.jpg,2
image_12081.jpg,2
image_12082.jpg,2
image_12083.jpg,2
image_12084.jpg,2
image_12085.jpg,2
image_12086.jpg,2
image_12087.jpg,2
image_12088.jpg,2
image_12089.jpg,2
image_12090.jpg,2
image_12091.jpg,2
image_12092.jpg,2
image_12093.jpg,2
image_12094.jpg,2
image_12095.jpg,2
image_12096.jpg,2
image_12097.jpg,2
image_12098.jpg,2
image_12099.jpg,2
image_12100.jpg,2
image_12101.jpg,2
image_12102.jpg,2
image_12103.jpg,2
image_12104.jpg,2
image_12105.jpg,2
image_12106.jpg,2
image_12107.jpg,2
image_12108.jpg,2
image_12109.jpg,2
image_12110.jpg,2
image_12111.jpg,2
image_12112.jpg,2
image_12113.jpg,2
image_12114.jpg,2
image_12115.jpg,2
image_12116.jpg,2
image_12117.jpg,2
image_12118.jpg,2
image_12119.jpg,2
image_12120.jpg,2
image_12121.jpg,2
image_12122.jpg,2
image_12123.jpg,2
image_12124.jpg,2
image_12125.jpg,2
image_12126.jpg,2
image_12127.jpg,2
image_12128.jpg,2
image_12129.jpg,2
image_12130.jpg,2
image_12131.jpg,2
image_12132.jpg,2
image_12133.jpg,2
image_12134.jpg,2
image_12135.jpg,2
image_12136.jpg,2
image_12137.jpg,2
image_12138.jpg,2
image_12139.jpg,2
image_12140.jpg,2
image_12141.jpg,2
image_12142.jpg,2
image_12143.jpg,2
image_12144.jpg,2
image_12145.jpg,2
image_12146.jpg,2
image_12147.jpg,2
image_12148.jpg,2
image_12149.jpg,2
image_12150.jpg,2
image_12151.jpg,2
image_12152.jpg,2
image_12153.jpg,2
image_12154.jpg,2
image_12155.jpg,2
image_12156.jpg,2
image_12157.jpg,2
image_12158.jpg,2
image_12159.jpg,2
image_12160.jpg,2
image_12161.jpg,2
image_12162.jpg,2
image_12163.jpg,2
image_12164.jpg,2
image_12165.jpg,2
image_12166.jpg,2
image_12167.jpg,2
image_12168.jpg,2
image_12169.jpg,2
image_12170.jpg,2
image_12171.jpg,2
image_12172.jpg,2
image_12173.jpg,2
image_12174.jpg,2
image_12175.jpg,2
image_12176.jpg,2
image_12177.jpg,2
image_12178.jpg,2
image_12179.jpg,2
image_12180.jpg,2
image_12181.jpg,2
image_12182.jpg,2
image_12183.jpg,2
image_12184.jpg,2
image_12185.jpg,2
image_12186.jpg,2
image_12187.jpg,2
image_12188.jpg,2
image_12189.jpg,2
image_12190.jpg,2
image_12191.jpg,2
image_12192.jpg,2
image_12193.jpg,2
image_12194.jpg,2
image_12195.jpg,2
image_12196.jpg,2
image_12197.jpg,2
image_12198.jpg,2
image_12199.jpg,2
image_12200.jpg,2
image_12201.jpg,2
image_12202.jpg,2
image_12203.jpg,2
image_12204.jpg,2
image_12205.jpg,2
image_12206.jpg,2
image_12207.jpg,2
image_12208.jpg,2
image_12209.jpg,2
image_12210.jpg,2
image_12211.jpg,2
image_12212.jpg,2
image_12213.jpg,2
image_12214.jpg,2
image_12215.jpg,2
image_12216.jpg,2
image_12217.jpg,2
image_12218.jpg,2
image_12219.jpg,2
image_12220.jpg,2
image_12221.jpg,2
image_12222.jpg,2
image_12223.jpg,2
image_12224.jpg,2
image_12225.jpg,2
image_12226.jpg,2
image_12227.jpg,2
image_12228.jpg,2
image_12229.jpg,2
image_12230.jpg,2
image_12231.jpg,2
image_12232.jpg,2
image_12233.jpg,2
image_12234.jpg,2
image_12235.jpg,2
image_12236.jpg,2
image_12237.jpg,2
image_12238.jpg,2
image_12239.jpg,2
image_12240.jpg,2
image_12241.jpg,2
image_12242.jpg,2
image_12243.jpg,2
image_12244.jpg,2
image_12245.jpg,2
image_12246.jpg,2
image_12247.jpg,2
image_12248.jpg,2
image_12249.jpg,2
image_12250.jpg,2
image_12251.jpg,2
image_12252.jpg,2
image_12253.jpg,2
image_12254.jpg,2
image_12255.jpg,2
image_12256.jpg,2
image_12257.jpg,2
image_12258.jpg,2
image_12259.jpg,2
image_12260.jpg,2
image_12261.jpg,2
image_12262.jpg,2
image_12263.jpg,2
image_12264.jpg,2
image_12265.jpg,2
image_12266.jpg,2
image_12267.jpg,2
image_12268.jpg,2
image_12269.jpg,2
image_12270.jpg,2
image_12271.jpg,2
image_12272.jpg,2
image_12273.jpg,2
image_12274.jpg,2
image_12275.jpg,2
image_12276.jpg,2
image_12277.jpg,2
image_12278.jpg,2
image_12279.jpg,2
image_12280.jpg,2
image_12281.jpg,2
image_12282.jpg,2
image_12283.jpg,2
image_12284.jpg,2
image_12285.jpg,2
image_12286.jpg,2
image_12287.jpg,2
image_12288.jpg,2
image_12289.jpg,2
image_12290.jpg,2
image_12291.jpg,2
image_12292.jpg,2
image_12293.jpg,2
image_12294.jpg,2
image_12295.jpg,2
image_12296.jpg,2
image_12297.jpg,2
image_12298.jpg,2
image_12299.jpg,2
image_12300.jpg,2
image_12301.jpg,2
image_12302.jpg,2
image_12303.jpg,2
image_12304.jpg,2
image_12305.jpg,2
image_12306.jpg,2
image_12307.jpg,2
image_12308.jpg,2
image_12309.jpg,2
image_12310.jpg,2
image_12311.jpg,2
image_12312.jpg,2
image_12313.jpg,2
image_12314.jpg,2
image_12315.jpg,2
image_12316.jpg,2
image_12317.jpg,2
image_12318.jpg,2
image_12319.jpg,2
image_12320.jpg,2
image_12321.jpg,2
image_12322.jpg,2
image_12323.jpg,2
image_12324.jpg,2
image_12325.jpg,2
image_12326.jpg,2
image_12327.jpg,2
image_12328.jpg,2
image_12329.jpg,2
image_12330.jpg,2
image_12331.jpg,2
image_12332.jpg,2
image_12333.jpg,2
image_12334.jpg,2
image_12335.jpg,2
image_12336.jpg,2
image_12337.jpg,2
image_12338.jpg,2
image_12339.jpg,2
image_12340.jpg,2
image_12341.jpg,2
image_12342.jpg,2
image_12343.jpg,2
image_12344.jpg,2
image_12345.jpg,2
image_12346.jpg,2
image_12347.jpg,2
image_12348.jpg,2
image_12349.jpg,2
image_12350.jpg,2
image_12351.jpg,2
image_12352.jpg,2
image_12353.jpg,2
image_12354.jpg,2
image_12355.jpg,2
image_12356.jpg,2
image_12357.jpg,2
image_12358.jpg,2
image_12359.jpg,2
image_12360.jpg,2
image_12361.jpg,2
image_12362.jpg,2
image_12363.jpg,2
image_12364.jpg,2
image_12365.jpg,2
image_12366.jpg,2
image_12367.jpg,2
image_12368.jpg,2
image_12369.jpg,2
image_12370.jpg,2
image_12371.jpg,2
image_12372.jpg,2
image_12373.jpg,2
image_12374.jpg,2
image_12375.jpg,2
image_12376.jpg,2
image_12377.jpg,2
image_12378.jpg,2
image_12379.jpg,2
image_12380.jpg,2
image_12381.jpg,2
image_12382.jpg,2
image_12383.jpg,2
image_12384.jpg,2
image_12385.jpg,2
image_12386.jpg,2
image_12387.jpg,2
image_12388.jpg,2
image_12389.jpg,2
image_12390.jpg,2
image_12391.jpg,2
image_12392.jpg,2
image_12393.jpg,2
image_12394.jpg,2
image_12395.jpg,2
image_12396.jpg,2
image_12397.jpg,2
image_12398.jpg,2
image_12399.jpg,2
image_12400.jpg,2
image_12401.jpg,2
image_12402.jpg,2
image_12403.jpg,2
image_12404.jpg,2
image_12405.jpg,2
image_12406.jpg,2
image_12407.jpg,2
image_12408.jpg,2
image_12409.jpg,2
image_12410.jpg,2
image_12411.jpg,2
image_12412.jpg,2
image_12413.jpg,2
image_12414.jpg,2
image_12415.jpg,2
image_12416.jpg,2
image_12417.jpg,2
image_12418.jpg,2
image_12419.jpg,2
image_12420.jpg,2
image_12421.jpg,2
image_12422.jpg,2
image_12423.jpg,2
image_12424.jpg,2
image_12425.jpg,2
image_12426.jpg,2
image_12427.jpg,2
image_12428.jpg,2
image_12429.jpg,2
image_12430.jpg,2
image_12431.jpg,2
image_12432.jpg,2
image_12433.jpg,2
image_12434.jpg,2
image_12435.jpg,2
image_12436.jpg,2
image_12437.jpg,2
image_12438.jpg,2
image_12439.jpg,2
image_12440.jpg,2
image_12441.jpg,2
image_12442.jpg,2
image_12443.jpg,2
image_12444.jpg,2
image_12445.jpg,2
image_12446.jpg,2
image_12447.jpg,2
image_12448.jpg,2
image_12449.jpg,2
image_12450.jpg,2
image_12451.jpg,2
image_12452.jpg,2
image_12453.jpg,2
image_12454.jpg,2
image_12455.jpg,2
image_12456.jpg,2
image_12457.jpg,2
image_12458.jpg,2
image_12459.jpg,2
image_12460.jpg,2
image_12461.jpg,2
image_12462.jpg,2
image_12463.jpg,2
image_12464.jpg,2
image_12465.jpg,2
image_12466.jpg,2
image_12467.jpg,2
image_12468.jpg,2
image_12469.jpg,2
image_12470.jpg,2
image_12471.jpg,2
image_12472.jpg,2
image_12473.jpg,2
image_12474.jpg,2
image_12475.jpg,2
image_12476.jpg,2
image_12477.jpg,2
image_12478.jpg,2
image_12479.jpg,2
image_12480.jpg,2
image_12481.jpg,2
image_12482.jpg,2
image_12483.jpg,2
image_12484.jpg,2
image_12485.jpg,2
image_12486.jpg,2
image_12487.jpg,2
image_12488.jpg,2
image_12489.jpg,2
image_12490.jpg,2
image_12491.jpg,2
image_12492.jpg,2
image_12493.jpg,2
image_12494.jpg,2
image_12495.jpg,2
image_12496.jpg,2
image_12497.jpg,2
image_12498.jpg,2
image_12499.jpg,2
image_12500.jpg,2
image_12501.jpg,2
image_12502.jpg,2
image_12503.jpg,2
image_12504.jpg,2
image_12505.jpg,2
image_12506.jpg,2
image_12507.jpg,2
image_12508.jpg,2
image_12509.jpg,2
image_12510.jpg,2
image_12511.jpg,2
image_12512.jpg,2
image_12513.jpg,2
image_12514.jpg,2
image_12515.jpg,2
image_12516.jpg,2
image_12517.jpg,2
image_12518.jpg,2
image_12519.jpg,2
image_12520.jpg,2
image_12521.jpg,2
image_12522.jpg,2
image_12523.jpg,2
image_12524.jpg,2
image_12525.jpg,2
image_12526.jpg,2
image_12527.jpg,2
image_12528.jpg,2
image_12529.jpg,2
image_12530.jpg,2
image_12531.jpg,2
image_12532.jpg,2
image_12533.jpg,2
image_12534.jpg,2
image_12535.jpg,2
image_12536.jpg,2
image_12537.jpg,2
image_12538.jpg,2
image_12539.jpg,2
image_12540.jpg,2
image_12541.jpg,2
image_12542.jpg,2
image_12543.jpg,2
image_12544.jpg,2
image_12545.jpg,2
image_12546.jpg,2
image_12547.jpg,2
image_12548.jpg,2
image_12549.jpg,2
image_12550.jpg,2
image_12551.jpg,2
image_12552.jpg,2
image_12553.jpg,2
image_12554.jpg,2
image_12555.jpg,2
image_12556.jpg,2
image_12557.jpg,2
image_12558.jpg,2
image_12559.jpg,2
image_12560.jpg,2
image_12561.jpg,2
image_12562.jpg,2
image_12563.jpg,2
image_12564.jpg,2
image_12565.jpg,2
image_12566.jpg,2
image_12567.jpg,2
image_12568.jpg,2
image_12569.jpg,2
image_12570.jpg,2
image_12571.jpg,2
image_12572.jpg,2
image_12573.jpg,2
image_12574.jpg,2
image_12575.jpg,2
image_12576.jpg,2
image_12577.jpg,2
image_12578.jpg,2
image_12579.jpg,2
image_12580.jpg,2
image_12581.jpg,2
image_12582.jpg,2
image_12583.jpg,2
image_12584.jpg,2
image_12585.jpg,2
image_12586.jpg,2
image_12587.jpg,2
image_12588.jpg,2
image_12589.jpg,2
image_12590.jpg,2
image_12591.jpg,2
image_12592.jpg,2
image_12593.jpg,2
image_12594.jpg,2
image_12595.jpg,2
image_12596.jpg,2
image_12597.jpg,2
image_12598.jpg,2
image_12599.jpg,2
image_12600.jpg,2
image_12601.jpg,2
image_12602.jpg,2
image_12603.jpg,2
image_12604.jpg,2
image_12605.jpg,2
image_12606.jpg,2
image_12607.jpg,2
image_12608.jpg,2
image_12609.jpg,2
image_12610.jpg,2
image_12611.jpg,2
image_12612.jpg,2
image_12613.jpg,2
image_12614.jpg,2
image_12615.jpg,2
image_12616.jpg,2
image_12617.jpg,2
image_12618.jpg,2
image_12619.jpg,2
image_12620.jpg,2
image_12621.jpg,2
image_12622.jpg,2
image_12623.jpg,2
image_12624.jpg,2
image_12625.jpg,2
image_12626.jpg,2
image_12627.jpg,2
image_12628.jpg,2
image_12629.jpg,2
image_12630.jpg,2
image_12631.jpg,2
image_12632.jpg,2
image_12633.jpg,2
image_12634.jpg,2
image_12635.jpg,2
image_12636.jpg,2
image_12637.jpg,2
image_12638.jpg,2
image_12639.jpg,2
image_12640.jpg,2
image_12641.jpg,2
image_12642.jpg,2
image_12643.jpg,2
image_12644.jpg,2
image_12645.jpg,2
image_12646.jpg,2
image_12647.jpg,2
image_12648.jpg,2
image_12649.jpg,2
image_12650.jpg,2
image_12651.jpg,2
image_12652.jpg,2
image_12653.jpg,2
image_12654.jpg,2
image_12655.jpg,2
image_12656.jpg,2
image_12657.jpg,2
image_12658.jpg,2
image_12659.jpg,2
image_12660.jpg,2
image_12661.jpg,2
image_12662.jpg,2
image_12663.jpg,2
image_12664.jpg,2
image_12665.jpg,2
image_12666.jpg,2
image_12667.jpg,2
image_12668.jpg,2
image_12669.jpg,2
image_12670.jpg,2
image_12671.jpg,2
image_12672.jpg,2
image_12673.jpg,2
image_12674.jpg,2
image_12675.jpg,2
image_12676.jpg,2
image_12677.jpg,2
image_12678.jpg,2
image_12679.jpg,2
image_12680.jpg,2
image_12681.jpg,2
image_12682.jpg,2
image_12683.jpg,2
image_12684.jpg,2
image_12685.jpg,2
image_12686.jpg,2
image_12687.jpg,2
image_12688.jpg,2
image_12689.jpg,2
image_12690.jpg,2
image_12691.jpg,2
image_12692.jpg,2
image_12693.jpg,2
image_12694.jpg,2
image_12695.jpg,2
image_12696.jpg,2
image_12697.jpg,2
image_12698.jpg,2
image_12699.jpg,2
image_12700.jpg,2
image_12701.jpg,2
image_12702.jpg,2
image_12703.jpg,2
image_12704.jpg,2
image_12705.jpg,2
image_12706.jpg,2
image_12707.jpg,2
image_12708.jpg,2
image_12709.jpg,2
image_12710.jpg,2
image_12711.jpg,2
image_12712.jpg,2
image_12713.jpg,2
image_12714.jpg,2
image_12715.jpg,2
image_12716.jpg,2
image_12717.jpg,2
image_12718.jpg,2
image_12719.jpg,2
image_12720.jpg,2
image_12721.jpg,2
image_12722.jpg,2
image_12723.jpg,2
image_12724.jpg,2
image_12725.jpg,2
image_12726.jpg,2
image_12727.jpg,2
image_12728.jpg,2
image_12729.jpg,2
image_12730.jpg,2
image_12731.jpg,2
image_12732.jpg,2
image_12733.jpg,2
image_12734.jpg,2
image_12735.jpg,2
image_12736.jpg,2
image_12737.jpg,2
image_12738.jpg,2
image_12739.jpg,2
image_12740.jpg,2
image_12741.jpg,2
image_12742.jpg,2
image_12743.jpg,2
image_12744.jpg,2
image_12745.jpg,2
image_12746.jpg,2
image_12747.jpg,2
image_12748.jpg,2
image_12749.jpg,2
image_12750.jpg,2
image_12751.jpg,2
image_12752.jpg,2
image_12753.jpg,2
image_12754.jpg,2
image_12755.jpg,2
image_12756.jpg,2
image_12757.jpg,2
image_12758.jpg,2
image_12759.jpg,2
image_12760.jpg,2
image_12761.jpg,2
image_12762.jpg,2
image_12763.jpg,2
image_12764.jpg,2
image_12765.jpg,2
image_12766.jpg,2
image_12767.jpg,2
image_12768.jpg,2
image_12769.jpg,2
image_12770.jpg,2
image_12771.jpg,2
image_12772.jpg,2
image_12773.jpg,2
image_12774.jpg,2
image_12775.jpg,2
image_12776.jpg,2
image_12777.jpg,2
image_12778.jpg,2
image_12779.jpg,2
image_12780.jpg,2
image_12781.jpg,2
image_12782.jpg,2
image_12783.jpg,2
image_12784.jpg,2
image_12785.jpg,2
image_12786.jpg,2
image_12787.jpg,2
image_12788.jpg,2
image_12789.jpg,2
image_12790.jpg,2
image_12791.jpg,2
image_12792.jpg,2
image_12793.jpg,2
image_12794.jpg,2
image_12795.jpg,2
image_12796.jpg,2
image_12797.jpg,2
image_12798.jpg,2
image_12799.jpg,2
image_12800.jpg,2
image_12801.jpg,2
image_12802.jpg,2
image_12803.jpg,2
image_12804.jpg,2
image_12805.jpg,2
image_12806.jpg,2
image_12807.jpg,2
image_12808.jpg,2
image_12809.jpg,2
image_12810.jpg,2
image_12811.jpg,2
image_12812.jpg,2
image_12813.jpg,2
image_12814.jpg,2
image_12815.jpg,2
image_12816.jpg,2
image_12817.jpg,2
image_12818.jpg,2
image_12819.jpg,2
image_12820.jpg,2
image_12821.jpg,2
image_12822.jpg,2
image_12823.jpg,2
image_12824.jpg,2
image_12825.jpg,2
image_12826.jpg,2
image_12827.jpg,2
image_12828.jpg,2
image_12829.jpg,2
image_12830.jpg,2
image_12831.jpg,2
image_12832.jpg,2
image_12833.jpg,2
image_12834.jpg,2
image_12835.jpg,2
image_12836.jpg,2
image_12837.jpg,2
image_12838.jpg,2
image_12839.jpg,2
image_12840.jpg,2
image_12841.jpg,2
image_12842.jpg,2
image_12843.jpg,2
image_12844.jpg,2
image_12845.jpg,2
image_12846.jpg,2
image_12847.jpg,2
image_12848.jpg,2
image_12849.jpg,2
image_12850.jpg,2
image_12851.jpg,2
image_12852.jpg,2
image_12853.jpg,2
image_12854.jpg,2
image_12855.jpg,2
image_12856.jpg,2
image_12857.jpg,2
image_12858.jpg,2
image_12859.jpg,2
image_12860.jpg,2
image_12861.jpg,2
image_12862.jpg,2
image_12863.jpg,2
image_12864.jpg,2
image_12865.jpg,2
image_12866.jpg,2
image_12867.jpg,2
image_12868.jpg,2
image_12869.jpg,2
image_12870.jpg,2
image_12871.jpg,2
image_12872.jpg,2
image_12873.jpg,2
image_12874.jpg,2
image_12875.jpg,2
image_12876.jpg,2
image_12877.jpg,2
image_12878.jpg,2
image_12879.jpg,2
image_12880.jpg,2
image_12881.jpg,2
image_12882.jpg,2
image_12883.jpg,2
image_12884.jpg,2
image_12885.jpg,2
image_12886.jpg,2
image_12887.jpg,2
image_12888.jpg,2
image_12889.jpg,2
image_12890.jpg,2
image_12891.jpg,2
image_12892.jpg,2
image_12893.jpg,2
image_12894.jpg,2
image_12895.jpg,2
image_12896.jpg,2
image_12897.jpg,2
image_12898.jpg,2
image_12899.jpg,2
image_12900.jpg,2
image_12901.jpg,2
image_12902.jpg,2
image_12903.jpg,2
image_12904.jpg,2
image_12905.jpg,2
image_12906.jpg,2
image_12907.jpg,2
image_12908.jpg,2
image_12909.jpg,2
image_12910.jpg,2
image_12911.jpg,2
image_12912.jpg,2
image_12913.jpg,2
image_12914.jpg,2
image_12915.jpg,2
image_12916.jpg,2
image_12917.jpg,2
image_12918.jpg,2
image_12919.jpg,2
image_12920.jpg,2
image_12921.jpg,2
image_12922.jpg,2
image_12923.jpg,2
image_12924.jpg,2
image_12925.jpg,2
image_12926.jpg,2
image_12927.jpg,2
image_12928.jpg,2
image_12929.jpg,2
image_12930.jpg,2
image_12931.jpg,2
image_12932.jpg,2
image_12933.jpg,2
image_12934.jpg,2
image_12935.jpg,2
image_12936.jpg,2
image_12937.jpg,2
image_12938.jpg,2
image_12939.jpg,2
image_12940.jpg,2
image_12941.jpg,2
image_12942.jpg,2
image_12943.jpg,2
image_12944.jpg,2
image_12945.jpg,2
image_12946.jpg,2
image_12947.jpg,2
image_12948.jpg,2
image_12949.jpg,2
image_12950.jpg,2
image_12951.jpg,2
image_12952.jpg,2
image_12953.jpg,2
image_12954.jpg,2
image_12955.jpg,2
image_12956.jpg,2
image_12957.jpg,2
image_12958.jpg,2
image_12959.jpg,2
image_12960.jpg,2
image_12961.jpg,2
image_12962.jpg,2
image_12963.jpg,2
image_12964.jpg,2
image_12965.jpg,2
image_12966.jpg,2
image_12967.jpg,2
image_12968.jpg,2
image_12969.jpg,2
image_12970.jpg,2
image_12971.jpg,2
image_12972.jpg,2
image_12973.jpg,2
image_12974.jpg,2
image_12975.jpg,2
image_12976.jpg,2
image_12977.jpg,2
image_12978.jpg,2
image_12979.jpg,2
image_12980.jpg,2
image_12981.jpg,2
image_12982.jpg,2
image_12983.jpg,2
image_12984.jpg,2
image_12985.jpg,2
image_12986.jpg,2
image_12987.jpg,2
image_12988.jpg,2
image_12989.jpg,2
image_12990.jpg,2
image_12991.jpg,2
image_12992.jpg,2
image_12993.jpg,2
image_12994.jpg,2
image_12995.jpg,2
image_12996.jpg,2
image_12997.jpg,2
image_12998.jpg,2
image_12999.jpg,2
image_13000.jpg,2
image_13001.jpg,2
image_13002.jpg,2
image_13003.jpg,2
image_13004.jpg,2
image_13005.jpg,2
image_13006.jpg,2
image_13007.jpg,2
image_13008.jpg,2
image_13009.jpg,2
image_13010.jpg,2
image_13011.jpg,2
image_13012.jpg,2
image_13013.jpg,2
image_13014.jpg,2
image_13015.jpg,2
image_13016.jpg,2
image_13017.jpg,2
image_13018.jpg,2
image_13019.jpg,2
image_13020.jpg,2
image_13021.jpg,2
image_13022.jpg,2
image_13023.jpg,2
image_13024.jpg,2
image_13025.jpg,2
image_13026.jpg,2
image_13027.jpg,2
image_13028.jpg,2
image_13029.jpg,2
image_13030.jpg,2
image_13031.jpg,2
image_13032.jpg,2
image_13033.jpg,2
image_13034.jpg,2
image_13035.jpg,2
image_13036.jpg,2
image_13037.jpg,2
image_13038.jpg,2
image_13039.jpg,2
image_13040.jpg,2
image_13041.jpg,2
image_13042.jpg,2
image_13043.jpg,2
image_13044.jpg,2
image_13045.jpg,2
image_13046.jpg,2
image_13047.jpg,2
image_13048.jpg,2
image_13049.jpg,2
image_13050.jpg,2
image_13051.jpg,2
image_13052.jpg,2
image_13053.jpg,2
image_13054.jpg,2
image_13055.jpg,2
image_13056.jpg,2
image_13057.jpg,2
image_13058.jpg,2
image_13059.jpg,2
image_13060.jpg,2
image_13061.jpg,2
image_13062.jpg,2
image_13063.jpg,2
image_13064.jpg,2
image_13065.jpg,2
image_13066.jpg,2
image_13067.jpg,2
image_13068.jpg,2
image_13069.jpg,2
image_13070.jpg,2
image_13071.jpg,2
image_13072.jpg,2
image_13073.jpg,2
image_13074.jpg,2
image_13075.jpg,2
image_13076.jpg,2
image_13077.jpg,2
image_13078.jpg,2
image_13079.jpg,2
image_13080.jpg,2
image_13081.jpg,2
image_13082.jpg,2
image_13083.jpg,2
image_13084.jpg,2
image_13085.jpg,2
image_13086.jpg,2
image_13087.jpg,2
image_13088.jpg,2
image_13089.jpg,2
image_13090.jpg,2
image_13091.jpg,2
image_13092.jpg,2
image_13093.jpg,2
image_13094.jpg,2
image_13095.jpg,2
image_13096.jpg,2
image_13097.jpg,2
image_13098.jpg,2
image_13099.jpg,2
image_13100.jpg,2
image_13101.jpg,2
image_13102.jpg,2
image_13103.jpg,2
image_13104.jpg,2
image_13105.jpg,2
image_13106.jpg,2
image_13107.jpg,2
image_13108.jpg,2
image_13109.jpg,2
image_13110.jpg,2
image_13111.jpg,2
image_13112.jpg,2
image_13113.jpg,2
image_13114.jpg,2
image_13115.jpg,2
image_13116.jpg,2
image_13117.jpg,2
image_13118.jpg,2
image_13119.jpg,2
image_13120.jpg,2
image_13121.jpg,3
image_13122.jpg,3
image_13123.jpg,3
image_13124.jpg,3
image_13125.jpg,3
image_13126.jpg,3
image_13127.jpg,3
image_13128.jpg,3
image_13129.jpg,3
image_13130.jpg,3
image_13131.jpg,3
image_13132.jpg,3
image_13133.jpg,3
image_13134.jpg,3
image_13135.jpg,3
image_13136.jpg,3
image_13137.jpg,3
image_13138.jpg,3
image_13139.jpg,3
image_13140.jpg,3
image_13141.jpg,3
image_13142.jpg,3
image_13143.jpg,3
image_13144.jpg,3
image_13145.jpg,3
image_13146.jpg,3
image_13147.jpg,3
image_13148.jpg,3
image_13149.jpg,3
image_13150.jpg,3
image_13151.jpg,3
image_13152.jpg,3
image_13153.jpg,3
image_13154.jpg,3
image_13155.jpg,3
image_13156.jpg,3
image_13157.jpg,3
image_13158.jpg,3
image_13159.jpg,3
image_13160.jpg,3
image_13161.jpg,3
image_13162.jpg,3
image_13163.jpg,3
image_13164.jpg,3
image_13165.jpg,3
image_13166.jpg,3
image_13167.jpg,3
image_13168.jpg,3
image_13169.jpg,3
image_13170.jpg,3
image_13171.jpg,3
image_13172.jpg,3
image_13173.jpg,3
image_13174.jpg,3
image_13175.jpg,3
image_13176.jpg,3
image_13177.jpg,3
image_13178.jpg,3
image_13179.jpg,3
image_13180.jpg,3
image_13181.jpg,3
image_13182.jpg,3
image_13183.jpg,3
image_13184.jpg,3
image_13185.jpg,3
image_13186.jpg,3
image_13187.jpg,3
image_13188.jpg,3
image_13189.jpg,3
image_13190.jpg,3
image_13191.jpg,3
image_13192.jpg,3
image_13193.jpg,3
image_13194.jpg,3
image_13195.jpg,3
image_13196.jpg,3
image_13197.jpg,3
image_13198.jpg,3
image_13199.jpg,3
image_13200.jpg,3
image_13201.jpg,3
image_13202.jpg,3
image_13203.jpg,3
image_13204.jpg,3
image_13205.jpg,3
image_13206.jpg,3
image_13207.jpg,3
image_13208.jpg,3
image_13209.jpg,3
image_13210.jpg,3
image_13211.jpg,3
image_13212.jpg,3
image_13213.jpg,3
image_13214.jpg,3
image_13215.jpg,3
image_13216.jpg,3
image_13217.jpg,3
image_13218.jpg,3
image_13219.jpg,3
image_13220.jpg,3
image_13221.jpg,3
image_13222.jpg,3
image_13223.jpg,3
image_13224.jpg,3
image_13225.jpg,3
image_13226.jpg,3
image_13227.jpg,3
image_13228.jpg,3
image_13229.jpg,3
image_13230.jpg,3
image_13231.jpg,3
image_13232.jpg,3
image_13233.jpg,3
image_13234.jpg,3
image_13235.jpg,3
image_13236.jpg,3
image_13237.jpg,3
image_13238.jpg,3
image_13239.jpg,3
image_13240.jpg,3
image_13241.jpg,3
image_13242.jpg,3
image_13243.jpg,3
image_13244.jpg,3
image_13245.jpg,3
image_13246.jpg,3
image_13247.jpg,3
image_13248.jpg,3
image_13249.jpg,3
image_13250.jpg,3
image_13251.jpg,3
image_13252.jpg,3
image_13253.jpg,3
image_13254.jpg,3
image_13255.jpg,3
image_13256.jpg,3
image_13257.jpg,3
image_13258.jpg,3
image_13259.jpg,3
image_13260.jpg,3
image_13261.jpg,3
image_13262.jpg,3
image_13263.jpg,3
image_13264.jpg,3
image_13265.jpg,3
image_13266.jpg,3
image_13267.jpg,3
image_13268.jpg,3
image_13269.jpg,3
image_13270.jpg,3
image_13271.jpg,3
image_13272.jpg,3
image_13273.jpg,3
image_13274.jpg,3
image_13275.jpg,3
image_13276.jpg,3
image_13277.jpg,3
image_13278.jpg,3
image_13279.jpg,3
image_13280.jpg,3
image_13281.jpg,3
image_13282.jpg,3
image_13283.jpg,3
image_13284.jpg,3
image_13285.jpg,3
image_13286.jpg,3
image_13287.jpg,3
image_13288.jpg,3
image_13289.jpg,3
image_13290.jpg,3
image_13291.jpg,3
image_13292.jpg,3
image_13293.jpg,3
image_13294.jpg,3
image_13295.jpg,3
image_13296.jpg,3
image_13297.jpg,3
image_13298.jpg,3
image_13299.jpg,3
image_13300.jpg,3
image_13301.jpg,3
image_13302.jpg,3
image_13303.jpg,3
image_13304.jpg,3
image_13305.jpg,3
image_13306.jpg,3
image_13307.jpg,3
image_13308.jpg,3
image_13309.jpg,3
image_13310.jpg,3
image_13311.jpg,3
image_13312.jpg,3
image_13313.jpg,3
image_13314.jpg,3
image_13315.jpg,3
image_13316.jpg,3
image_13317.jpg,3
image_13318.jpg,3
image_13319.jpg,3
image_13320.jpg,3
image_13321.jpg,3
image_13322.jpg,3
image_13323.jpg,3
image_13324.jpg,3
image_13325.jpg,3
image_13326.jpg,3
image_13327.jpg,3
image_13328.jpg,3
image_13329.jpg,3
image_13330.jpg,3
image_13331.jpg,3
image_13332.jpg,3
image_13333.jpg,3
image_13334.jpg,3
image_13335.jpg,3
image_13336.jpg,3
image_13337.jpg,3
image_13338.jpg,3
image_13339.jpg,3
image_13340.jpg,3
image_13341.jpg,3
image_13342.jpg,3
image_13343.jpg,3
image_13344.jpg,3
image_13345.jpg,3
image_13346.jpg,3
image_13347.jpg,3
image_13348.jpg,3
image_13349.jpg,3
image_13350.jpg,3
image_13351.jpg,3
image_13352.jpg,3
image_13353.jpg,3
image_13354.jpg,3
image_13355.jpg,3
image_13356.jpg,3
image_13357.jpg,3
image_13358.jpg,3
image_13359.jpg,3
image_13360.jpg,3
image_13361.jpg,3
image_13362.jpg,3
image_13363.jpg,3
image_13364.jpg,3
image_13365.jpg,3
image_13366.jpg,3
image_13367.jpg,3
image_13368.jpg,3
image_13369.jpg,3
image_13370.jpg,3
image_13371.jpg,3
image_13372.jpg,3
image_13373.jpg,3
image_13374.jpg,3
image_13375.jpg,3
image_13376.jpg,3
image_13377.jpg,3
image_13378.jpg,3
image_13379.jpg,3
image_13380.jpg,3
image_13381.jpg,3
image_13382.jpg,3
image_13383.jpg,3
image_13384.jpg,3
image_13385.jpg,3
image_13386.jpg,3
image_13387.jpg,3
image_13388.jpg,3
image_13389.jpg,3
image_13390.jpg,3
image_13391.jpg,3
image_13392.jpg,3
image_13393.jpg,3
image_13394.jpg,3
image_13395.jpg,3
image_13396.jpg,3
image_13397.jpg,3
image_13398.jpg,3
image_13399.jpg,3
image_13400.jpg,3
image_13401.jpg,3
image_13402.jpg,3
image_13403.jpg,3
image_13404.jpg,3
image_13405.jpg,3
image_13406.jpg,3
image_13407.jpg,3
image_13408.jpg,3
image_13409.jpg,3
image_13410.jpg,3
image_13411.jpg,3
image_13412.jpg,3
image_13413.jpg,3
image_13414.jpg,3
image_13415.jpg,3
image_13416.jpg,3
image_13417.jpg,3
image_13418.jpg,3
image_13419.jpg,3
image_13420.jpg,3
image_13421.jpg,3
image_13422.jpg,3
image_13423.jpg,3
image_13424.jpg,3
image_13425.jpg,3
image_13426.jpg,3
image_13427.jpg,3
image_13428.jpg,3
image_13429.jpg,3
image_13430.jpg,3
image_13431.jpg,3
image_13432.jpg,3
image_13433.jpg,3
image_13434.jpg,3
image_13435.jpg,3
image_13436.jpg,3
image_13437.jpg,3
image_13438.jpg,3
image_13439.jpg,3
image_13440.jpg,3
image_13441.jpg,3
image_13442.jpg,3
image_13443.jpg,3
image_13444.jpg,3
image_13445.jpg,3
image_13446.jpg,3
image_13447.jpg,3
image_13448.jpg,3
image_13449.jpg,3
image_13450.jpg,3
image_13451.jpg,3
image_13452.jpg,3
image_13453.jpg,3
image_13454.jpg,3
image_13455.jpg,3
image_13456.jpg,3
image_13457.jpg,3
image_13458.jpg,3
image_13459.jpg,3
image_13460.jpg,3
image_13461.jpg,3
image_13462.jpg,3
image_13463.jpg,3
image_13464.jpg,3
image_13465.jpg,3
image_13466.jpg,3
image_13467.jpg,3
image_13468.jpg,3
image_13469.jpg,3
image_13470.jpg,3
image_13471.jpg,3
image_13472.jpg,3
image_13473.jpg,3
image_13474.jpg,3
image_13475.jpg,3
image_13476.jpg,3
image_13477.jpg,3
image_13478.jpg,3
image_13479.jpg,3
image_13480.jpg,3
image_13481.jpg,3
image_13482.jpg,3
image_13483.jpg,3
image_13484.jpg,3
image_13485.jpg,3
image_13486.jpg,3
image_13487.jpg,3
image_13488.jpg,3
image_13489.jpg,3
image_13490.jpg,3
image_13491.jpg,3
image_13492.jpg,3
image_13493.jpg,3
image_13494.jpg,3
image_13495.jpg,3
image_13496.jpg,3
image_13497.jpg,3
image_13498.jpg,3
image_13499.jpg,3
image_13500.jpg,3
image_13501.jpg,3
image_13502.jpg,3
image_13503.jpg,3
image_13504.jpg,3
image_13505.jpg,3
image_13506.jpg,3
image_13507.jpg,3
image_13508.jpg,3
image_13509.jpg,3
image_13510.jpg,3
image_13511.jpg,3
image_13512.jpg,3
image_13513.jpg,3
image_13514.jpg,3
image_13515.jpg,3
image_13516.jpg,3
image_13517.jpg,3
image_13518.jpg,3
image_13519.jpg,3
image_13520.jpg,3
image_13521.jpg,3
image_13522.jpg,3
image_13523.jpg,3
image_13524.jpg,3
image_13525.jpg,3
image_13526.jpg,3
image_13527.jpg,3
image_13528.jpg,3
image_13529.jpg,3
image_13530.jpg,3
image_13531.jpg,3
image_13532.jpg,3
image_13533.jpg,3
image_13534.jpg,3
image_13535.jpg,3
image_13536.jpg,3
image_13537.jpg,3
image_13538.jpg,3
image_13539.jpg,3
image_13540.jpg,3
image_13541.jpg,3
image_13542.jpg,3
image_13543.jpg,3
image_13544.jpg,3
image_13545.jpg,3
image_13546.jpg,3
image_13547.jpg,3
image_13548.jpg,3
image_13549.jpg,3
image_13550.jpg,3
image_13551.jpg,3
image_13552.jpg,3
image_13553.jpg,3
image_13554.jpg,3
image_13555.jpg,3
image_13556.jpg,3
image_13557.jpg,3
image_13558.jpg,3
image_13559.jpg,3
image_13560.jpg,3
image_13561.jpg,3
image_13562.jpg,3
image_13563.jpg,3
image_13564.jpg,3
image_13565.jpg,3
image_13566.jpg,3
image_13567.jpg,3
image_13568.jpg,3
image_13569.jpg,3
image_13570.jpg,3
image_13571.jpg,3
image_13572.jpg,3
image_13573.jpg,3
image_13574.jpg,3
image_13575.jpg,3
image_13576.jpg,3
image_13577.jpg,3
image_13578.jpg,3
image_13579.jpg,3
image_13580.jpg,3
image_13581.jpg,3
image_13582.jpg,3
image_13583.jpg,3
image_13584.jpg,3
image_13585.jpg,3
image_13586.jpg,3
image_13587.jpg,3
image_13588.jpg,3
image_13589.jpg,3
image_13590.jpg,3
image_13591.jpg,3
image_13592.jpg,3
image_13593.jpg,3
image_13594.jpg,3
image_13595.jpg,3
image_13596.jpg,3
image_13597.jpg,3
image_13598.jpg,3
image_13599.jpg,3
image_13600.jpg,3
image_13601.jpg,3
image_13602.jpg,3
image_13603.jpg,3
image_13604.jpg,3
image_13605.jpg,3
image_13606.jpg,3
image_13607.jpg,3
image_13608.jpg,3
image_13609.jpg,3
image_13610.jpg,3
image_13611.jpg,3
image_13612.jpg,3
image_13613.jpg,3
image_13614.jpg,3
image_13615.jpg,3
image_13616.jpg,3
image_13617.jpg,3
image_13618.jpg,3
image_13619.jpg,3
image_13620.jpg,3
image_13621.jpg,3
image_13622.jpg,3
image_13623.jpg,3
image_13624.jpg,3
image_13625.jpg,3
image_13626.jpg,3
image_13627.jpg,3
image_13628.jpg,3
image_13629.jpg,3
image_13630.jpg,3
image_13631.jpg,3
image_13632.jpg,3
image_13633.jpg,3
image_13634.jpg,3
image_13635.jpg,3
image_13636.jpg,3
image_13637.jpg,3
image_13638.jpg,3
image_13639.jpg,3
image_13640.jpg,3
image_13641.jpg,3
image_13642.jpg,3
image_13643.jpg,3
image_13644.jpg,3
image_13645.jpg,3
image_13646.jpg,3
image_13647.jpg,3
image_13648.jpg,3
image_13649.jpg,3
image_13650.jpg,3
image_13651.jpg,3
image_13652.jpg,3
image_13653.jpg,3
image_13654.jpg,3
image_13655.jpg,3
image_13656.jpg,3
image_13657.jpg,3
image_13658.jpg,3
image_13659.jpg,3
image_13660.jpg,3
image_13661.jpg,3
image_13662.jpg,3
image_13663.jpg,3
image_13664.jpg,3
image_13665.jpg,3
image_13666.jpg,3
image_13667.jpg,3
image_13668.jpg,3
image_13669.jpg,3
image_13670.jpg,3
image_13671.jpg,3
image_13672.jpg,3
image_13673.jpg,3
image_13674.jpg,3
image_13675.jpg,3
image_13676.jpg,3
image_13677.jpg,3
image_13678.jpg,3
image_13679.jpg,3
image_13680.jpg,3
image_13681.jpg,3
image_13682.jpg,3
image_13683.jpg,3
image_13684.jpg,3
image_13685.jpg,3
image_13686.jpg,3
image_13687.jpg,3
image_13688.jpg,3
image_13689.jpg,3
image_13690.jpg,3
image_13691.jpg,3
image_13692.jpg,3
image_13693.jpg,3
image_13694.jpg,3
image_13695.jpg,3
image_13696.jpg,3
image_13697.jpg,3
image_13698.jpg,3
image_13699.jpg,3
image_13700.jpg,3
image_13701.jpg,3
image_13702.jpg,3
image_13703.jpg,3
image_13704.jpg,3
image_13705.jpg,3
image_13706.jpg,3
image_13707.jpg,3
image_13708.jpg,3
image_13709.jpg,3
image_13710.jpg,3
image_13711.jpg,3
image_13712.jpg,3
image_13713.jpg,3
image_13714.jpg,3
image_13715.jpg,3
image_13716.jpg,3
image_13717.jpg,3
image_13718.jpg,3
image_13719.jpg,3
image_13720.jpg,3
image_13721.jpg,3
image_13722.jpg,3
image_13723.jpg,3
image_13724.jpg,3
image_13725.jpg,3
image_13726.jpg,3
image_13727.jpg,3
image_13728.jpg,3
image_13729.jpg,3
image_13730.jpg,3
image_13731.jpg,3
image_13732.jpg,3
image_13733.jpg,3
image_13734.jpg,3
image_13735.jpg,3
image_13736.jpg,3
image_13737.jpg,3
image_13738.jpg,3
image_13739.jpg,3
image_13740.jpg,3
image_13741.jpg,3
image_13742.jpg,3
image_13743.jpg,3
image_13744.jpg,3
image_13745.jpg,3
image_13746.jpg,3
image_13747.jpg,3
image_13748.jpg,3
image_13749.jpg,3
image_13750.jpg,3
image_13751.jpg,3
image_13752.jpg,3
image_13753.jpg,3
image_13754.jpg,3
image_13755.jpg,3
image_13756.jpg,3
image_13757.jpg,3
image_13758.jpg,3
image_13759.jpg,3
image_13760.jpg,3
image_13761.jpg,3
image_13762.jpg,3
image_13763.jpg,3
image_13764.jpg,3
image_13765.jpg,3
image_13766.jpg,3
image_13767.jpg,3
image_13768.jpg,3
image_13769.jpg,3
image_13770.jpg,3
image_13771.jpg,3
image_13772.jpg,3
image_13773.jpg,3
image_13774.jpg,3
image_13775.jpg,3
image_13776.jpg,3
image_13777.jpg,3
image_13778.jpg,3
image_13779.jpg,3
image_13780.jpg,3
image_13781.jpg,3
image_13782.jpg,3
image_13783.jpg,3
image_13784.jpg,3
image_13785.jpg,3
image_13786.jpg,3
image_13787.jpg,3
image_13788.jpg,3
image_13789.jpg,3
image_13790.jpg,3
image_13791.jpg,3
image_13792.jpg,3
image_13793.jpg,3
image_13794.jpg,3
image_13795.jpg,3
image_13796.jpg,3
image_13797.jpg,3
image_13798.jpg,3
image_13799.jpg,3
image_13800.jpg,3
image_13801.jpg,3
image_13802.jpg,3
image_13803.jpg,3
image_13804.jpg,3
image_13805.jpg,3
image_13806.jpg,3
image_13807.jpg,3
image_13808.jpg,3
image_13809.jpg,3
image_13810.jpg,3
image_13811.jpg,3
image_13812.jpg,3
image_13813.jpg,3
image_13814.jpg,3
image_13815.jpg,3
image_13816.jpg,3
image_13817.jpg,3
image_13818.jpg,3
image_13819.jpg,3
image_13820.jpg,3
image_13821.jpg,3
image_13822.jpg,3
image_13823.jpg,3
image_13824.jpg,3
image_13825.jpg,3
image_13826.jpg,3
image_13827.jpg,3
image_13828.jpg,3
image_13829.jpg,3
image_13830.jpg,3
image_13831.jpg,3
image_13832.jpg,3
image_13833.jpg,3
image_13834.jpg,3
image_13835.jpg,3
image_13836.jpg,3
image_13837.jpg,3
image_13838.jpg,3
image_13839.jpg,3
image_13840.jpg,3
image_13841.jpg,3
image_13842.jpg,3
image_13843.jpg,3
image_13844.jpg,3
image_13845.jpg,3
image_13846.jpg,3
image_13847.jpg,3
image_13848.jpg,3
image_13849.jpg,3
image_13850.jpg,3
image_13851.jpg,3
image_13852.jpg,3
image_13853.jpg,3
image_13854.jpg,3
image_13855.jpg,3
image_13856.jpg,3
image_13857.jpg,3
image_13858.jpg,3
image_13859.jpg,3
image_13860.jpg,3
image_13861.jpg,3
image_13862.jpg,3
image_13863.jpg,3
image_13864.jpg,3
image_13865.jpg,3
image_13866.jpg,3
image_13867.jpg,3
image_13868.jpg,3
image_13869.jpg,3
image_13870.jpg,3
image_13871.jpg,3
image_13872.jpg,3
image_13873.jpg,3
image_13874.jpg,3
image_13875.jpg,3
image_13876.jpg,3
image_13877.jpg,3
image_13878.jpg,3
image_13879.jpg,3
image_13880.jpg,3
image_13881.jpg,3
image_13882.jpg,3
image_13883.jpg,3
image_13884.jpg,3
image_13885.jpg,3
image_13886.jpg,3
image_13887.jpg,3
image_13888.jpg,3
image_13889.jpg,3
image_13890.jpg,3
image_13891.jpg,3
image_13892.jpg,3
image_13893.jpg,3
image_13894.jpg,3
image_13895.jpg,3
image_13896.jpg,3
image_13897.jpg,3
image_13898.jpg,3
image_13899.jpg,3
image_13900.jpg,3
image_13901.jpg,3
image_13902.jpg,3
image_13903.jpg,3
image_13904.jpg,3
image_13905.jpg,3
image_13906.jpg,3
image_13907.jpg,3
image_13908.jpg,3
image_13909.jpg,3
image_13910.jpg,3
image_13911.jpg,3
image_13912.jpg,3
image_13913.jpg,3
image_13914.jpg,3
image_13915.jpg,3
image_13916.jpg,3
image_13917.jpg,3
image_13918.jpg,3
image_13919.jpg,3
image_13920.jpg,3
image_13921.jpg,3
image_13922.jpg,3
image_13923.jpg,3
image_13924.jpg,3
image_13925.jpg,3
image_13926.jpg,3
image_13927.jpg,3
image_13928.jpg,3
image_13929.jpg,3
image_13930.jpg,3
image_13931.jpg,3
image_13932.jpg,3
image_13933.jpg,3
image_13934.jpg,3
image_13935.jpg,3
image_13936.jpg,3
image_13937.jpg,3
image_13938.jpg,3
image_13939.jpg,3
image_13940.jpg,3
image_13941.jpg,3
image_13942.jpg,3
image_13943.jpg,3
image_13944.jpg,3
image_13945.jpg,3
image_13946.jpg,3
image_13947.jpg,3
image_13948.jpg,3
image_13949.jpg,3
image_13950.jpg,3
image_13951.jpg,3
image_13952.jpg,3
image_13953.jpg,3
image_13954.jpg,3
image_13955.jpg,3
image_13956.jpg,3
image_13957.jpg,3
image_13958.jpg,3
image_13959.jpg,3
image_13960.jpg,3
image_13961.jpg,3
image_13962.jpg,3
image_13963.jpg,3
image_13964.jpg,3
image_13965.jpg,3
image_13966.jpg,3
image_13967.jpg,3
image_13968.jpg,3
image_13969.jpg,3
image_13970.jpg,3
image_13971.jpg,3
image_13972.jpg,3
image_13973.jpg,3
image_13974.jpg,3
image_13975.jpg,3
image_13976.jpg,3
image_13977.jpg,3
image_13978.jpg,3
image_13979.jpg,3
image_13980.jpg,3
image_13981.jpg,3
image_13982.jpg,3
image_13983.jpg,3
image_13984.jpg,3
image_13985.jpg,3
image_13986.jpg,3
image_13987.jpg,3
image_13988.jpg,3
image_13989.jpg,3
image_13990.jpg,3
image_13991.jpg,3
image_13992.jpg,3
image_13993.jpg,3
image_13994.jpg,3
image_13995.jpg,3
image_13996.jpg,3
image_13997.jpg,3
image_13998.jpg,3
image_13999.jpg,3
image_14000.jpg,3
image_14001.jpg,3
image_14002.jpg,3
image_14003.jpg,3
image_14004.jpg,3
image_14005.jpg,3
image_14006.jpg,3
image_14007.jpg,3
image_14008.jpg,3
image_14009.jpg,3
image_14010.jpg,3
image_14011.jpg,3
image_14012.jpg,3
image_14013.jpg,3
image_14014.jpg,3
image_14015.jpg,3
image_14016.jpg,3
image_14017.jpg,3
image_14018.jpg,3
image_14019.jpg,3
image_14020.jpg,3
image_14021.jpg,3
image_14022.jpg,3
image_14023.jpg,3
image_14024.jpg,3
image_14025.jpg,3
image_14026.jpg,3
image_14027.jpg,3
image_14028.jpg,3
image_14029.jpg,3
image_14030.jpg,3
image_14031.jpg,3
image_14032.jpg,3
image_14033.jpg,3
image_14034.jpg,3
image_14035.jpg,3
image_14036.jpg,3
image_14037.jpg,3
image_14038.jpg,3
image_14039.jpg,3
image_14040.jpg,3
image_14041.jpg,3
image_14042.jpg,3
image_14043.jpg,3
image_14044.jpg,3
image_14045.jpg,3
image_14046.jpg,3
image_14047.jpg,3
image_14048.jpg,3
image_14049.jpg,3
image_14050.jpg,3
image_14051.jpg,3
image_14052.jpg,3
image_14053.jpg,3
image_14054.jpg,3
image_14055.jpg,3
image_14056.jpg,3
image_14057.jpg,3
image_14058.jpg,3
image_14059.jpg,3
image_14060.jpg,3
image_14061.jpg,3
image_14062.jpg,3
image_14063.jpg,3
image_14064.jpg,3
image_14065.jpg,3
image_14066.jpg,3
image_14067.jpg,3
image_14068.jpg,3
image_14069.jpg,3
image_14070.jpg,3
image_14071.jpg,3
image_14072.jpg,3
image_14073.jpg,3
image_14074.jpg,3
image_14075.jpg,3
image_14076.jpg,3
image_14077.jpg,3
image_14078.jpg,3
image_14079.jpg,3
image_14080.jpg,3
image_14081.jpg,3
image_14082.jpg,3
image_14083.jpg,3
image_14084.jpg,3
image_14085.jpg,3
image_14086.jpg,3
image_14087.jpg,3
image_14088.jpg,3
image_14089.jpg,3
image_14090.jpg,3
image_14091.jpg,3
image_14092.jpg,3
image_14093.jpg,3
image_14094.jpg,3
image_14095.jpg,3
image_14096.jpg,3
image_14097.jpg,3
image_14098.jpg,3
image_14099.jpg,3
image_14100.jpg,3
image_14101.jpg,3
image_14102.jpg,3
image_14103.jpg,3
image_14104.jpg,3
image_14105.jpg,3
image_14106.jpg,3
image_14107.jpg,3
image_14108.jpg,3
image_14109.jpg,3
image_14110.jpg,3
image_14111.jpg,3
image_14112.jpg,3
image_14113.jpg,3
image_14114.jpg,3
image_14115.jpg,3
image_14116.jpg,3
image_14117.jpg,3
image_14118.jpg,3
image_14119.jpg,3
image_14120.jpg,3
image_14121.jpg,3
image_14122.jpg,3
image_14123.jpg,3
image_14124.jpg,3
image_14125.jpg,3
image_14126.jpg,3
image_14127.jpg,3
image_14128.jpg,3
image_14129.jpg,3
image_14130.jpg,3
image_14131.jpg,3
image_14132.jpg,3
image_14133.jpg,3
image_14134.jpg,3
image_14135.jpg,3
image_14136.jpg,3
image_14137.jpg,3
image_14138.jpg,3
image_14139.jpg,3
image_14140.jpg,3
image_14141.jpg,3
image_14142.jpg,3
image_14143.jpg,3
image_14144.jpg,3
image_14145.jpg,3
image_14146.jpg,3
image_14147.jpg,3
image_14148.jpg,3
image_14149.jpg,3
image_14150.jpg,3
image_14151.jpg,3
image_14152.jpg,3
image_14153.jpg,3
image_14154.jpg,3
image_14155.jpg,3
image_14156.jpg,3
image_14157.jpg,3
image_14158.jpg,3
image_14159.jpg,3
image_14160.jpg,3
image_14161.jpg,3
image_14162.jpg,3
image_14163.jpg,3
image_14164.jpg,3
image_14165.jpg,3
image_14166.jpg,3
image_14167.jpg,3
image_14168.jpg,3
image_14169.jpg,3
image_14170.jpg,3
image_14171.jpg,3
image_14172.jpg,3
image_14173.jpg,3
image_14174.jpg,3
image_14175.jpg,3
image_14176.jpg,3
image_14177.jpg,3
image_14178.jpg,3
image_14179.jpg,3
image_14180.jpg,3
image_14181.jpg,3
image_14182.jpg,3
image_14183.jpg,3
image_14184.jpg,3
image_14185.jpg,3
image_14186.jpg,3
image_14187.jpg,3
image_14188.jpg,3
image_14189.jpg,3
image_14190.jpg,3
image_14191.jpg,3
image_14192.jpg,3
image_14193.jpg,3
image_14194.jpg,3
image_14195.jpg,3
image_14196.jpg,3
image_14197.jpg,3
image_14198.jpg,3
image_14199.jpg,3
image_14200.jpg,3
image_14201.jpg,3
image_14202.jpg,3
image_14203.jpg,3
image_14204.jpg,3
image_14205.jpg,3
image_14206.jpg,3
image_14207.jpg,3
image_14208.jpg,3
image_14209.jpg,3
image_14210.jpg,3
image_14211.jpg,3
image_14212.jpg,3
image_14213.jpg,3
image_14214.jpg,3
image_14215.jpg,3
image_14216.jpg,3
image_14217.jpg,3
image_14218.jpg,3
image_14219.jpg,3
image_14220.jpg,3
image_14221.jpg,3
image_14222.jpg,3
image_14223.jpg,3
image_14224.jpg,3
image_14225.jpg,3
image_14226.jpg,3
image_14227.jpg,3
image_14228.jpg,3
image_14229.jpg,3
image_14230.jpg,3
image_14231.jpg,3
image_14232.jpg,3
image_14233.jpg,3
image_14234.jpg,3
image_14235.jpg,3
image_14236.jpg,3
image_14237.jpg,3
image_14238.jpg,3
image_14239.jpg,3
image_14240.jpg,3
image_14241.jpg,3
image_14242.jpg,3
image_14243.jpg,3
image_14244.jpg,3
image_14245.jpg,3
image_14246.jpg,3
image_14247.jpg,3
image_14248.jpg,3
image_14249.jpg,3
image_14250.jpg,3
image_14251.jpg,3
image_14252.jpg,3
image_14253.jpg,3
image_14254.jpg,3
image_14255.jpg,3
image_14256.jpg,3
image_14257.jpg,3
image_14258.jpg,3
image_14259.jpg,3
image_14260.jpg,3
image_14261.jpg,3
image_14262.jpg,3
image_14263.jpg,3
image_14264.jpg,3
image_14265.jpg,3
image_14266.jpg,3
image_14267.jpg,3
image_14268.jpg,3
image_14269.jpg,3
image_14270.jpg,3
image_14271.jpg,3
image_14272.jpg,3
image_14273.jpg,3
image_14274.jpg,3
image_14275.jpg,3
image_14276.jpg,3
image_14277.jpg,3
image_14278.jpg,3
image_14279.jpg,3
image_14280.jpg,3
image_14281.jpg,3
image_14282.jpg,3
image_14283.jpg,3
image_14284.jpg,3
image_14285.jpg,3
image_14286.jpg,3
image_14287.jpg,3
image_14288.jpg,3
image_14289.jpg,3
image_14290.jpg,3
image_14291.jpg,3
image_14292.jpg,3
image_14293.jpg,3
image_14294.jpg,3
image_14295.jpg,3
image_14296.jpg,3
image_14297.jpg,3
image_14298.jpg,3
image_14299.jpg,3
image_14300.jpg,3
image_14301.jpg,3
image_14302.jpg,3
image_14303.jpg,3
image_14304.jpg,3
image_14305.jpg,3
image_14306.jpg,3
image_14307.jpg,3
image_14308.jpg,3
image_14309.jpg,3
image_14310.jpg,3
image_14311.jpg,3
image_14312.jpg,3
image_14313.jpg,3
image_14314.jpg,3
image_14315.jpg,3
image_14316.jpg,3
image_14317.jpg,3
image_14318.jpg,3
image_14319.jpg,3
image_14320.jpg,3
image_14321.jpg,3
image_14322.jpg,3
image_14323.jpg,3
image_14324.jpg,3
image_14325.jpg,3
image_14326.jpg,3
image_14327.jpg,3
image_14328.jpg,3
image_14329.jpg,3
image_14330.jpg,3
image_14331.jpg,3
image_14332.jpg,3
image_14333.jpg,3
image_14334.jpg,3
image_14335.jpg,3
image_14336.jpg,3
image_14337.jpg,3
image_14338.jpg,3
image_14339.jpg,3
image_14340.jpg,3
image_14341.jpg,3
image_14342.jpg,3
image_14343.jpg,3
image_14344.jpg,3
image_14345.jpg,3
image_14346.jpg,3
image_14347.jpg,3
image_14348.jpg,3
image_14349.jpg,3
image_14350.jpg,3
image_14351.jpg,3
image_14352.jpg,3
image_14353.jpg,3
image_14354.jpg,3
image_14355.jpg,3
image_14356.jpg,3
image_14357.jpg,3
image_14358.jpg,3
image_14359.jpg,3
image_14360.jpg,3
image_14361.jpg,3
image_14362.jpg,3
image_14363.jpg,3
image_14364.jpg,3
image_14365.jpg,3
image_14366.jpg,3
image_14367.jpg,3
image_14368.jpg,3
image_14369.jpg,3
image_14370.jpg,3
image_14371.jpg,3
image_14372.jpg,3
image_14373.jpg,3
image_14374.jpg,3
image_14375.jpg,3
image_14376.jpg,3
image_14377.jpg,3
image_14378.jpg,3
image_14379.jpg,3
image_14380.jpg,3
image_14381.jpg,3
image_14382.jpg,3
image_14383.jpg,3
image_14384.jpg,3
image_14385.jpg,3
image_14386.jpg,3
image_14387.jpg,3
image_14388.jpg,3
image_14389.jpg,3
image_14390.jpg,3
image_14391.jpg,3
image_14392.jpg,3
image_14393.jpg,3
image_14394.jpg,3
image_14395.jpg,3
image_14396.jpg,3
image_14397.jpg,3
image_14398.jpg,3
image_14399.jpg,3
image_14400.jpg,3
image_14401.jpg,3
image_14402.jpg,3
image_14403.jpg,3
image_14404.jpg,3
image_14405.jpg,3
image_14406.jpg,3
image_14407.jpg,3
image_14408.jpg,3
image_14409.jpg,3
image_14410.jpg,3
image_14411.jpg,3
image_14412.jpg,3
image_14413.jpg,3
image_14414.jpg,3
image_14415.jpg,3
image_14416.jpg,3
image_14417.jpg,3
image_14418.jpg,3
image_14419.jpg,3
image_14420.jpg,3
image_14421.jpg,3
image_14422.jpg,3
image_14423.jpg,3
image_14424.jpg,3
image_14425.jpg,3
image_14426.jpg,3
image_14427.jpg,3
image_14428.jpg,3
image_14429.jpg,3
image_14430.jpg,3
image_14431.jpg,3
image_14432.jpg,3
image_14433.jpg,3
image_14434.jpg,3
image_14435.jpg,3
image_14436.jpg,3
image_14437.jpg,3
image_14438.jpg,3
image_14439.jpg,3
image_14440.jpg,3
image_14441.jpg,3
image_14442.jpg,3
image_14443.jpg,3
image_14444.jpg,3
image_14445.jpg,3
image_14446.jpg,3
image_14447.jpg,3
image_14448.jpg,3
image_14449.jpg,3
image_14450.jpg,3
image_14451.jpg,3
image_14452.jpg,3
image_14453.jpg,3
image_14454.jpg,3
image_14455.jpg,3
image_14456.jpg,3
image_14457.jpg,3
image_14458.jpg,3
image_14459.jpg,3
image_14460.jpg,3
image_14461.jpg,3
image_14462.jpg,3
image_14463.jpg,3
image_14464.jpg,3
image_14465.jpg,3
image_14466.jpg,3
image_14467.jpg,3
image_14468.jpg,3
image_14469.jpg,3
image_14470.jpg,3
image_14471.jpg,3
image_14472.jpg,3
image_14473.jpg,3
image_14474.jpg,3
image_14475.jpg,3
image_14476.jpg,3
image_14477.jpg,3
image_14478.jpg,3
image_14479.jpg,3
image_14480.jpg,3
image_14481.jpg,3
image_14482.jpg,3
image_14483.jpg,3
image_14484.jpg,3
image_14485.jpg,3
image_14486.jpg,3
image_14487.jpg,3
image_14488.jpg,3
image_14489.jpg,3
image_14490.jpg,3
image_14491.jpg,3
image_14492.jpg,3
image_14493.jpg,3
image_14494.jpg,3
image_14495.jpg,3
image_14496.jpg,3
image_14497.jpg,3
image_14498.jpg,3
image_14499.jpg,3
image_14500.jpg,3
image_14501.jpg,3
image_14502.jpg,3
image_14503.jpg,3
image_14504.jpg,3
image_14505.jpg,3
image_14506.jpg,3
image_14507.jpg,3
image_14508.jpg,3
image_14509.jpg,3
image_14510.jpg,3
image_14511.jpg,3
image_14512.jpg,3
image_14513.jpg,3
image_14514.jpg,3
image_14515.jpg,3
image_14516.jpg,3
image_14517.jpg,3
image_14518.jpg,3
image_14519.jpg,3
image_14520.jpg,3
image_14521.jpg,3
image_14522.jpg,3
image_14523.jpg,3
image_14524.jpg,3
image_14525.jpg,3
image_14526.jpg,3
image_14527.jpg,3
image_14528.jpg,3
image_14529.jpg,3
image_14530.jpg,3
image_14531.jpg,3
image_14532.jpg,3
image_14533.jpg,3
image_14534.jpg,3
image_14535.jpg,3
image_14536.jpg,3
image_14537.jpg,3
image_14538.jpg,3
image_14539.jpg,3
image_14540.jpg,3
image_14541.jpg,3
image_14542.jpg,3
image_14543.jpg,3
image_14544.jpg,3
image_14545.jpg,3
image_14546.jpg,3
image_14547.jpg,3
image_14548.jpg,3
image_14549.jpg,3
image_14550.jpg,3
image_14551.jpg,3
image_14552.jpg,3
image_14553.jpg,3
image_14554.jpg,3
image_14555.jpg,3
image_14556.jpg,3
image_14557.jpg,3
image_14558.jpg,3
image_14559.jpg,3
image_14560.jpg,3
image_14561.jpg,3
image_14562.jpg,3
image_14563.jpg,3
image_14564.jpg,3
image_14565.jpg,3
image_14566.jpg,3
image_14567.jpg,3
image_14568.jpg,3
image_14569.jpg,3
image_14570.jpg,3
image_14571.jpg,3
image_14572.jpg,3
image_14573.jpg,3
image_14574.jpg,3
image_14575.jpg,3
image_14576.jpg,3
image_14577.jpg,3
image_14578.jpg,3
image_14579.jpg,3
image_14580.jpg,3
image_14581.jpg,3
image_14582.jpg,3
image_14583.jpg,3
image_14584.jpg,3
image_14585.jpg,3
image_14586.jpg,3
image_14587.jpg,3
image_14588.jpg,3
image_14589.jpg,3
image_14590.jpg,3
image_14591.jpg,3
image_14592.jpg,3
image_14593.jpg,3
image_14594.jpg,3
image_14595.jpg,3
image_14596.jpg,3
image_14597.jpg,3
image_14598.jpg,3
image_14599.jpg,3
image_14600.jpg,3
image_14601.jpg,3
image_14602.jpg,3
image_14603.jpg,3
image_14604.jpg,3
image_14605.jpg,3
image_14606.jpg,3
image_14607.jpg,3
image_14608.jpg,3
image_14609.jpg,3
image_14610.jpg,3
image_14611.jpg,3
image_14612.jpg,3
image_14613.jpg,3
image_14614.jpg,3
image_14615.jpg,3
image_14616.jpg,3
image_14617.jpg,3
image_14618.jpg,3
image_14619.jpg,3
image_14620.jpg,3
image_14621.jpg,3
image_14622.jpg,3
image_14623.jpg,3
image_14624.jpg,3
image_14625.jpg,3
image_14626.jpg,3
image_14627.jpg,3
image_14628.jpg,3
image_14629.jpg,3
image_14630.jpg,3
image_14631.jpg,3
image_14632.jpg,3
image_14633.jpg,3
image_14634.jpg,3
image_14635.jpg,3
image_14636.jpg,3
image_14637.jpg,3
image_14638.jpg,3
image_14639.jpg,3
image_14640.jpg,3
image_14641.jpg,3
image_14642.jpg,3
image_14643.jpg,3
image_14644.jpg,3
image_14645.jpg,3
image_14646.jpg,3
image_14647.jpg,3
image_14648.jpg,3
image_14649.jpg,3
image_14650.jpg,3
image_14651.jpg,3
image_14652.jpg,3
image_14653.jpg,3
image_14654.jpg,3
image_14655.jpg,3
image_14656.jpg,3
image_14657.jpg,3
image_14658.jpg,3
image_14659.jpg,3
image_14660.jpg,3
image_14661.jpg,3
image_14662.jpg,3
image_14663.jpg,3
image_14664.jpg,3
image_14665.jpg,3
image_14666.jpg,3
image_14667.jpg,3
image_14668.jpg,3
image_14669.jpg,3
image_14670.jpg,3
image_14671.jpg,3
image_14672.jpg,3
image_14673.jpg,3
image_14674.jpg,3
image_14675.jpg,3
image_14676.jpg,3
image_14677.jpg,3
image_14678.jpg,3
image_14679.jpg,3
image_14680.jpg,3
image_14681.jpg,3
image_14682.jpg,3
image_14683.jpg,3
image_14684.jpg,3
image_14685.jpg,3
image_14686.jpg,3
image_14687.jpg,3
image_14688.jpg,3
image_14689.jpg,3
image_14690.jpg,3
image_14691.jpg,3
image_14692.jpg,3
image_14693.jpg,3
image_14694.jpg,3
image_14695.jpg,3
image_14696.jpg,3
image_14697.jpg,3
image_14698.jpg,3
image_14699.jpg,3
image_14700.jpg,3
image_14701.jpg,3
image_14702.jpg,3
image_14703.jpg,3
image_14704.jpg,3
image_14705.jpg,3
image_14706.jpg,3
image_14707.jpg,3
image_14708.jpg,3
image_14709.jpg,3
image_14710.jpg,3
image_14711.jpg,3
image_14712.jpg,3
image_14713.jpg,3
image_14714.jpg,3
image_14715.jpg,3
image_14716.jpg,3
image_14717.jpg,3
image_14718.jpg,3
image_14719.jpg,3
image_14720.jpg,3
image_14721.jpg,3
image_14722.jpg,3
image_14723.jpg,3
image_14724.jpg,3
image_14725.jpg,3
image_14726.jpg,3
image_14727.jpg,3
image_14728.jpg,3
image_14729.jpg,3
image_14730.jpg,3
image_14731.jpg,3
image_14732.jpg,3
image_14733.jpg,3
image_14734.jpg,3
image_14735.jpg,3
image_14736.jpg,3
image_14737.jpg,3
image_14738.jpg,3
image_14739.jpg,3
image_14740.jpg,3
image_14741.jpg,3
image_14742.jpg,3
image_14743.jpg,3
image_14744.jpg,3
image_14745.jpg,3
image_14746.jpg,3
image_14747.jpg,3
image_14748.jpg,3
image_14749.jpg,3
image_14750.jpg,3
image_14751.jpg,3
image_14752.jpg,3
image_14753.jpg,3
image_14754.jpg,3
image_14755.jpg,3
image_14756.jpg,3
image_14757.jpg,3
image_14758.jpg,3
image_14759.jpg,3
image_14760.jpg,3
image_14761.jpg,3
image_14762.jpg,3
image_14763.jpg,3
image_14764.jpg,3
image_14765.jpg,3
image_14766.jpg,3
image_14767.jpg,3
image_14768.jpg,3
image_14769.jpg,3
image_14770.jpg,3
image_14771.jpg,3
image_14772.jpg,3
image_14773.jpg,3
image_14774.jpg,3
image_14775.jpg,3
image_14776.jpg,3
image_14777.jpg,3
image_14778.jpg,3
image_14779.jpg,3
image_14780.jpg,3
image_14781.jpg,3
image_14782.jpg,3
image_14783.jpg,3
image_14784.jpg,3
image_14785.jpg,3
image_14786.jpg,3
image_14787.jpg,3
image_14788.jpg,3
image_14789.jpg,3
image_14790.jpg,3
image_14791.jpg,3
image_14792.jpg,3
image_14793.jpg,3
image_14794.jpg,3
image_14795.jpg,3
image_14796.jpg,3
image_14797.jpg,3
image_14798.jpg,3
image_14799.jpg,3
image_14800.jpg,3
image_14801.jpg,3
image_14802.jpg,3
image_14803.jpg,3
image_14804.jpg,3
image_14805.jpg,3
image_14806.jpg,3
image_14807.jpg,3
image_14808.jpg,3
image_14809.jpg,3
image_14810.jpg,3
image_14811.jpg,3
image_14812.jpg,3
image_14813.jpg,3
image_14814.jpg,3
image_14815.jpg,3
image_14816.jpg,3
image_14817.jpg,3
image_14818.jpg,3
image_14819.jpg,3
image_14820.jpg,3
image_14821.jpg,3
image_14822.jpg,3
image_14823.jpg,3
image_14824.jpg,3
image_14825.jpg,3
image_14826.jpg,3
image_14827.jpg,3
image_14828.jpg,3
image_14829.jpg,3
image_14830.jpg,3
image_14831.jpg,3
image_14832.jpg,3
image_14833.jpg,3
image_14834.jpg,3
image_14835.jpg,3
image_14836.jpg,3
image_14837.jpg,3
image_14838.jpg,3
image_14839.jpg,3
image_14840.jpg,3
image_14841.jpg,3
image_14842.jpg,3
image_14843.jpg,3
image_14844.jpg,3
image_14845.jpg,3
image_14846.jpg,3
image_14847.jpg,3
image_14848.jpg,3
image_14849.jpg,3
image_14850.jpg,3
image_14851.jpg,3
image_14852.jpg,3
image_14853.jpg,3
image_14854.jpg,3
image_14855.jpg,3
image_14856.jpg,3
image_14857.jpg,3
image_14858.jpg,3
image_14859.jpg,3
image_14860.jpg,3
image_14861.jpg,3
image_14862.jpg,3
image_14863.jpg,3
image_14864.jpg,3
image_14865.jpg,3
image_14866.jpg,3
image_14867.jpg,3
image_14868.jpg,3
image_14869.jpg,3
image_14870.jpg,3
image_14871.jpg,3
image_14872.jpg,3
image_14873.jpg,3
image_14874.jpg,3
image_14875.jpg,3
image_14876.jpg,3
image_14877.jpg,3
image_14878.jpg,3
image_14879.jpg,3
image_14880.jpg,3
image_14881.jpg,3
image_14882.jpg,3
image_14883.jpg,3
image_14884.jpg,3
image_14885.jpg,3
image_14886.jpg,3
image_14887.jpg,3
image_14888.jpg,3
image_14889.jpg,3
image_14890.jpg,3
image_14891.jpg,3
image_14892.jpg,3
image_14893.jpg,3
image_14894.jpg,3
image_14895.jpg,3
image_14896.jpg,3
image_14897.jpg,3
image_14898.jpg,3
image_14899.jpg,3
image_14900.jpg,3
image_14901.jpg,3
image_14902.jpg,3
image_14903.jpg,3
image_14904.jpg,3
image_14905.jpg,3
image_14906.jpg,3
image_14907.jpg,3
image_14908.jpg,3
image_14909.jpg,3
image_14910.jpg,3
image_14911.jpg,3
image_14912.jpg,3
image_14913.jpg,3
image_14914.jpg,3
image_14915.jpg,3
image_14916.jpg,3
image_14917.jpg,3
image_14918.jpg,3
image_14919.jpg,3
image_14920.jpg,3
image_14921.jpg,3
image_14922.jpg,3
image_14923.jpg,3
image_14924.jpg,3
image_14925.jpg,3
image_14926.jpg,3
image_14927.jpg,3
image_14928.jpg,3
image_14929.jpg,3
image_14930.jpg,3
image_14931.jpg,3
image_14932.jpg,3
image_14933.jpg,3
image_14934.jpg,3
image_14935.jpg,3
image_14936.jpg,3
image_14937.jpg,3
image_14938.jpg,3
image_14939.jpg,3
image_14940.jpg,3
image_14941.jpg,3
image_14942.jpg,3
image_14943.jpg,3
image_14944.jpg,3
image_14945.jpg,3
image_14946.jpg,3
image_14947.jpg,3
image_14948.jpg,3
image_14949.jpg,3
image_14950.jpg,3
image_14951.jpg,3
image_14952.jpg,3
image_14953.jpg,3
image_14954.jpg,3
image_14955.jpg,3
image_14956.jpg,3
image_14957.jpg,3
image_14958.jpg,3
image_14959.jpg,3
image_14960.jpg,3
image_14961.jpg,3
image_14962.jpg,3
image_14963.jpg,3
image_14964.jpg,3
image_14965.jpg,3
image_14966.jpg,3
image_14967.jpg,3
image_14968.jpg,3
image_14969.jpg,3
image_14970.jpg,3
image_14971.jpg,3
image_14972.jpg,3
image_14973.jpg,3
image_14974.jpg,3
image_14975.jpg,3
image_14976.jpg,3
image_14977.jpg,3
image_14978.jpg,3
image_14979.jpg,3
image_14980.jpg,3
image_14981.jpg,3
image_14982.jpg,3
image_14983.jpg,3
image_14984.jpg,3
image_14985.jpg,3
image_14986.jpg,3
image_14987.jpg,3
image_14988.jpg,3
image_14989.jpg,3
image_14990.jpg,3
image_14991.jpg,3
image_14992.jpg,3
image_14993.jpg,3
image_14994.jpg,3
image_14995.jpg,3
image_14996.jpg,3
image_14997.jpg,3
image_14998.jpg,3
image_14999.jpg,3
image_15000.jpg,3
image_15001.jpg,3
image_15002.jpg,3
image_15003.jpg,3
image_15004.jpg,3
image_15005.jpg,3
image_15006.jpg,3
image_15007.jpg,3
image_15008.jpg,3
image_15009.jpg,3
image_15010.jpg,3
image_15011.jpg,3
image_15012.jpg,3
image_15013.jpg,3
image_15014.jpg,3
image_15015.jpg,3
image_15016.jpg,3
image_15017.jpg,3
image_15018.jpg,3
image_15019.jpg,3
image_15020.jpg,3
image_15021.jpg,3
image_15022.jpg,3
image_15023.jpg,3
image_15024.jpg,3
image_15025.jpg,3
image_15026.jpg,3
image_15027.jpg,3
image_15028.jpg,3
image_15029.jpg,3
image_15030.jpg,3
image_15031.jpg,3
image_15032.jpg,3
image_15033.jpg,3
image_15034.jpg,3
image_15035.jpg,3
image_15036.jpg,3
image_15037.jpg,3
image_15038.jpg,3
image_15039.jpg,3
image_15040.jpg,3
image_15041.jpg,3
image_15042.jpg,3
image_15043.jpg,3
image_15044.jpg,3
image_15045.jpg,3
image_15046.jpg,3
image_15047.jpg,3
image_15048.jpg,3
image_15049.jpg,3
image_15050.jpg,3
image_15051.jpg,3
image_15052.jpg,3
image_15053.jpg,3
image_15054.jpg,3
image_15055.jpg,3
image_15056.jpg,3
image_15057.jpg,3
image_15058.jpg,3
image_15059.jpg,3
image_15060.jpg,3
image_15061.jpg,3
image_15062.jpg,3
image_15063.jpg,3
image_15064.jpg,3
image_15065.jpg,3
image_15066.jpg,3
image_15067.jpg,3
image_15068.jpg,3
image_15069.jpg,3
image_15070.jpg,3
image_15071.jpg,3
image_15072.jpg,3
image_15073.jpg,3
image_15074.jpg,3
image_15075.jpg,3
image_15076.jpg,3
image_15077.jpg,3
image_15078.jpg,3
image_15079.jpg,3
image_15080.jpg,3
image_15081.jpg,3
image_15082.jpg,3
image_15083.jpg,3
image_15084.jpg,3
image_15085.jpg,3
image_15086.jpg,3
image_15087.jpg,3
image_15088.jpg,3
image_15089.jpg,3
image_15090.jpg,3
image_15091.jpg,3
image_15092.jpg,3
image_15093.jpg,3
image_15094.jpg,3
image_15095.jpg,3
image_15096.jpg,3
image_15097.jpg,3
image_15098.jpg,3
image_15099.jpg,3
image_15100.jpg,3
image_15101.jpg,3
image_15102.jpg,3
image_15103.jpg,3
image_15104.jpg,3
image_15105.jpg,3
image_15106.jpg,3
image_15107.jpg,3
image_15108.jpg,3
image_15109.jpg,3
image_15110.jpg,3
image_15111.jpg,3
image_15112.jpg,3
image_15113.jpg,3
image_15114.jpg,3
image_15115.jpg,3
image_15116.jpg,3
image_15117.jpg,3
image_15118.jpg,3
image_15119.jpg,3
image_15120.jpg,3
image_15121.jpg,3
image_15122.jpg,3
image_15123.jpg,3
image_15124.jpg,3
image_15125.jpg,3
image_15126.jpg,3
image_15127.jpg,3
image_15128.jpg,3
image_15129.jpg,3
image_15130.jpg,3
image_15131.jpg,3
image_15132.jpg,3
image_15133.jpg,3
image_15134.jpg,3
image_15135.jpg,3
image_15136.jpg,3
image_15137.jpg,3
image_15138.jpg,3
image_15139.jpg,3
image_15140.jpg,3
image_15141.jpg,3
image_15142.jpg,3
image_15143.jpg,3
image_15144.jpg,3
image_15145.jpg,3
image_15146.jpg,3
image_15147.jpg,3
image_15148.jpg,3
image_15149.jpg,3
image_15150.jpg,3
image_15151.jpg,3
image_15152.jpg,3
image_15153.jpg,3
image_15154.jpg,3
image_15155.jpg,3
image_15156.jpg,3
image_15157.jpg,3
image_15158.jpg,3
image_15159.jpg,3
image_15160.jpg,3
image_15161.jpg,3
image_15162.jpg,3
image_15163.jpg,3
image_15164.jpg,3
image_15165.jpg,3
image_15166.jpg,3
image_15167.jpg,3
image_15168.jpg,3
image_15169.jpg,3
image_15170.jpg,3
image_15171.jpg,3
image_15172.jpg,3
image_15173.jpg,3
image_15174.jpg,3
image_15175.jpg,3
image_15176.jpg,3
image_15177.jpg,3
image_15178.jpg,3
image_15179.jpg,3
image_15180.jpg,3
image_15181.jpg,3
image_15182.jpg,3
image_15183.jpg,3
image_15184.jpg,3
image_15185.jpg,3
image_15186.jpg,3
image_15187.jpg,3
image_15188.jpg,3
image_15189.jpg,3
image_15190.jpg,3
image_15191.jpg,3
image_15192.jpg,3
image_15193.jpg,3
image_15194.jpg,3
image_15195.jpg,3
image_15196.jpg,3
image_15197.jpg,3
image_15198.jpg,3
image_15199.jpg,3
image_15200.jpg,3
image_15201.jpg,3
image_15202.jpg,3
image_15203.jpg,3
image_15204.jpg,3
image_15205.jpg,3
image_15206.jpg,3
image_15207.jpg,3
image_15208.jpg,3
image_15209.jpg,3
image_15210.jpg,3
image_15211.jpg,3
image_15212.jpg,3
image_15213.jpg,3
image_15214.jpg,3
image_15215.jpg,3
image_15216.jpg,3
image_15217.jpg,3
image_15218.jpg,3
image_15219.jpg,3
image_15220.jpg,3
image_15221.jpg,3
image_15222.jpg,3
image_15223.jpg,3
image_15224.jpg,3
image_15225.jpg,3
image_15226.jpg,3
image_15227.jpg,3
image_15228.jpg,3
image_15229.jpg,3
image_15230.jpg,3
image_15231.jpg,3
image_15232.jpg,3
image_15233.jpg,3
image_15234.jpg,3
image_15235.jpg,3
image_15236.jpg,3
image_15237.jpg,3
image_15238.jpg,3
image_15239.jpg,3
image_15240.jpg,3
image_15241.jpg,3
image_15242.jpg,3
image_15243.jpg,3
image_15244.jpg,3
image_15245.jpg,3
image_15246.jpg,3
image_15247.jpg,3
image_15248.jpg,3
image_15249.jpg,3
image_15250.jpg,3
image_15251.jpg,3
image_15252.jpg,3
image_15253.jpg,3
image_15254.jpg,3
image_15255.jpg,3
image_15256.jpg,3
image_15257.jpg,3
image_15258.jpg,3
image_15259.jpg,3
image_15260.jpg,3
image_15261.jpg,3
image_15262.jpg,3
image_15263.jpg,3
image_15264.jpg,3
image_15265.jpg,3
image_15266.jpg,3
image_15267.jpg,3
image_15268.jpg,3
image_15269.jpg,3
image_15270.jpg,3
image_15271.jpg,3
image_15272.jpg,3
image_15273.jpg,3
image_15274.jpg,3
image_15275.jpg,3
image_15276.jpg,3
image_15277.jpg,3
image_15278.jpg,3
image_15279.jpg,3
image_15280.jpg,3
image_15281.jpg,3
image_15282.jpg,3
image_15283.jpg,3
image_15284.jpg,3
image_15285.jpg,3
image_15286.jpg,3
image_15287.jpg,3
image_15288.jpg,3
image_15289.jpg,3
image_15290.jpg,3
image_15291.jpg,3
image_15292.jpg,3
image_15293.jpg,3
image_15294.jpg,3
image_15295.jpg,3
image_15296.jpg,3
image_15297.jpg,3
image_15298.jpg,3
image_15299.jpg,3
image_15300.jpg,3
image_15301.jpg,3
image_15302.jpg,3
image_15303.jpg,3
image_15304.jpg,3
image_15305.jpg,3
image_15306.jpg,3
image_15307.jpg,3
image_15308.jpg,3
image_15309.jpg,3
image_15310.jpg,3
image_15311.jpg,3
image_15312.jpg,3
image_15313.jpg,3
image_15314.jpg,3
image_15315.jpg,3
image_15316.jpg,3
image_15317.jpg,3
image_15318.jpg,3
image_15319.jpg,3
image_15320.jpg,3
image_15321.jpg,3
image_15322.jpg,3
image_15323.jpg,3
image_15324.jpg,3
image_15325.jpg,3
image_15326.jpg,3
image_15327.jpg,3
image_15328.jpg,3
image_15329.jpg,3
image_15330.jpg,3
image_15331.jpg,3
image_15332.jpg,3
image_15333.jpg,3
image_15334.jpg,3
image_15335.jpg,3
image_15336.jpg,3
image_15337.jpg,3
image_15338.jpg,3
image_15339.jpg,3
image_15340.jpg,3
image_15341.jpg,3
image_15342.jpg,3
image_15343.jpg,3
image_15344.jpg,3
image_15345.jpg,3
image_15346.jpg,3
image_15347.jpg,3
image_15348.jpg,3
image_15349.jpg,3
image_15350.jpg,3
image_15351.jpg,3
image_15352.jpg,3
image_15353.jpg,3
image_15354.jpg,3
image_15355.jpg,3
image_15356.jpg,3
image_15357.jpg,3
image_15358.jpg,3
image_15359.jpg,3
image_15360.jpg,3
image_15361.jpg,3
image_15362.jpg,3
image_15363.jpg,3
image_15364.jpg,3
image_15365.jpg,3
image_15366.jpg,3
image_15367.jpg,3
image_15368.jpg,3
image_15369.jpg,3
image_15370.jpg,3
image_15371.jpg,3
image_15372.jpg,3
image_15373.jpg,3
image_15374.jpg,3
image_15375.jpg,3
image_15376.jpg,3
image_15377.jpg,3
image_15378.jpg,3
image_15379.jpg,3
image_15380.jpg,3
image_15381.jpg,3
image_15382.jpg,3
image_15383.jpg,3
image_15384.jpg,3
image_15385.jpg,3
image_15386.jpg,3
image_15387.jpg,3
image_15388.jpg,3
image_15389.jpg,3
image_15390.jpg,3
image_15391.jpg,3
image_15392.jpg,3
image_15393.jpg,3
image_15394.jpg,3
image_15395.jpg,3
image_15396.jpg,3
image_15397.jpg,3
image_15398.jpg,3
image_15399.jpg,3
image_15400.jpg,3
image_15401.jpg,3
image_15402.jpg,3
image_15403.jpg,3
image_15404.jpg,3
image_15405.jpg,3
image_15406.jpg,3
image_15407.jpg,3
image_15408.jpg,3
image_15409.jpg,3
image_15410.jpg,3
image_15411.jpg,3
image_15412.jpg,3
image_15413.jpg,3
image_15414.jpg,3
image_15415.jpg,3
image_15416.jpg,3
image_15417.jpg,3
image_15418.jpg,3
image_15419.jpg,3
image_15420.jpg,3
image_15421.jpg,3
image_15422.jpg,3
image_15423.jpg,3
image_15424.jpg,3
image_15425.jpg,3
image_15426.jpg,3
image_15427.jpg,3
image_15428.jpg,3
image_15429.jpg,3
image_15430.jpg,3
image_15431.jpg,3
image_15432.jpg,3
image_15433.jpg,3
image_15434.jpg,3
image_15435.jpg,3
image_15436.jpg,3
image_15437.jpg,3
image_15438.jpg,3
image_15439.jpg,3
image_15440.jpg,3
image_15441.jpg,3
image_15442.jpg,3
image_15443.jpg,3
image_15444.jpg,3
image_15445.jpg,3
image_15446.jpg,3
image_15447.jpg,3
image_15448.jpg,3
image_15449.jpg,3
image_15450.jpg,3
image_15451.jpg,3
image_15452.jpg,3
image_15453.jpg,3
image_15454.jpg,3
image_15455.jpg,3
image_15456.jpg,3
image_15457.jpg,3
image_15458.jpg,3
image_15459.jpg,3
image_15460.jpg,3
image_15461.jpg,3
image_15462.jpg,3
image_15463.jpg,3
image_15464.jpg,3
image_15465.jpg,3
image_15466.jpg,3
image_15467.jpg,3
image_15468.jpg,3
image_15469.jpg,3
image_15470.jpg,3
image_15471.jpg,3
image_15472.jpg,3
image_15473.jpg,3
image_15474.jpg,3
image_15475.jpg,3
image_15476.jpg,3
image_15477.jpg,3
image_15478.jpg,3
image_15479.jpg,3
image_15480.jpg,3
image_15481.jpg,3
image_15482.jpg,3
image_15483.jpg,3
image_15484.jpg,3
image_15485.jpg,3
image_15486.jpg,3
image_15487.jpg,3
image_15488.jpg,3
image_15489.jpg,3
image_15490.jpg,3
image_15491.jpg,3
image_15492.jpg,3
image_15493.jpg,3
image_15494.jpg,3
image_15495.jpg,3
image_15496.jpg,3
image_15497.jpg,3
image_15498.jpg,3
image_15499.jpg,3
image_15500.jpg,3
image_15501.jpg,3
image_15502.jpg,3
image_15503.jpg,3
image_15504.jpg,3
image_15505.jpg,3
image_15506.jpg,3
image_15507.jpg,3
image_15508.jpg,3
image_15509.jpg,3
image_15510.jpg,3
image_15511.jpg,3
image_15512.jpg,3
image_15513.jpg,3
image_15514.jpg,3
image_15515.jpg,3
image_15516.jpg,3
image_15517.jpg,3
image_15518.jpg,3
image_15519.jpg,3
image_15520.jpg,3
image_15521.jpg,3
image_15522.jpg,3
image_15523.jpg,3
image_15524.jpg,3
image_15525.jpg,3
image_15526.jpg,3
image_15527.jpg,3
image_15528.jpg,3
image_15529.jpg,3
image_15530.jpg,3
image_15531.jpg,3
image_15532.jpg,3
image_15533.jpg,3
image_15534.jpg,3
image_15535.jpg,3
image_15536.jpg,3
image_15537.jpg,3
image_15538.jpg,3
image_15539.jpg,3
image_15540.jpg,3
image_15541.jpg,3
image_15542.jpg,3
image_15543.jpg,3
image_15544.jpg,3
image_15545.jpg,3
image_15546.jpg,3
image_15547.jpg,3
image_15548.jpg,3
image_15549.jpg,3
image_15550.jpg,3
image_15551.jpg,3
image_15552.jpg,3
image_15553.jpg,3
image_15554.jpg,3
image_15555.jpg,3
image_15556.jpg,3
image_15557.jpg,3
image_15558.jpg,3
image_15559.jpg,3
image_15560.jpg,3
image_15561.jpg,3
image_15562.jpg,3
image_15563.jpg,3
image_15564.jpg,3
image_15565.jpg,3
image_15566.jpg,3
image_15567.jpg,3
image_15568.jpg,3
image_15569.jpg,3
image_15570.jpg,3
image_15571.jpg,3
image_15572.jpg,3
image_15573.jpg,3
image_15574.jpg,3
image_15575.jpg,3
image_15576.jpg,3
image_15577.jpg,3
image_15578.jpg,3
image_15579.jpg,3
image_15580.jpg,3
image_15581.jpg,3
image_15582.jpg,3
image_15583.jpg,3
image_15584.jpg,3
image_15585.jpg,3
image_15586.jpg,3
image_15587.jpg,3
image_15588.jpg,3
image_15589.jpg,3
image_15590.jpg,3
image_15591.jpg,3
image_15592.jpg,3
image_15593.jpg,3
image_15594.jpg,3
image_15595.jpg,3
image_15596.jpg,3
image_15597.jpg,3
image_15598.jpg,3
image_15599.jpg,3
image_15600.jpg,3
image_15601.jpg,3
image_15602.jpg,3
image_15603.jpg,3
image_15604.jpg,3
image_15605.jpg,3
image_15606.jpg,3
image_15607.jpg,3
image_15608.jpg,3
image_15609.jpg,3
image_15610.jpg,3
image_15611.jpg,3
image_15612.jpg,3
image_15613.jpg,3
image_15614.jpg,3
image_15615.jpg,3
image_15616.jpg,3
image_15617.jpg,3
image_15618.jpg,3
image_15619.jpg,3
image_15620.jpg,3
image_15621.jpg,3
image_15622.jpg,3
image_15623.jpg,3
image_15624.jpg,3
image_15625.jpg,3
image_15626.jpg,3
image_15627.jpg,3
image_15628.jpg,3
image_15629.jpg,3
image_15630.jpg,3
image_15631.jpg,3
image_15632.jpg,3
image_15633.jpg,3
image_15634.jpg,3
image_15635.jpg,3
image_15636.jpg,3
image_15637.jpg,3
image_15638.jpg,3
image_15639.jpg,3
image_15640.jpg,3
image_15641.jpg,3
image_15642.jpg,3
image_15643.jpg,3
image_15644.jpg,3
image_15645.jpg,3
image_15646.jpg,3
image_15647.jpg,3
image_15648.jpg,3
image_15649.jpg,3
image_15650.jpg,3
image_15651.jpg,3
image_15652.jpg,3
image_15653.jpg,3
image_15654.jpg,3
image_15655.jpg,3
image_15656.jpg,3
image_15657.jpg,3
image_15658.jpg,3
image_15659.jpg,3
image_15660.jpg,3
image_15661.jpg,3
image_15662.jpg,3
image_15663.jpg,3
image_15664.jpg,3
image_15665.jpg,3
image_15666.jpg,3
image_15667.jpg,3
image_15668.jpg,3
image_15669.jpg,3
image_15670.jpg,3
image_15671.jpg,3
image_15672.jpg,3
image_15673.jpg,3
image_15674.jpg,3
image_15675.jpg,3
image_15676.jpg,3
image_15677.jpg,3
image_15678.jpg,3
image_15679.jpg,3
image_15680.jpg,3
image_15681.jpg,3
image_15682.jpg,3
image_15683.jpg,3
image_15684.jpg,3
image_15685.jpg,3
image_15686.jpg,3
image_15687.jpg,3
image_15688.jpg,3
image_15689.jpg,3
image_15690.jpg,3
image_15691.jpg,3
image_15692.jpg,3
image_15693.jpg,3
image_15694.jpg,3
image_15695.jpg,3
image_15696.jpg,3
image_15697.jpg,3
image_15698.jpg,3
image_15699.jpg,3
image_15700.jpg,3
image_15701.jpg,3
image_15702.jpg,3
image_15703.jpg,3
image_15704.jpg,3
image_15705.jpg,3
image_15706.jpg,3
image_15707.jpg,3
image_15708.jpg,3
image_15709.jpg,3
image_15710.jpg,3
image_15711.jpg,3
image_15712.jpg,3
image_15713.jpg,3
image_15714.jpg,3
image_15715.jpg,3
image_15716.jpg,3
image_15717.jpg,3
image_15718.jpg,3
image_15719.jpg,3
image_15720.jpg,3
image_15721.jpg,3
image_15722.jpg,3
image_15723.jpg,3
image_15724.jpg,3
image_15725.jpg,3
image_15726.jpg,3
image_15727.jpg,3
image_15728.jpg,3
image_15729.jpg,3
image_15730.jpg,3
image_15731.jpg,3
image_15732.jpg,3
image_15733.jpg,3
image_15734.jpg,3
image_15735.jpg,3
image_15736.jpg,3
image_15737.jpg,3
image_15738.jpg,3
image_15739.jpg,3
image_15740.jpg,3
image_15741.jpg,3
image_15742.jpg,3
image_15743.jpg,3
image_15744.jpg,3
image_15745.jpg,3
image_15746.jpg,3
image_15747.jpg,3
image_15748.jpg,3
image_15749.jpg,3
image_15750.jpg,3
image_15751.jpg,3
image_15752.jpg,3
image_15753.jpg,3
image_15754.jpg,3
image_15755.jpg,3
image_15756.jpg,3
image_15757.jpg,3
image_15758.jpg,3
image_15759.jpg,3
image_15760.jpg,3
image_15761.jpg,3
image_15762.jpg,3
image_15763.jpg,3
image_15764.jpg,3
image_15765.jpg,3
image_15766.jpg,3
image_15767.jpg,3
image_15768.jpg,3
image_15769.jpg,3
image_15770.jpg,3
image_15771.jpg,3
image_15772.jpg,3
image_15773.jpg,3
image_15774.jpg,3
image_15775.jpg,3
image_15776.jpg,3
image_15777.jpg,3
image_15778.jpg,3
image_15779.jpg,3
image_15780.jpg,3
image_15781.jpg,3
image_15782.jpg,3
image_15783.jpg,3
image_15784.jpg,3
image_15785.jpg,3
image_15786.jpg,3
image_15787.jpg,3
image_15788.jpg,3
image_15789.jpg,3
image_15790.jpg,3
image_15791.jpg,3
image_15792.jpg,3
image_15793.jpg,3
image_15794.jpg,3
image_15795.jpg,3
image_15796.jpg,3
image_15797.jpg,3
image_15798.jpg,3
image_15799.jpg,3
image_15800.jpg,3
image_15801.jpg,3
image_15802.jpg,3
image_15803.jpg,3
image_15804.jpg,3
image_15805.jpg,3
image_15806.jpg,3
image_15807.jpg,3
image_15808.jpg,3
image_15809.jpg,3
image_15810.jpg,3
image_15811.jpg,3
image_15812.jpg,3
image_15813.jpg,3
image_15814.jpg,3
image_15815.jpg,3
image_15816.jpg,3
image_15817.jpg,3
image_15818.jpg,3
image_15819.jpg,3
image_15820.jpg,3
image_15821.jpg,3
image_15822.jpg,3
image_15823.jpg,3
image_15824.jpg,3
image_15825.jpg,3
image_15826.jpg,3
image_15827.jpg,3
image_15828.jpg,3
image_15829.jpg,3
image_15830.jpg,3
image_15831.jpg,3
image_15832.jpg,3
image_15833.jpg,3
image_15834.jpg,3
image_15835.jpg,3
image_15836.jpg,3
image_15837.jpg,3
image_15838.jpg,3
image_15839.jpg,3
image_15840.jpg,3
image_15841.jpg,3
image_15842.jpg,3
image_15843.jpg,3
image_15844.jpg,3
image_15845.jpg,3
image_15846.jpg,3
image_15847.jpg,3
image_15848.jpg,3
image_15849.jpg,3
image_15850.jpg,3
image_15851.jpg,3
image_15852.jpg,3
image_15853.jpg,3
image_15854.jpg,3
image_15855.jpg,3
image_15856.jpg,3
image_15857.jpg,3
image_15858.jpg,3
image_15859.jpg,3
image_15860.jpg,3
image_15861.jpg,3
image_15862.jpg,3
image_15863.jpg,3
image_15864.jpg,3
image_15865.jpg,3
image_15866.jpg,3
image_15867.jpg,3
image_15868.jpg,3
image_15869.jpg,3
image_15870.jpg,3
image_15871.jpg,3
image_15872.jpg,3
image_15873.jpg,3
image_15874.jpg,3
image_15875.jpg,3
image_15876.jpg,3
image_15877.jpg,3
image_15878.jpg,3
image_15879.jpg,3
image_15880.jpg,3
image_15881.jpg,3
image_15882.jpg,3
image_15883.jpg,3
image_15884.jpg,3
image_15885.jpg,3
image_15886.jpg,3
image_15887.jpg,3
image_15888.jpg,3
image_15889.jpg,3
image_15890.jpg,3
image_15891.jpg,3
image_15892.jpg,3
image_15893.jpg,3
image_15894.jpg,3
image_15895.jpg,3
image_15896.jpg,3
image_15897.jpg,3
image_15898.jpg,3
image_15899.jpg,3
image_15900.jpg,3
image_15901.jpg,3
image_15902.jpg,3
image_15903.jpg,3
image_15904.jpg,3
image_15905.jpg,3
image_15906.jpg,3
image_15907.jpg,3
image_15908.jpg,3
image_15909.jpg,3
image_15910.jpg,3
image_15911.jpg,3
image_15912.jpg,3
image_15913.jpg,3
image_15914.jpg,3
image_15915.jpg,3
image_15916.jpg,3
image_15917.jpg,3
image_15918.jpg,3
image_15919.jpg,3
image_15920.jpg,3
image_15921.jpg,3
image_15922.jpg,3
image_15923.jpg,3
image_15924.jpg,3
image_15925.jpg,3
image_15926.jpg,3
image_15927.jpg,3
image_15928.jpg,3
image_15929.jpg,3
image_15930.jpg,3
image_15931.jpg,3
image_15932.jpg,3
image_15933.jpg,3
image_15934.jpg,3
image_15935.jpg,3
image_15936.jpg,3
image_15937.jpg,3
image_15938.jpg,3
image_15939.jpg,3
image_15940.jpg,3
image_15941.jpg,3
image_15942.jpg,3
image_15943.jpg,3
image_15944.jpg,3
image_15945.jpg,3
image_15946.jpg,3
image_15947.jpg,3
image_15948.jpg,3
image_15949.jpg,3
image_15950.jpg,3
image_15951.jpg,3
image_15952.jpg,3
image_15953.jpg,3
image_15954.jpg,3
image_15955.jpg,3
image_15956.jpg,3
image_15957.jpg,3
image_15958.jpg,3
image_15959.jpg,3
image_15960.jpg,3
image_15961.jpg,3
image_15962.jpg,3
image_15963.jpg,3
image_15964.jpg,3
image_15965.jpg,3
image_15966.jpg,3
image_15967.jpg,3
image_15968.jpg,3
image_15969.jpg,3
image_15970.jpg,3
image_15971.jpg,3
image_15972.jpg,3
image_15973.jpg,3
image_15974.jpg,3
image_15975.jpg,3
image_15976.jpg,3
image_15977.jpg,3
image_15978.jpg,3
image_15979.jpg,3
image_15980.jpg,3
image_15981.jpg,3
image_15982.jpg,3
image_15983.jpg,3
image_15984.jpg,3
image_15985.jpg,3
image_15986.jpg,3
image_15987.jpg,3
image_15988.jpg,3
image_15989.jpg,3
image_15990.jpg,3
image_15991.jpg,3
image_15992.jpg,3
image_15993.jpg,3
image_15994.jpg,3
image_15995.jpg,3
image_15996.jpg,3
image_15997.jpg,3
image_15998.jpg,3
image_15999.jpg,3
image_16000.jpg,3
image_16001.jpg,3
image_16002.jpg,3
image_16003.jpg,3
image_16004.jpg,3
image_16005.jpg,3
image_16006.jpg,3
image_16007.jpg,3
image_16008.jpg,3
image_16009.jpg,3
image_16010.jpg,3
image_16011.jpg,3
image_16012.jpg,3
image_16013.jpg,3
image_16014.jpg,3
image_16015.jpg,3
image_16016.jpg,3
image_16017.jpg,3
image_16018.jpg,3
image_16019.jpg,3
image_16020.jpg,3
image_16021.jpg,3
image_16022.jpg,3
image_16023.jpg,3
image_16024.jpg,3
image_16025.jpg,3
image_16026.jpg,3
image_16027.jpg,3
image_16028.jpg,3
image_16029.jpg,3
image_16030.jpg,3
image_16031.jpg,3
image_16032.jpg,3
image_16033.jpg,3
image_16034.jpg,3
image_16035.jpg,3
image_16036.jpg,3
image_16037.jpg,3
image_16038.jpg,3
image_16039.jpg,3
image_16040.jpg,3
image_16041.jpg,3
image_16042.jpg,3
image_16043.jpg,3
image_16044.jpg,3
image_16045.jpg,3
image_16046.jpg,3
image_16047.jpg,3
image_16048.jpg,3
image_16049.jpg,3
image_16050.jpg,3
image_16051.jpg,3
image_16052.jpg,3
image_16053.jpg,3
image_16054.jpg,3
image_16055.jpg,3
image_16056.jpg,3
image_16057.jpg,3
image_16058.jpg,3
image_16059.jpg,3
image_16060.jpg,3
image_16061.jpg,3
image_16062.jpg,3
image_16063.jpg,3
image_16064.jpg,3
image_16065.jpg,3
image_16066.jpg,3
image_16067.jpg,3
image_16068.jpg,3
image_16069.jpg,3
image_16070.jpg,3
image_16071.jpg,3
image_16072.jpg,3
image_16073.jpg,3
image_16074.jpg,3
image_16075.jpg,3
image_16076.jpg,3
image_16077.jpg,3
image_16078.jpg,3
image_16079.jpg,3
image_16080.jpg,3
image_16081.jpg,3
image_16082.jpg,3
image_16083.jpg,3
image_16084.jpg,3
image_16085.jpg,3
image_16086.jpg,3
image_16087.jpg,3
image_16088.jpg,3
image_16089.jpg,3
image_16090.jpg,3
image_16091.jpg,3
image_16092.jpg,3
image_16093.jpg,3
image_16094.jpg,3
image_16095.jpg,3
image_16096.jpg,3
image_16097.jpg,3
image_16098.jpg,3
image_16099.jpg,3
image_16100.jpg,3
image_16101.jpg,3
image_16102.jpg,3
image_16103.jpg,3
image_16104.jpg,3
image_16105.jpg,3
image_16106.jpg,3
image_16107.jpg,3
image_16108.jpg,3
image_16109.jpg,3
image_16110.jpg,3
image_16111.jpg,3
image_16112.jpg,3
image_16113.jpg,3
image_16114.jpg,3
image_16115.jpg,3
image_16116.jpg,3
image_16117.jpg,3
image_16118.jpg,3
image_16119.jpg,3
image_16120.jpg,3
image_16121.jpg,3
image_16122.jpg,3
image_16123.jpg,3
image_16124.jpg,3
image_16125.jpg,3
image_16126.jpg,3
image_16127.jpg,3
image_16128.jpg,3
image_16129.jpg,3
image_16130.jpg,3
image_16131.jpg,3
image_16132.jpg,3
image_16133.jpg,3
image_16134.jpg,3
image_16135.jpg,3
image_16136.jpg,3
image_16137.jpg,3
image_16138.jpg,3
image_16139.jpg,3
image_16140.jpg,3
image_16141.jpg,3
image_16142.jpg,3
image_16143.jpg,3
image_16144.jpg,3
image_16145.jpg,3
image_16146.jpg,3
image_16147.jpg,3
image_16148.jpg,3
image_16149.jpg,3
image_16150.jpg,3
image_16151.jpg,3
image_16152.jpg,3
image_16153.jpg,3
image_16154.jpg,3
image_16155.jpg,3
image_16156.jpg,3
image_16157.jpg,3
image_16158.jpg,3
image_16159.jpg,3
image_16160.jpg,3
image_16161.jpg,3
image_16162.jpg,3
image_16163.jpg,3
image_16164.jpg,3
image_16165.jpg,3
image_16166.jpg,3
image_16167.jpg,3
image_16168.jpg,3
image_16169.jpg,3
image_16170.jpg,3
image_16171.jpg,3
image_16172.jpg,3
image_16173.jpg,3
image_16174.jpg,3
image_16175.jpg,3
image_16176.jpg,3
image_16177.jpg,3
image_16178.jpg,3
image_16179.jpg,3
image_16180.jpg,3
image_16181.jpg,3
image_16182.jpg,3
image_16183.jpg,3
image_16184.jpg,3
image_16185.jpg,3
image_16186.jpg,3
image_16187.jpg,3
image_16188.jpg,3
image_16189.jpg,3
image_16190.jpg,3
image_16191.jpg,3
image_16192.jpg,3
image_16193.jpg,3
image_16194.jpg,3
image_16195.jpg,3
image_16196.jpg,3
image_16197.jpg,3
image_16198.jpg,3
image_16199.jpg,3
image_16200.jpg,3
image_16201.jpg,3
image_16202.jpg,3
image_16203.jpg,3
image_16204.jpg,3
image_16205.jpg,3
image_16206.jpg,3
image_16207.jpg,3
image_16208.jpg,3
image_16209.jpg,3
image_16210.jpg,3
image_16211.jpg,3
image_16212.jpg,3
image_16213.jpg,3
image_16214.jpg,3
image_16215.jpg,3
image_16216.jpg,3
image_16217.jpg,3
image_16218.jpg,3
image_16219.jpg,3
image_16220.jpg,3
image_16221.jpg,3
image_16222.jpg,3
image_16223.jpg,3
image_16224.jpg,3
image_16225.jpg,3
image_16226.jpg,3
image_16227.jpg,3
image_16228.jpg,3
image_16229.jpg,3
image_16230.jpg,3
image_16231.jpg,3
image_16232.jpg,3
image_16233.jpg,3
image_16234.jpg,3
image_16235.jpg,3
image_16236.jpg,3
image_16237.jpg,3
image_16238.jpg,3
image_16239.jpg,3
image_16240.jpg,3
image_16241.jpg,3
image_16242.jpg,3
image_16243.jpg,3
image_16244.jpg,3
image_16245.jpg,3
image_16246.jpg,3
image_16247.jpg,3
image_16248.jpg,3
image_16249.jpg,3
image_16250.jpg,3
image_16251.jpg,3
image_16252.jpg,3
image_16253.jpg,3
image_16254.jpg,3
image_16255.jpg,3
image_16256.jpg,3
image_16257.jpg,3
image_16258.jpg,3
image_16259.jpg,3
image_16260.jpg,3
image_16261.jpg,3
image_16262.jpg,3
image_16263.jpg,3
image_16264.jpg,3
image_16265.jpg,3
image_16266.jpg,3
image_16267.jpg,3
image_16268.jpg,3
image_16269.jpg,3
image_16270.jpg,3
image_16271.jpg,3
image_16272.jpg,3
image_16273.jpg,3
image_16274.jpg,3
image_16275.jpg,3
image_16276.jpg,3
image_16277.jpg,3
image_16278.jpg,3
image_16279.jpg,3
image_16280.jpg,3
image_16281.jpg,3
image_16282.jpg,3
image_16283.jpg,3
image_16284.jpg,3
image_16285.jpg,3
image_16286.jpg,3
image_16287.jpg,3
image_16288.jpg,3
image_16289.jpg,3
image_16290.jpg,3
image_16291.jpg,3
image_16292.jpg,3
image_16293.jpg,3
image_16294.jpg,3
image_16295.jpg,3
image_16296.jpg,3
image_16297.jpg,3
image_16298.jpg,3
image_16299.jpg,3
image_16300.jpg,3
image_16301.jpg,3
image_16302.jpg,3
image_16303.jpg,3
image_16304.jpg,3
image_16305.jpg,3
image_16306.jpg,3
image_16307.jpg,3
image_16308.jpg,3
image_16309.jpg,3
image_16310.jpg,3
image_16311.jpg,3
image_16312.jpg,3
image_16313.jpg,3
image_16314.jpg,3
image_16315.jpg,3
image_16316.jpg,3
image_16317.jpg,3
image_16318.jpg,3
image_16319.jpg,3
image_16320.jpg,3
image_16321.jpg,3
image_16322.jpg,3
image_16323.jpg,3
image_16324.jpg,3
image_16325.jpg,3
image_16326.jpg,3
image_16327.jpg,3
image_16328.jpg,3
image_16329.jpg,3
image_16330.jpg,3
image_16331.jpg,3
image_16332.jpg,3
image_16333.jpg,3
image_16334.jpg,3
image_16335.jpg,3
image_16336.jpg,3
image_16337.jpg,3
image_16338.jpg,3
image_16339.jpg,3
image_16340.jpg,3
image_16341.jpg,3
image_16342.jpg,3
image_16343.jpg,3
image_16344.jpg,3
image_16345.jpg,3
image_16346.jpg,3
image_16347.jpg,3
image_16348.jpg,3
image_16349.jpg,3
image_16350.jpg,3
image_16351.jpg,3
image_16352.jpg,3
image_16353.jpg,3
image_16354.jpg,3
image_16355.jpg,3
image_16356.jpg,3
image_16357.jpg,3
image_16358.jpg,3
image_16359.jpg,3
image_16360.jpg,3
image_16361.jpg,3
image_16362.jpg,3
image_16363.jpg,3
image_16364.jpg,3
image_16365.jpg,3
image_16366.jpg,3
image_16367.jpg,3
image_16368.jpg,3
image_16369.jpg,3
image_16370.jpg,3
image_16371.jpg,3
image_16372.jpg,3
image_16373.jpg,3
image_16374.jpg,3
image_16375.jpg,3
image_16376.jpg,3
image_16377.jpg,3
image_16378.jpg,3
image_16379.jpg,3
image_16380.jpg,3
image_16381.jpg,3
image_16382.jpg,3
image_16383.jpg,3
image_16384.jpg,3
image_16385.jpg,3
image_16386.jpg,3
image_16387.jpg,3
image_16388.jpg,3
image_16389.jpg,3
image_16390.jpg,3
image_16391.jpg,3
image_16392.jpg,3
image_16393.jpg,3
image_16394.jpg,3
image_16395.jpg,3
image_16396.jpg,3
image_16397.jpg,3
image_16398.jpg,3
image_16399.jpg,3
image_16400.jpg,3
image_16401.jpg,3
image_16402.jpg,3
image_16403.jpg,3
image_16404.jpg,3
image_16405.jpg,3
image_16406.jpg,3
image_16407.jpg,3
image_16408.jpg,3
image_16409.jpg,3
image_16410.jpg,3
image_16411.jpg,3
image_16412.jpg,3
image_16413.jpg,3
image_16414.jpg,3
image_16415.jpg,3
image_16416.jpg,3
image_16417.jpg,3
image_16418.jpg,3
image_16419.jpg,3
image_16420.jpg,3
image_16421.jpg,3
image_16422.jpg,3
image_16423.jpg,3
image_16424.jpg,3
image_16425.jpg,3
image_16426.jpg,3
image_16427.jpg,3
image_16428.jpg,3
image_16429.jpg,3
image_16430.jpg,3
image_16431.jpg,3
image_16432.jpg,3
image_16433.jpg,3
image_16434.jpg,3
image_16435.jpg,3
image_16436.jpg,3
image_16437.jpg,3
image_16438.jpg,3
image_16439.jpg,3
image_16440.jpg,3
image_16441.jpg,3
image_16442.jpg,3
image_16443.jpg,3
image_16444.jpg,3
image_16445.jpg,3
image_16446.jpg,3
image_16447.jpg,3
image_16448.jpg,3
image_16449.jpg,3
image_16450.jpg,3
image_16451.jpg,3
image_16452.jpg,3
image_16453.jpg,3
image_16454.jpg,3
image_16455.jpg,3
image_16456.jpg,3
image_16457.jpg,3
image_16458.jpg,3
image_16459.jpg,3
image_16460.jpg,3
image_16461.jpg,3
image_16462.jpg,3
image_16463.jpg,3
image_16464.jpg,3
image_16465.jpg,3
image_16466.jpg,3
image_16467.jpg,3
image_16468.jpg,3
image_16469.jpg,3
image_16470.jpg,3
image_16471.jpg,3
image_16472.jpg,3
image_16473.jpg,3
image_16474.jpg,3
image_16475.jpg,3
image_16476.jpg,3
image_16477.jpg,3
image_16478.jpg,3
image_16479.jpg,3
image_16480.jpg,3
image_16481.jpg,3
image_16482.jpg,3
image_16483.jpg,3
image_16484.jpg,3
image_16485.jpg,3
image_16486.jpg,3
image_16487.jpg,3
image_16488.jpg,3
image_16489.jpg,3
image_16490.jpg,3
image_16491.jpg,3
image_16492.jpg,3
image_16493.jpg,3
image_16494.jpg,3
image_16495.jpg,3
image_16496.jpg,3
image_16497.jpg,3
image_16498.jpg,3
image_16499.jpg,3
image_16500.jpg,3
image_16501.jpg,3
image_16502.jpg,3
image_16503.jpg,3
image_16504.jpg,3
image_16505.jpg,3
image_16506.jpg,3
image_16507.jpg,3
image_16508.jpg,3
image_16509.jpg,3
image_16510.jpg,3
image_16511.jpg,3
image_16512.jpg,3
image_16513.jpg,3
image_16514.jpg,3
image_16515.jpg,3
image_16516.jpg,3
image_16517.jpg,3
image_16518.jpg,3
image_16519.jpg,3
image_16520.jpg,3
image_16521.jpg,3
image_16522.jpg,3
image_16523.jpg,3
image_16524.jpg,3
image_16525.jpg,3
image_16526.jpg,3
image_16527.jpg,3
image_16528.jpg,3
image_16529.jpg,3
image_16530.jpg,3
image_16531.jpg,3
image_16532.jpg,3
image_16533.jpg,3
image_16534.jpg,3
image_16535.jpg,3
image_16536.jpg,3
image_16537.jpg,3
image_16538.jpg,3
image_16539.jpg,3
image_16540.jpg,3
image_16541.jpg,3
image_16542.jpg,3
image_16543.jpg,3
image_16544.jpg,3
image_16545.jpg,3
image_16546.jpg,3
image_16547.jpg,3
image_16548.jpg,3
image_16549.jpg,3
image_16550.jpg,3
image_16551.jpg,3
image_16552.jpg,3
image_16553.jpg,3
image_16554.jpg,3
image_16555.jpg,3
image_16556.jpg,3
image_16557.jpg,3
image_16558.jpg,3
image_16559.jpg,3
image_16560.jpg,3
image_16561.jpg,3
image_16562.jpg,3
image_16563.jpg,3
image_16564.jpg,3
image_16565.jpg,3
image_16566.jpg,3
image_16567.jpg,3
image_16568.jpg,3
image_16569.jpg,3
image_16570.jpg,3
image_16571.jpg,3
image_16572.jpg,3
image_16573.jpg,3
image_16574.jpg,3
image_16575.jpg,3
image_16576.jpg,3
image_16577.jpg,3
image_16578.jpg,3
image_16579.jpg,3
image_16580.jpg,3
image_16581.jpg,3
image_16582.jpg,3
image_16583.jpg,3
image_16584.jpg,3
image_16585.jpg,3
image_16586.jpg,3
image_16587.jpg,3
image_16588.jpg,3
image_16589.jpg,3
image_16590.jpg,3
image_16591.jpg,3
image_16592.jpg,3
image_16593.jpg,3
image_16594.jpg,3
image_16595.jpg,3
image_16596.jpg,3
image_16597.jpg,3
image_16598.jpg,3
image_16599.jpg,3
image_16600.jpg,3
image_16601.jpg,3
image_16602.jpg,3
image_16603.jpg,3
image_16604.jpg,3
image_16605.jpg,3
image_16606.jpg,3
image_16607.jpg,3
image_16608.jpg,3
image_16609.jpg,3
image_16610.jpg,3
image_16611.jpg,3
image_16612.jpg,3
image_16613.jpg,3
image_16614.jpg,3
image_16615.jpg,3
image_16616.jpg,3
image_16617.jpg,3
image_16618.jpg,3
image_16619.jpg,3
image_16620.jpg,3
image_16621.jpg,3
image_16622.jpg,3
image_16623.jpg,3
image_16624.jpg,3
image_16625.jpg,3
image_16626.jpg,3
image_16627.jpg,3
image_16628.jpg,3
image_16629.jpg,3
image_16630.jpg,3
image_16631.jpg,3
image_16632.jpg,3
image_16633.jpg,3
image_16634.jpg,3
image_16635.jpg,3
image_16636.jpg,3
image_16637.jpg,3
image_16638.jpg,3
image_16639.jpg,3
image_16640.jpg,3
image_16641.jpg,3
image_16642.jpg,3
image_16643.jpg,3
image_16644.jpg,3
image_16645.jpg,3
image_16646.jpg,3
image_16647.jpg,3
image_16648.jpg,3
image_16649.jpg,3
image_16650.jpg,3
image_16651.jpg,3
image_16652.jpg,3
image_16653.jpg,3
image_16654.jpg,3
image_16655.jpg,3
image_16656.jpg,3
image_16657.jpg,3
image_16658.jpg,3
image_16659.jpg,3
image_16660.jpg,3
image_16661.jpg,3
image_16662.jpg,3
image_16663.jpg,3
image_16664.jpg,3
image_16665.jpg,3
image_16666.jpg,3
image_16667.jpg,3
image_16668.jpg,3
image_16669.jpg,3
image_16670.jpg,3
image_16671.jpg,3
image_16672.jpg,3
image_16673.jpg,3
image_16674.jpg,3
image_16675.jpg,3
image_16676.jpg,3
image_16677.jpg,3
image_16678.jpg,3
image_16679.jpg,3
image_16680.jpg,3
image_16681.jpg,3
image_16682.jpg,3
image_16683.jpg,3
image_16684.jpg,3
image_16685.jpg,3
image_16686.jpg,3
image_16687.jpg,3
image_16688.jpg,3
image_16689.jpg,3
image_16690.jpg,3
image_16691.jpg,3
image_16692.jpg,3
image_16693.jpg,3
image_16694.jpg,3
image_16695.jpg,3
image_16696.jpg,3
image_16697.jpg,3
image_16698.jpg,3
image_16699.jpg,3
image_16700.jpg,3
image_16701.jpg,3
image_16702.jpg,3
image_16703.jpg,3
image_16704.jpg,3
image_16705.jpg,3
image_16706.jpg,3
image_16707.jpg,3
image_16708.jpg,3
image_16709.jpg,3
image_16710.jpg,3
image_16711.jpg,3
image_16712.jpg,3
image_16713.jpg,3
image_16714.jpg,3
image_16715.jpg,3
image_16716.jpg,3
image_16717.jpg,3
image_16718.jpg,3
image_16719.jpg,3
image_16720.jpg,3
image_16721.jpg,3
image_16722.jpg,3
image_16723.jpg,3
image_16724.jpg,3
image_16725.jpg,3
image_16726.jpg,3
image_16727.jpg,3
image_16728.jpg,3
image_16729.jpg,3
image_16730.jpg,3
image_16731.jpg,3
image_16732.jpg,3
image_16733.jpg,3
image_16734.jpg,3
image_16735.jpg,3
image_16736.jpg,3
image_16737.jpg,3
image_16738.jpg,3
image_16739.jpg,3
image_16740.jpg,3
image_16741.jpg,3
image_16742.jpg,3
image_16743.jpg,3
image_16744.jpg,3
image_16745.jpg,3
image_16746.jpg,3
image_16747.jpg,3
image_16748.jpg,3
image_16749.jpg,3
image_16750.jpg,3
image_16751.jpg,3
image_16752.jpg,3
image_16753.jpg,3
image_16754.jpg,3
image_16755.jpg,3
image_16756.jpg,3
image_16757.jpg,3
image_16758.jpg,3
image_16759.jpg,3
image_16760.jpg,3
image_16761.jpg,3
image_16762.jpg,3
image_16763.jpg,3
image_16764.jpg,3
image_16765.jpg,3
image_16766.jpg,3
image_16767.jpg,3
image_16768.jpg,3
image_16769.jpg,3
image_16770.jpg,3
image_16771.jpg,3
image_16772.jpg,3
image_16773.jpg,3
image_16774.jpg,3
image_16775.jpg,3
image_16776.jpg,3
image_16777.jpg,3
image_16778.jpg,3
image_16779.jpg,3
image_16780.jpg,3
image_16781.jpg,3
image_16782.jpg,3
image_16783.jpg,3
image_16784.jpg,3
image_16785.jpg,3
image_16786.jpg,3
image_16787.jpg,3
image_16788.jpg,3
image_16789.jpg,3
image_16790.jpg,3
image_16791.jpg,3
image_16792.jpg,3
image_16793.jpg,3
image_16794.jpg,3
image_16795.jpg,3
image_16796.jpg,3
image_16797.jpg,3
image_16798.jpg,3
image_16799.jpg,3
image_16800.jpg,3
image_16801.jpg,3
image_16802.jpg,3
image_16803.jpg,3
image_16804.jpg,3
image_16805.jpg,3
image_16806.jpg,3
image_16807.jpg,3
image_16808.jpg,3
image_16809.jpg,3
image_16810.jpg,3
image_16811.jpg,3
image_16812.jpg,3
image_16813.jpg,3
image_16814.jpg,3
image_16815.jpg,3
image_16816.jpg,3
image_16817.jpg,3
image_16818.jpg,3
image_16819.jpg,3
image_16820.jpg,3
image_16821.jpg,3
image_16822.jpg,3
image_16823.jpg,3
image_16824.jpg,3
image_16825.jpg,3
image_16826.jpg,3
image_16827.jpg,3
image_16828.jpg,3
image_16829.jpg,3
image_16830.jpg,3
image_16831.jpg,3
image_16832.jpg,3
image_16833.jpg,3
image_16834.jpg,3
image_16835.jpg,3
image_16836.jpg,3
image_16837.jpg,3
image_16838.jpg,3
image_16839.jpg,3
image_16840.jpg,3
image_16841.jpg,3
image_16842.jpg,3
image_16843.jpg,3
image_16844.jpg,3
image_16845.jpg,3
image_16846.jpg,3
image_16847.jpg,3
image_16848.jpg,3
image_16849.jpg,3
image_16850.jpg,3
image_16851.jpg,3
image_16852.jpg,3
image_16853.jpg,3
image_16854.jpg,3
image_16855.jpg,3
image_16856.jpg,3
image_16857.jpg,3
image_16858.jpg,3
image_16859.jpg,3
image_16860.jpg,3
image_16861.jpg,3
image_16862.jpg,3
image_16863.jpg,3
image_16864.jpg,3
image_16865.jpg,3
image_16866.jpg,3
image_16867.jpg,3
image_16868.jpg,3
image_16869.jpg,3
image_16870.jpg,3
image_16871.jpg,3
image_16872.jpg,3
image_16873.jpg,3
image_16874.jpg,3
image_16875.jpg,3
image_16876.jpg,3
image_16877.jpg,3
image_16878.jpg,3
image_16879.jpg,3
image_16880.jpg,3
image_16881.jpg,3
image_16882.jpg,3
image_16883.jpg,3
image_16884.jpg,3
image_16885.jpg,3
image_16886.jpg,3
image_16887.jpg,3
image_16888.jpg,3
image_16889.jpg,3
image_16890.jpg,3
image_16891.jpg,3
image_16892.jpg,3
image_16893.jpg,3
image_16894.jpg,3
image_16895.jpg,3
image_16896.jpg,3
image_16897.jpg,3
image_16898.jpg,3
image_16899.jpg,3
image_16900.jpg,3
image_16901.jpg,3
image_16902.jpg,3
image_16903.jpg,3
image_16904.jpg,3
image_16905.jpg,3
image_16906.jpg,3
image_16907.jpg,3
image_16908.jpg,3
image_16909.jpg,3
image_16910.jpg,3
image_16911.jpg,3
image_16912.jpg,3
image_16913.jpg,3
image_16914.jpg,3
image_16915.jpg,3
image_16916.jpg,3
image_16917.jpg,3
image_16918.jpg,3
image_16919.jpg,3
image_16920.jpg,3
image_16921.jpg,3
image_16922.jpg,3
image_16923.jpg,3
image_16924.jpg,3
image_16925.jpg,3
image_16926.jpg,3
image_16927.jpg,3
image_16928.jpg,3
image_16929.jpg,3
image_16930.jpg,3
image_16931.jpg,3
image_16932.jpg,3
image_16933.jpg,3
image_16934.jpg,3
image_16935.jpg,3
image_16936.jpg,3
image_16937.jpg,3
image_16938.jpg,3
image_16939.jpg,3
image_16940.jpg,3
image_16941.jpg,3
image_16942.jpg,3
image_16943.jpg,3
image_16944.jpg,3
image_16945.jpg,3
image_16946.jpg,3
image_16947.jpg,3
image_16948.jpg,3
image_16949.jpg,3
image_16950.jpg,3
image_16951.jpg,3
image_16952.jpg,3
image_16953.jpg,3
image_16954.jpg,3
image_16955.jpg,3
image_16956.jpg,3
image_16957.jpg,3
image_16958.jpg,3
image_16959.jpg,3
image_16960.jpg,3
image_16961.jpg,3
image_16962.jpg,3
image_16963.jpg,3
image_16964.jpg,3
image_16965.jpg,3
image_16966.jpg,3
image_16967.jpg,3
image_16968.jpg,3
image_16969.jpg,3
image_16970.jpg,3
image_16971.jpg,3
image_16972.jpg,3
image_16973.jpg,3
image_16974.jpg,3
image_16975.jpg,3
image_16976.jpg,3
image_16977.jpg,3
image_16978.jpg,3
image_16979.jpg,3
image_16980.jpg,3
image_16981.jpg,3
image_16982.jpg,3
image_16983.jpg,3
image_16984.jpg,3
image_16985.jpg,3
image_16986.jpg,3
image_16987.jpg,3
image_16988.jpg,3
image_16989.jpg,3
image_16990.jpg,3
image_16991.jpg,3
image_16992.jpg,3
image_16993.jpg,3
image_16994.jpg,3
image_16995.jpg,3
image_16996.jpg,3
image_16997.jpg,3
image_16998.jpg,3
image_16999.jpg,3
image_17000.jpg,3
image_17001.jpg,4
image_17002.jpg,4
image_17003.jpg,4
image_17004.jpg,4
image_17005.jpg,4
image_17006.jpg,4
image_17007.jpg,4
image_17008.jpg,4
image_17009.jpg,4
image_17010.jpg,4
image_17011.jpg,4
image_17012.jpg,4
image_17013.jpg,4
image_17014.jpg,4
image_17015.jpg,4
image_17016.jpg,4
image_17017.jpg,4
image_17018.jpg,4
image_17019.jpg,4
image_17020.jpg,4
image_17021.jpg,4
image_17022.jpg,4
image_17023.jpg,4
image_17024.jpg,4
image_17025.jpg,4
image_17026.jpg,4
image_17027.jpg,4
image_17028.jpg,4
image_17029.jpg,4
image_17030.jpg,4
image_17031.jpg,4
image_17032.jpg,4
image_17033.jpg,4
image_17034.jpg,4
image_17035.jpg,4
image_17036.jpg,4
image_17037.jpg,4
image_17038.jpg,4
image_17039.jpg,4
image_17040.jpg,4
image_17041.jpg,4
image_17042.jpg,4
image_17043.jpg,4
image_17044.jpg,4
image_17045.jpg,4
image_17046.jpg,4
image_17047.jpg,4
image_17048.jpg,4
image_17049.jpg,4
image_17050.jpg,4
image_17051.jpg,4
image_17052.jpg,4
image_17053.jpg,4
image_17054.jpg,4
image_17055.jpg,4
image_17056.jpg,4
image_17057.jpg,4
image_17058.jpg,4
image_17059.jpg,4
image_17060.jpg,4
image_17061.jpg,4
image_17062.jpg,4
image_17063.jpg,4
image_17064.jpg,4
image_17065.jpg,4
image_17066.jpg,4
image_17067.jpg,4
image_17068.jpg,4
image_17069.jpg,4
image_17070.jpg,4
image_17071.jpg,4
image_17072.jpg,4
image_17073.jpg,4
image_17074.jpg,4
image_17075.jpg,4
image_17076.jpg,4
image_17077.jpg,4
image_17078.jpg,4
image_17079.jpg,4
image_17080.jpg,4
image_17081.jpg,4
image_17082.jpg,4
image_17083.jpg,4
image_17084.jpg,4
image_17085.jpg,4
image_17086.jpg,4
image_17087.jpg,4
image_17088.jpg,4
image_17089.jpg,4
image_17090.jpg,4
image_17091.jpg,4
image_17092.jpg,4
image_17093.jpg,4
image_17094.jpg,4
image_17095.jpg,4
image_17096.jpg,4
image_17097.jpg,4
image_17098.jpg,4
image_17099.jpg,4
image_17100.jpg,4
image_17101.jpg,4
image_17102.jpg,4
image_17103.jpg,4
image_17104.jpg,4
image_17105.jpg,4
image_17106.jpg,4
image_17107.jpg,4
image_17108.jpg,4
image_17109.jpg,4
image_17110.jpg,4
image_17111.jpg,4
image_17112.jpg,4
image_17113.jpg,4
image_17114.jpg,4
image_17115.jpg,4
image_17116.jpg,4
image_17117.jpg,4
image_17118.jpg,4
image_17119.jpg,4
image_17120.jpg,4
image_17121.jpg,4
image_17122.jpg,4
image_17123.jpg,4
image_17124.jpg,4
image_17125.jpg,4
image_17126.jpg,4
image_17127.jpg,4
image_17128.jpg,4
image_17129.jpg,4
image_17130.jpg,4
image_17131.jpg,4
image_17132.jpg,4
image_17133.jpg,4
image_17134.jpg,4
image_17135.jpg,4
image_17136.jpg,4
image_17137.jpg,4
image_17138.jpg,4
image_17139.jpg,4
image_17140.jpg,4
image_17141.jpg,4
image_17142.jpg,4
image_17143.jpg,4
image_17144.jpg,4
image_17145.jpg,4
image_17146.jpg,4
image_17147.jpg,4
image_17148.jpg,4
image_17149.jpg,4
image_17150.jpg,4
image_17151.jpg,4
image_17152.jpg,4
image_17153.jpg,4
image_17154.jpg,4
image_17155.jpg,4
image_17156.jpg,4
image_17157.jpg,4
image_17158.jpg,4
image_17159.jpg,4
image_17160.jpg,4
image_17161.jpg,4
image_17162.jpg,4
image_17163.jpg,4
image_17164.jpg,4
image_17165.jpg,4
image_17166.jpg,4
image_17167.jpg,4
image_17168.jpg,4
image_17169.jpg,4
image_17170.jpg,4
image_17171.jpg,4
image_17172.jpg,4
image_17173.jpg,4
image_17174.jpg,4
image_17175.jpg,4
image_17176.jpg,4
image_17177.jpg,4
image_17178.jpg,4
image_17179.jpg,4
image_17180.jpg,4
image_17181.jpg,4
image_17182.jpg,4
image_17183.jpg,4
image_17184.jpg,4
image_17185.jpg,4
image_17186.jpg,4
image_17187.jpg,4
image_17188.jpg,4
image_17189.jpg,4
image_17190.jpg,4
image_17191.jpg,4
image_17192.jpg,4
image_17193.jpg,4
image_17194.jpg,4
image_17195.jpg,4
image_17196.jpg,4
image_17197.jpg,4
image_17198.jpg,4
image_17199.jpg,4
image_17200.jpg,4
image_17201.jpg,4
image_17202.jpg,4
image_17203.jpg,4
image_17204.jpg,4
image_17205.jpg,4
image_17206.jpg,4
image_17207.jpg,4
image_17208.jpg,4
image_17209.jpg,4
image_17210.jpg,4
image_17211.jpg,4
image_17212.jpg,4
image_17213.jpg,4
image_17214.jpg,4
image_17215.jpg,4
image_17216.jpg,4
image_17217.jpg,4
image_17218.jpg,4
image_17219.jpg,4
image_17220.jpg,4
image_17221.jpg,4
image_17222.jpg,4
image_17223.jpg,4
image_17224.jpg,4
image_17225.jpg,4
image_17226.jpg,4
image_17227.jpg,4
image_17228.jpg,4
image_17229.jpg,4
image_17230.jpg,4
image_17231.jpg,4
image_17232.jpg,4
image_17233.jpg,4
image_17234.jpg,4
image_17235.jpg,4
image_17236.jpg,4
image_17237.jpg,4
image_17238.jpg,4
image_17239.jpg,4
image_17240.jpg,4
image_17241.jpg,4
image_17242.jpg,4
image_17243.jpg,4
image_17244.jpg,4
image_17245.jpg,4
image_17246.jpg,4
image_17247.jpg,4
image_17248.jpg,4
image_17249.jpg,4
image_17250.jpg,4
image_17251.jpg,4
image_17252.jpg,4
image_17253.jpg,4
image_17254.jpg,4
image_17255.jpg,4
image_17256.jpg,4
image_17257.jpg,4
image_17258.jpg,4
image_17259.jpg,4
image_17260.jpg,4
image_17261.jpg,4
image_17262.jpg,4
image_17263.jpg,4
image_17264.jpg,4
image_17265.jpg,4
image_17266.jpg,4
image_17267.jpg,4
image_17268.jpg,4
image_17269.jpg,4
image_17270.jpg,4
image_17271.jpg,4
image_17272.jpg,4
image_17273.jpg,4
image_17274.jpg,4
image_17275.jpg,4
image_17276.jpg,4
image_17277.jpg,4
image_17278.jpg,4
image_17279.jpg,4
image_17280.jpg,4
image_17281.jpg,4
image_17282.jpg,4
image_17283.jpg,4
image_17284.jpg,4
image_17285.jpg,4
image_17286.jpg,4
image_17287.jpg,4
image_17288.jpg,4
image_17289.jpg,4
image_17290.jpg,4
image_17291.jpg,4
image_17292.jpg,4
image_17293.jpg,4
image_17294.jpg,4
image_17295.jpg,4
image_17296.jpg,4
image_17297.jpg,4
image_17298.jpg,4
image_17299.jpg,4
image_17300.jpg,4
image_17301.jpg,4
image_17302.jpg,4
image_17303.jpg,4
image_17304.jpg,4
image_17305.jpg,4
image_17306.jpg,4
image_17307.jpg,4
image_17308.jpg,4
image_17309.jpg,4
image_17310.jpg,4
image_17311.jpg,4
image_17312.jpg,4
image_17313.jpg,4
image_17314.jpg,4
image_17315.jpg,4
image_17316.jpg,4
image_17317.jpg,4
image_17318.jpg,4
image_17319.jpg,4
image_17320.jpg,4
image_17321.jpg,4
image_17322.jpg,4
image_17323.jpg,4
image_17324.jpg,4
image_17325.jpg,4
image_17326.jpg,4
image_17327.jpg,4
image_17328.jpg,4
image_17329.jpg,4
image_17330.jpg,4
image_17331.jpg,4
image_17332.jpg,4
image_17333.jpg,4
image_17334.jpg,4
image_17335.jpg,4
image_17336.jpg,4
image_17337.jpg,4
image_17338.jpg,4
image_17339.jpg,4
image_17340.jpg,4
image_17341.jpg,4
image_17342.jpg,4
image_17343.jpg,4
image_17344.jpg,4
image_17345.jpg,4
image_17346.jpg,4
image_17347.jpg,4
image_17348.jpg,4
image_17349.jpg,4
image_17350.jpg,4
image_17351.jpg,4
image_17352.jpg,4
image_17353.jpg,4
image_17354.jpg,4
image_17355.jpg,4
image_17356.jpg,4
image_17357.jpg,4
image_17358.jpg,4
image_17359.jpg,4
image_17360.jpg,4
image_17361.jpg,4
image_17362.jpg,4
image_17363.jpg,4
image_17364.jpg,4
image_17365.jpg,4
image_17366.jpg,4
image_17367.jpg,4
image_17368.jpg,4
image_17369.jpg,4
image_17370.jpg,4
image_17371.jpg,4
image_17372.jpg,4
image_17373.jpg,4
image_17374.jpg,4
image_17375.jpg,4
image_17376.jpg,4
image_17377.jpg,4
image_17378.jpg,4
image_17379.jpg,4
image_17380.jpg,4
image_17381.jpg,4
image_17382.jpg,4
image_17383.jpg,4
image_17384.jpg,4
image_17385.jpg,4
image_17386.jpg,4
image_17387.jpg,4
image_17388.jpg,4
image_17389.jpg,4
image_17390.jpg,4
image_17391.jpg,4
image_17392.jpg,4
image_17393.jpg,4
image_17394.jpg,4
image_17395.jpg,4
image_17396.jpg,4
image_17397.jpg,4
image_17398.jpg,4
image_17399.jpg,4
image_17400.jpg,4
image_17401.jpg,4
image_17402.jpg,4
image_17403.jpg,4
image_17404.jpg,4
image_17405.jpg,4
image_17406.jpg,4
image_17407.jpg,4
image_17408.jpg,4
image_17409.jpg,4
image_17410.jpg,4
image_17411.jpg,4
image_17412.jpg,4
image_17413.jpg,4
image_17414.jpg,4
image_17415.jpg,4
image_17416.jpg,4
image_17417.jpg,4
image_17418.jpg,4
image_17419.jpg,4
image_17420.jpg,4
image_17421.jpg,4
image_17422.jpg,4
image_17423.jpg,4
image_17424.jpg,4
image_17425.jpg,4
image_17426.jpg,4
image_17427.jpg,4
image_17428.jpg,4
image_17429.jpg,4
image_17430.jpg,4
image_17431.jpg,4
image_17432.jpg,4
image_17433.jpg,4
image_17434.jpg,4
image_17435.jpg,4
image_17436.jpg,4
image_17437.jpg,4
image_17438.jpg,4
image_17439.jpg,4
image_17440.jpg,4
image_17441.jpg,4
image_17442.jpg,4
image_17443.jpg,4
image_17444.jpg,4
image_17445.jpg,4
image_17446.jpg,4
image_17447.jpg,4
image_17448.jpg,4
image_17449.jpg,4
image_17450.jpg,4
image_17451.jpg,4
image_17452.jpg,4
image_17453.jpg,4
image_17454.jpg,4
image_17455.jpg,4
image_17456.jpg,4
image_17457.jpg,4
image_17458.jpg,4
image_17459.jpg,4
image_17460.jpg,4
image_17461.jpg,4
image_17462.jpg,4
image_17463.jpg,4
image_17464.jpg,4
image_17465.jpg,4
image_17466.jpg,4
image_17467.jpg,4
image_17468.jpg,4
image_17469.jpg,4
image_17470.jpg,4
image_17471.jpg,4
image_17472.jpg,4
image_17473.jpg,4
image_17474.jpg,4
image_17475.jpg,4
image_17476.jpg,4
image_17477.jpg,4
image_17478.jpg,4
image_17479.jpg,4
image_17480.jpg,4
image_17481.jpg,4
image_17482.jpg,4
image_17483.jpg,4
image_17484.jpg,4
image_17485.jpg,4
image_17486.jpg,4
image_17487.jpg,4
image_17488.jpg,4
image_17489.jpg,4
image_17490.jpg,4
image_17491.jpg,4
image_17492.jpg,4
image_17493.jpg,4
image_17494.jpg,4
image_17495.jpg,4
image_17496.jpg,4
image_17497.jpg,4
image_17498.jpg,4
image_17499.jpg,4
image_17500.jpg,4
image_17501.jpg,4
image_17502.jpg,4
image_17503.jpg,4
image_17504.jpg,4
image_17505.jpg,4
image_17506.jpg,4
image_17507.jpg,4
image_17508.jpg,4
image_17509.jpg,4
image_17510.jpg,4
image_17511.jpg,4
image_17512.jpg,4
image_17513.jpg,4
image_17514.jpg,4
image_17515.jpg,4
image_17516.jpg,4
image_17517.jpg,4
image_17518.jpg,4
image_17519.jpg,4
image_17520.jpg,4
image_17521.jpg,4
image_17522.jpg,4
image_17523.jpg,4
image_17524.jpg,4
image_17525.jpg,4
image_17526.jpg,4
image_17527.jpg,4
image_17528.jpg,4
image_17529.jpg,4
image_17530.jpg,4
image_17531.jpg,4
image_17532.jpg,4
image_17533.jpg,4
image_17534.jpg,4
image_17535.jpg,4
image_17536.jpg,4
image_17537.jpg,4
image_17538.jpg,4
image_17539.jpg,4
image_17540.jpg,4
image_17541.jpg,4
image_17542.jpg,4
image_17543.jpg,4
image_17544.jpg,4
image_17545.jpg,4
image_17546.jpg,4
image_17547.jpg,4
image_17548.jpg,4
image_17549.jpg,4
image_17550.jpg,4
image_17551.jpg,4
image_17552.jpg,4
image_17553.jpg,4
image_17554.jpg,4
image_17555.jpg,4
image_17556.jpg,4
image_17557.jpg,4
image_17558.jpg,4
image_17559.jpg,4
image_17560.jpg,4
image_17561.jpg,4
image_17562.jpg,4
image_17563.jpg,4
image_17564.jpg,4
image_17565.jpg,4
image_17566.jpg,4
image_17567.jpg,4
image_17568.jpg,4
image_17569.jpg,4
image_17570.jpg,4
image_17571.jpg,4
image_17572.jpg,4
image_17573.jpg,4
image_17574.jpg,4
image_17575.jpg,4
image_17576.jpg,4
image_17577.jpg,4
image_17578.jpg,4
image_17579.jpg,4
image_17580.jpg,4
image_17581.jpg,4
image_17582.jpg,4
image_17583.jpg,4
image_17584.jpg,4
image_17585.jpg,4
image_17586.jpg,4
image_17587.jpg,4
image_17588.jpg,4
image_17589.jpg,4
image_17590.jpg,4
image_17591.jpg,4
image_17592.jpg,4
image_17593.jpg,4
image_17594.jpg,4
image_17595.jpg,4
image_17596.jpg,4
image_17597.jpg,4
image_17598.jpg,4
image_17599.jpg,4
image_17600.jpg,4
image_17601.jpg,4
image_17602.jpg,4
image_17603.jpg,4
image_17604.jpg,4
image_17605.jpg,4
image_17606.jpg,4
image_17607.jpg,4
image_17608.jpg,4
image_17609.jpg,4
image_17610.jpg,4
image_17611.jpg,4
image_17612.jpg,4
image_17613.jpg,4
image_17614.jpg,4
image_17615.jpg,4
image_17616.jpg,4
image_17617.jpg,4
image_17618.jpg,4
image_17619.jpg,4
image_17620.jpg,4
image_17621.jpg,4
image_17622.jpg,4
image_17623.jpg,4
image_17624.jpg,4
image_17625.jpg,4
image_17626.jpg,4
image_17627.jpg,4
image_17628.jpg,4
image_17629.jpg,4
image_17630.jpg,4
image_17631.jpg,4
image_17632.jpg,4
image_17633.jpg,4
image_17634.jpg,4
image_17635.jpg,4
image_17636.jpg,4
image_17637.jpg,4
image_17638.jpg,4
image_17639.jpg,4
image_17640.jpg,4
image_17641.jpg,4
image_17642.jpg,4
image_17643.jpg,4
image_17644.jpg,4
image_17645.jpg,4
image_17646.jpg,4
image_17647.jpg,4
image_17648.jpg,4
image_17649.jpg,4
image_17650.jpg,4
image_17651.jpg,4
image_17652.jpg,4
image_17653.jpg,4
image_17654.jpg,4
image_17655.jpg,4
image_17656.jpg,4
image_17657.jpg,4
image_17658.jpg,4
image_17659.jpg,4
image_17660.jpg,4
image_17661.jpg,4
image_17662.jpg,4
image_17663.jpg,4
image_17664.jpg,4
image_17665.jpg,4
image_17666.jpg,4
image_17667.jpg,4
image_17668.jpg,4
image_17669.jpg,4
image_17670.jpg,4
image_17671.jpg,4
image_17672.jpg,4
image_17673.jpg,4
image_17674.jpg,4
image_17675.jpg,4
image_17676.jpg,4
image_17677.jpg,4
image_17678.jpg,4
image_17679.jpg,4
image_17680.jpg,4
image_17681.jpg,4
image_17682.jpg,4
image_17683.jpg,4
image_17684.jpg,4
image_17685.jpg,4
image_17686.jpg,4
image_17687.jpg,4
image_17688.jpg,4
image_17689.jpg,4
image_17690.jpg,4
image_17691.jpg,4
image_17692.jpg,4
image_17693.jpg,4
image_17694.jpg,4
image_17695.jpg,4
image_17696.jpg,4
image_17697.jpg,4
image_17698.jpg,4
image_17699.jpg,4
image_17700.jpg,4
image_17701.jpg,4
image_17702.jpg,4
image_17703.jpg,4
image_17704.jpg,4
image_17705.jpg,4
image_17706.jpg,4
image_17707.jpg,4
image_17708.jpg,4
image_17709.jpg,4
image_17710.jpg,4
image_17711.jpg,4
image_17712.jpg,4
image_17713.jpg,4
image_17714.jpg,4
image_17715.jpg,4
image_17716.jpg,4
image_17717.jpg,4
image_17718.jpg,4
image_17719.jpg,4
image_17720.jpg,4
image_17721.jpg,4
image_17722.jpg,4
image_17723.jpg,4
image_17724.jpg,4
image_17725.jpg,4
image_17726.jpg,4
image_17727.jpg,4
image_17728.jpg,4
image_17729.jpg,4
image_17730.jpg,4
image_17731.jpg,4
image_17732.jpg,4
image_17733.jpg,4
image_17734.jpg,4
image_17735.jpg,4
image_17736.jpg,4
image_17737.jpg,4
image_17738.jpg,4
image_17739.jpg,4
image_17740.jpg,4
image_17741.jpg,4
image_17742.jpg,4
image_17743.jpg,4
image_17744.jpg,4
image_17745.jpg,4
image_17746.jpg,4
image_17747.jpg,4
image_17748.jpg,4
image_17749.jpg,4
image_17750.jpg,4
image_17751.jpg,4
image_17752.jpg,4
image_17753.jpg,4
image_17754.jpg,4
image_17755.jpg,4
image_17756.jpg,4
image_17757.jpg,4
image_17758.jpg,4
image_17759.jpg,4
image_17760.jpg,4
image_17761.jpg,4
image_17762.jpg,4
image_17763.jpg,4
image_17764.jpg,4
image_17765.jpg,4
image_17766.jpg,4
image_17767.jpg,4
image_17768.jpg,4
image_17769.jpg,4
image_17770.jpg,4
image_17771.jpg,4
image_17772.jpg,4
image_17773.jpg,4
image_17774.jpg,4
image_17775.jpg,4
image_17776.jpg,4
image_17777.jpg,4
image_17778.jpg,4
image_17779.jpg,4
image_17780.jpg,4
image_17781.jpg,4
image_17782.jpg,4
image_17783.jpg,4
image_17784.jpg,4
image_17785.jpg,4
image_17786.jpg,4
image_17787.jpg,4
image_17788.jpg,4
image_17789.jpg,4
image_17790.jpg,4
image_17791.jpg,4
image_17792.jpg,4
image_17793.jpg,4
image_17794.jpg,4
image_17795.jpg,4
image_17796.jpg,4
image_17797.jpg,4
image_17798.jpg,4
image_17799.jpg,4
image_17800.jpg,4
image_17801.jpg,4
image_17802.jpg,4
image_17803.jpg,4
image_17804.jpg,4
image_17805.jpg,4
image_17806.jpg,4
image_17807.jpg,4
image_17808.jpg,4
image_17809.jpg,4
image_17810.jpg,4
image_17811.jpg,4
image_17812.jpg,4
image_17813.jpg,4
image_17814.jpg,4
image_17815.jpg,4
image_17816.jpg,4
image_17817.jpg,4
image_17818.jpg,4
image_17819.jpg,4
image_17820.jpg,4
image_17821.jpg,4
image_17822.jpg,4
image_17823.jpg,4
image_17824.jpg,4
image_17825.jpg,4
image_17826.jpg,4
image_17827.jpg,4
image_17828.jpg,4
image_17829.jpg,4
image_17830.jpg,4
image_17831.jpg,4
image_17832.jpg,4
image_17833.jpg,4
image_17834.jpg,4
image_17835.jpg,4
image_17836.jpg,4
image_17837.jpg,4
image_17838.jpg,4
image_17839.jpg,4
image_17840.jpg,4
image_17841.jpg,4
image_17842.jpg,4
image_17843.jpg,4
image_17844.jpg,4
image_17845.jpg,4
image_17846.jpg,4
image_17847.jpg,4
image_17848.jpg,4
image_17849.jpg,4
image_17850.jpg,4
image_17851.jpg,4
image_17852.jpg,4
image_17853.jpg,4
image_17854.jpg,4
image_17855.jpg,4
image_17856.jpg,4
image_17857.jpg,4
image_17858.jpg,4
image_17859.jpg,4
image_17860.jpg,4
image_17861.jpg,4
image_17862.jpg,4
image_17863.jpg,4
image_17864.jpg,4
image_17865.jpg,4
image_17866.jpg,4
image_17867.jpg,4
image_17868.jpg,4
image_17869.jpg,4
image_17870.jpg,4
image_17871.jpg,4
image_17872.jpg,4
image_17873.jpg,4
image_17874.jpg,4
image_17875.jpg,4
image_17876.jpg,4
image_17877.jpg,4
image_17878.jpg,4
image_17879.jpg,4
image_17880.jpg,4
image_17881.jpg,4
image_17882.jpg,4
image_17883.jpg,4
image_17884.jpg,4
image_17885.jpg,4
image_17886.jpg,4
image_17887.jpg,4
image_17888.jpg,4
image_17889.jpg,4
image_17890.jpg,4
image_17891.jpg,4
image_17892.jpg,4
image_17893.jpg,4
image_17894.jpg,4
image_17895.jpg,4
image_17896.jpg,4
image_17897.jpg,4
image_17898.jpg,4
image_17899.jpg,4
image_17900.jpg,4
image_17901.jpg,4
image_17902.jpg,4
image_17903.jpg,4
image_17904.jpg,4
image_17905.jpg,4
image_17906.jpg,4
image_17907.jpg,4
image_17908.jpg,4
image_17909.jpg,4
image_17910.jpg,4
image_17911.jpg,4
image_17912.jpg,4
image_17913.jpg,4
image_17914.jpg,4
image_17915.jpg,4
image_17916.jpg,4
image_17917.jpg,4
image_17918.jpg,4
image_17919.jpg,4
image_17920.jpg,4
image_17921.jpg,4
image_17922.jpg,4
image_17923.jpg,4
image_17924.jpg,4
image_17925.jpg,4
image_17926.jpg,4
image_17927.jpg,4
image_17928.jpg,4
image_17929.jpg,4
image_17930.jpg,4
image_17931.jpg,4
image_17932.jpg,4
image_17933.jpg,4
image_17934.jpg,4
image_17935.jpg,4
image_17936.jpg,4
image_17937.jpg,4
image_17938.jpg,4
image_17939.jpg,4
image_17940.jpg,4
image_17941.jpg,4
image_17942.jpg,4
image_17943.jpg,4
image_17944.jpg,4
image_17945.jpg,4
image_17946.jpg,4
image_17947.jpg,4
image_17948.jpg,4
image_17949.jpg,4
image_17950.jpg,4
image_17951.jpg,4
image_17952.jpg,4
image_17953.jpg,4
image_17954.jpg,4
image_17955.jpg,4
image_17956.jpg,4
image_17957.jpg,4
image_17958.jpg,4
image_17959.jpg,4
image_17960.jpg,4
image_17961.jpg,4
image_17962.jpg,4
image_17963.jpg,4
image_17964.jpg,4
image_17965.jpg,4
image_17966.jpg,4
image_17967.jpg,4
image_17968.jpg,4
image_17969.jpg,4
image_17970.jpg,4
image_17971.jpg,4
image_17972.jpg,4
image_17973.jpg,4
image_17974.jpg,4
image_17975.jpg,4
image_17976.jpg,4
image_17977.jpg,4
image_17978.jpg,4
image_17979.jpg,4
image_17980.jpg,4
image_17981.jpg,4
image_17982.jpg,4
image_17983.jpg,4
image_17984.jpg,4
image_17985.jpg,4
image_17986.jpg,4
image_17987.jpg,4
image_17988.jpg,4
image_17989.jpg,4
image_17990.jpg,4
image_17991.jpg,4
image_17992.jpg,4
image_17993.jpg,4
image_17994.jpg,4
image_17995.jpg,4
image_17996.jpg,4
image_17997.jpg,4
image_17998.jpg,4
image_17999.jpg,4
image_18000.jpg,4
image_18001.jpg,4
image_18002.jpg,4
image_18003.jpg,4
image_18004.jpg,4
image_18005.jpg,4
image_18006.jpg,4
image_18007.jpg,4
image_18008.jpg,4
image_18009.jpg,4
image_18010.jpg,4
image_18011.jpg,4
image_18012.jpg,4
image_18013.jpg,4
image_18014.jpg,4
image_18015.jpg,4
image_18016.jpg,4
image_18017.jpg,4
image_18018.jpg,4
image_18019.jpg,4
image_18020.jpg,4
image_18021.jpg,4
image_18022.jpg,4
image_18023.jpg,4
image_18024.jpg,4
image_18025.jpg,4
image_18026.jpg,4
image_18027.jpg,4
image_18028.jpg,4
image_18029.jpg,4
image_18030.jpg,4
image_18031.jpg,4
image_18032.jpg,4
image_18033.jpg,4
image_18034.jpg,4
image_18035.jpg,4
image_18036.jpg,4
image_18037.jpg,4
image_18038.jpg,4
image_18039.jpg,4
image_18040.jpg,4
image_18041.jpg,4
image_18042.jpg,4
image_18043.jpg,4
image_18044.jpg,4
image_18045.jpg,4
image_18046.jpg,4
image_18047.jpg,4
image_18048.jpg,4
image_18049.jpg,4
image_18050.jpg,4
image_18051.jpg,4
image_18052.jpg,4
image_18053.jpg,4
image_18054.jpg,4
image_18055.jpg,4
image_18056.jpg,4
image_18057.jpg,4
image_18058.jpg,4
image_18059.jpg,4
image_18060.jpg,4
image_18061.jpg,4
image_18062.jpg,4
image_18063.jpg,4
image_18064.jpg,4
image_18065.jpg,4
image_18066.jpg,4
image_18067.jpg,4
image_18068.jpg,4
image_18069.jpg,4
image_18070.jpg,4
image_18071.jpg,4
image_18072.jpg,4
image_18073.jpg,4
image_18074.jpg,4
image_18075.jpg,4
image_18076.jpg,4
image_18077.jpg,4
image_18078.jpg,4
image_18079.jpg,4
image_18080.jpg,4
image_18081.jpg,4
image_18082.jpg,4
image_18083.jpg,4
image_18084.jpg,4
image_18085.jpg,4
image_18086.jpg,4
image_18087.jpg,4
image_18088.jpg,4
image_18089.jpg,4
image_18090.jpg,4
image_18091.jpg,4
image_18092.jpg,4
image_18093.jpg,4
image_18094.jpg,4
image_18095.jpg,4
image_18096.jpg,4
image_18097.jpg,4
image_18098.jpg,4
image_18099.jpg,4
image_18100.jpg,4
image_18101.jpg,4
image_18102.jpg,4
image_18103.jpg,4
image_18104.jpg,4
image_18105.jpg,4
image_18106.jpg,4
image_18107.jpg,4
image_18108.jpg,4
image_18109.jpg,4
image_18110.jpg,4
image_18111.jpg,4
image_18112.jpg,4
image_18113.jpg,4
image_18114.jpg,4
image_18115.jpg,4
image_18116.jpg,4
image_18117.jpg,4
image_18118.jpg,4
image_18119.jpg,4
image_18120.jpg,4
image_18121.jpg,4
image_18122.jpg,4
image_18123.jpg,4
image_18124.jpg,4
image_18125.jpg,4
image_18126.jpg,4
image_18127.jpg,4
image_18128.jpg,4
image_18129.jpg,4
image_18130.jpg,4
image_18131.jpg,4
image_18132.jpg,4
image_18133.jpg,4
image_18134.jpg,4
image_18135.jpg,4
image_18136.jpg,4
image_18137.jpg,4
image_18138.jpg,4
image_18139.jpg,4
image_18140.jpg,4
image_18141.jpg,4
image_18142.jpg,4
image_18143.jpg,4
image_18144.jpg,4
image_18145.jpg,4
image_18146.jpg,4
image_18147.jpg,4
image_18148.jpg,4
image_18149.jpg,4
image_18150.jpg,4
image_18151.jpg,4
image_18152.jpg,4
image_18153.jpg,4
image_18154.jpg,4
image_18155.jpg,4
image_18156.jpg,4
image_18157.jpg,4
image_18158.jpg,4
image_18159.jpg,4
image_18160.jpg,4
image_18161.jpg,4
image_18162.jpg,4
image_18163.jpg,4
image_18164.jpg,4
image_18165.jpg,4
image_18166.jpg,4
image_18167.jpg,4
image_18168.jpg,4
image_18169.jpg,4
image_18170.jpg,4
image_18171.jpg,4
image_18172.jpg,4
image_18173.jpg,4
image_18174.jpg,4
image_18175.jpg,4
image_18176.jpg,4
image_18177.jpg,4
image_18178.jpg,4
image_18179.jpg,4
image_18180.jpg,4
image_18181.jpg,4
image_18182.jpg,4
image_18183.jpg,4
image_18184.jpg,4
image_18185.jpg,4
image_18186.jpg,4
image_18187.jpg,4
image_18188.jpg,4
image_18189.jpg,4
image_18190.jpg,4
image_18191.jpg,4
image_18192.jpg,4
image_18193.jpg,4
image_18194.jpg,4
image_18195.jpg,4
image_18196.jpg,4
image_18197.jpg,4
image_18198.jpg,4
image_18199.jpg,4
image_18200.jpg,4
image_18201.jpg,4
image_18202.jpg,4
image_18203.jpg,4
image_18204.jpg,4
image_18205.jpg,4
image_18206.jpg,4
image_18207.jpg,4
image_18208.jpg,4
image_18209.jpg,4
image_18210.jpg,4
image_18211.jpg,4
image_18212.jpg,4
image_18213.jpg,4
image_18214.jpg,4
image_18215.jpg,4
image_18216.jpg,4
image_18217.jpg,4
image_18218.jpg,4
image_18219.jpg,4
image_18220.jpg,4
image_18221.jpg,4
image_18222.jpg,4
image_18223.jpg,4
image_18224.jpg,4
image_18225.jpg,4
image_18226.jpg,4
image_18227.jpg,4
image_18228.jpg,4
image_18229.jpg,4
image_18230.jpg,4
image_18231.jpg,4
image_18232.jpg,4
image_18233.jpg,4
image_18234.jpg,4
image_18235.jpg,4
image_18236.jpg,4
image_18237.jpg,4
image_18238.jpg,4
image_18239.jpg,4
image_18240.jpg,4
image_18241.jpg,4
image_18242.jpg,4
image_18243.jpg,4
image_18244.jpg,4
image_18245.jpg,4
image_18246.jpg,4
image_18247.jpg,4
image_18248.jpg,4
image_18249.jpg,4
image_18250.jpg,4
image_18251.jpg,4
image_18252.jpg,4
image_18253.jpg,4
image_18254.jpg,4
image_18255.jpg,4
image_18256.jpg,4
image_18257.jpg,4
image_18258.jpg,4
image_18259.jpg,4
image_18260.jpg,4
image_18261.jpg,4
image_18262.jpg,4
image_18263.jpg,4
image_18264.jpg,4
image_18265.jpg,4
image_18266.jpg,4
image_18267.jpg,4
image_18268.jpg,4
image_18269.jpg,4
image_18270.jpg,4
image_18271.jpg,4
image_18272.jpg,4
image_18273.jpg,4
image_18274.jpg,4
image_18275.jpg,4
image_18276.jpg,4
image_18277.jpg,4
image_18278.jpg,4
image_18279.jpg,4
image_18280.jpg,4
image_18281.jpg,4
image_18282.jpg,4
image_18283.jpg,4
image_18284.jpg,4
image_18285.jpg,4
image_18286.jpg,4
image_18287.jpg,4
image_18288.jpg,4
image_18289.jpg,4
image_18290.jpg,4
image_18291.jpg,4
image_18292.jpg,4
image_18293.jpg,4
image_18294.jpg,4
image_18295.jpg,4
image_18296.jpg,4
image_18297.jpg,4
image_18298.jpg,4
image_18299.jpg,4
image_18300.jpg,4
image_18301.jpg,4
image_18302.jpg,4
image_18303.jpg,4
image_18304.jpg,4
image_18305.jpg,4
image_18306.jpg,4
image_18307.jpg,4
image_18308.jpg,4
image_18309.jpg,4
image_18310.jpg,4
image_18311.jpg,4
image_18312.jpg,4
image_18313.jpg,4
image_18314.jpg,4
image_18315.jpg,4
image_18316.jpg,4
image_18317.jpg,4
image_18318.jpg,4
image_18319.jpg,4
image_18320.jpg,4
image_18321.jpg,4
image_18322.jpg,4
image_18323.jpg,4
image_18324.jpg,4
image_18325.jpg,4
image_18326.jpg,4
image_18327.jpg,4
image_18328.jpg,4
image_18329.jpg,4
image_18330.jpg,4
image_18331.jpg,4
image_18332.jpg,4
image_18333.jpg,4
image_18334.jpg,4
image_18335.jpg,4
image_18336.jpg,4
image_18337.jpg,4
image_18338.jpg,4
image_18339.jpg,4
image_18340.jpg,4
image_18341.jpg,4
image_18342.jpg,4
image_18343.jpg,4
image_18344.jpg,4
image_18345.jpg,4
image_18346.jpg,4
image_18347.jpg,4
image_18348.jpg,4
image_18349.jpg,4
image_18350.jpg,4
image_18351.jpg,4
image_18352.jpg,4
image_18353.jpg,4
image_18354.jpg,4
image_18355.jpg,4
image_18356.jpg,4
image_18357.jpg,4
image_18358.jpg,4
image_18359.jpg,4
image_18360.jpg,4
image_18361.jpg,4
image_18362.jpg,4
image_18363.jpg,4
image_18364.jpg,4
image_18365.jpg,4
image_18366.jpg,4
image_18367.jpg,4
image_18368.jpg,4
image_18369.jpg,4
image_18370.jpg,4
image_18371.jpg,4
image_18372.jpg,4
image_18373.jpg,4
image_18374.jpg,4
image_18375.jpg,4
image_18376.jpg,4
image_18377.jpg,4
image_18378.jpg,4
image_18379.jpg,4
image_18380.jpg,4
image_18381.jpg,4
image_18382.jpg,4
image_18383.jpg,4
image_18384.jpg,4
image_18385.jpg,4
image_18386.jpg,4
image_18387.jpg,4
image_18388.jpg,4
image_18389.jpg,4
image_18390.jpg,4
image_18391.jpg,4
image_18392.jpg,4
image_18393.jpg,4
image_18394.jpg,4
image_18395.jpg,4
image_18396.jpg,4
image_18397.jpg,4
image_18398.jpg,4
image_18399.jpg,4
image_18400.jpg,4
image_18401.jpg,4
image_18402.jpg,4
image_18403.jpg,4
image_18404.jpg,4
image_18405.jpg,4
image_18406.jpg,4
image_18407.jpg,4
image_18408.jpg,4
image_18409.jpg,4
image_18410.jpg,4
image_18411.jpg,4
image_18412.jpg,4
image_18413.jpg,4
image_18414.jpg,4
image_18415.jpg,4
image_18416.jpg,4
image_18417.jpg,4
image_18418.jpg,4
image_18419.jpg,4
image_18420.jpg,4
image_18421.jpg,4
image_18422.jpg,4
image_18423.jpg,4
image_18424.jpg,4
image_18425.jpg,4
image_18426.jpg,4
image_18427.jpg,4
image_18428.jpg,4
image_18429.jpg,4
image_18430.jpg,4
image_18431.jpg,4
image_18432.jpg,4
image_18433.jpg,4
image_18434.jpg,4
image_18435.jpg,4
image_18436.jpg,4
image_18437.jpg,4
image_18438.jpg,4
image_18439.jpg,4
image_18440.jpg,4
image_18441.jpg,4
image_18442.jpg,4
image_18443.jpg,4
image_18444.jpg,4
image_18445.jpg,4
image_18446.jpg,4
image_18447.jpg,4
image_18448.jpg,4
image_18449.jpg,4
image_18450.jpg,4
image_18451.jpg,4
image_18452.jpg,4
image_18453.jpg,4
image_18454.jpg,4
image_18455.jpg,4
image_18456.jpg,4
image_18457.jpg,4
image_18458.jpg,4
image_18459.jpg,4
image_18460.jpg,4
image_18461.jpg,4
image_18462.jpg,4
image_18463.jpg,4
image_18464.jpg,4
image_18465.jpg,4
image_18466.jpg,4
image_18467.jpg,4
image_18468.jpg,4
image_18469.jpg,4
image_18470.jpg,4
image_18471.jpg,4
image_18472.jpg,4
image_18473.jpg,4
image_18474.jpg,4
image_18475.jpg,4
image_18476.jpg,4
image_18477.jpg,4
image_18478.jpg,4
image_18479.jpg,4
image_18480.jpg,4
image_18481.jpg,4
image_18482.jpg,4
image_18483.jpg,4
image_18484.jpg,4
image_18485.jpg,4
image_18486.jpg,4
image_18487.jpg,4
image_18488.jpg,4
image_18489.jpg,4
image_18490.jpg,4
image_18491.jpg,4
image_18492.jpg,4
image_18493.jpg,4
image_18494.jpg,4
image_18495.jpg,4
image_18496.jpg,4
image_18497.jpg,4
image_18498.jpg,4
image_18499.jpg,4
image_18500.jpg,4
image_18501.jpg,4
image_18502.jpg,4
image_18503.jpg,4
image_18504.jpg,4
image_18505.jpg,4
image_18506.jpg,4
image_18507.jpg,4
image_18508.jpg,4
image_18509.jpg,4
image_18510.jpg,4
image_18511.jpg,4
image_18512.jpg,4
image_18513.jpg,4
image_18514.jpg,4
image_18515.jpg,4
image_18516.jpg,4
image_18517.jpg,4
image_18518.jpg,4
image_18519.jpg,4
image_18520.jpg,4
image_18521.jpg,4
image_18522.jpg,4
image_18523.jpg,4
image_18524.jpg,4
image_18525.jpg,4
image_18526.jpg,4
image_18527.jpg,4
image_18528.jpg,4
image_18529.jpg,4
image_18530.jpg,4
image_18531.jpg,4
image_18532.jpg,4
image_18533.jpg,4
image_18534.jpg,4
image_18535.jpg,4
image_18536.jpg,4
image_18537.jpg,4
image_18538.jpg,4
image_18539.jpg,4
image_18540.jpg,4
image_18541.jpg,4
image_18542.jpg,4
image_18543.jpg,4
image_18544.jpg,4
image_18545.jpg,4
image_18546.jpg,4
image_18547.jpg,4
image_18548.jpg,4
image_18549.jpg,4
image_18550.jpg,4
image_18551.jpg,4
image_18552.jpg,4
image_18553.jpg,4
image_18554.jpg,4
image_18555.jpg,4
image_18556.jpg,4
image_18557.jpg,4
image_18558.jpg,4
image_18559.jpg,4
image_18560.jpg,4
image_18561.jpg,4
image_18562.jpg,4
image_18563.jpg,4
image_18564.jpg,4
image_18565.jpg,4
image_18566.jpg,4
image_18567.jpg,4
image_18568.jpg,4
image_18569.jpg,4
image_18570.jpg,4
image_18571.jpg,4
image_18572.jpg,4
image_18573.jpg,4
image_18574.jpg,4
image_18575.jpg,4
image_18576.jpg,4
image_18577.jpg,4
image_18578.jpg,4
image_18579.jpg,4
image_18580.jpg,4
image_18581.jpg,4
image_18582.jpg,4
image_18583.jpg,4
image_18584.jpg,4
image_18585.jpg,4
image_18586.jpg,4
image_18587.jpg,4
image_18588.jpg,4
image_18589.jpg,4
image_18590.jpg,4
image_18591.jpg,4
image_18592.jpg,4
image_18593.jpg,4
image_18594.jpg,4
image_18595.jpg,4
image_18596.jpg,4
image_18597.jpg,4
image_18598.jpg,4
image_18599.jpg,4
image_18600.jpg,4
image_18601.jpg,4
image_18602.jpg,4
image_18603.jpg,4
image_18604.jpg,4
image_18605.jpg,4
image_18606.jpg,4
image_18607.jpg,4
image_18608.jpg,4
image_18609.jpg,4
image_18610.jpg,4
image_18611.jpg,4
image_18612.jpg,4
image_18613.jpg,4
image_18614.jpg,4
image_18615.jpg,4
image_18616.jpg,4
image_18617.jpg,4
image_18618.jpg,4
image_18619.jpg,4
image_18620.jpg,4
image_18621.jpg,4
image_18622.jpg,4
image_18623.jpg,4
image_18624.jpg,4
image_18625.jpg,4
image_18626.jpg,4
image_18627.jpg,4
image_18628.jpg,4
image_18629.jpg,4
image_18630.jpg,4
image_18631.jpg,4
image_18632.jpg,4
image_18633.jpg,4
image_18634.jpg,4
image_18635.jpg,4
image_18636.jpg,4
image_18637.jpg,4
image_18638.jpg,4
image_18639.jpg,4
image_18640.jpg,4
image_18641.jpg,4
image_18642.jpg,4
image_18643.jpg,4
image_18644.jpg,4
image_18645.jpg,4
image_18646.jpg,4
image_18647.jpg,4
image_18648.jpg,4
image_18649.jpg,4
image_18650.jpg,4
image_18651.jpg,4
image_18652.jpg,4
image_18653.jpg,4
image_18654.jpg,4
image_18655.jpg,4
image_18656.jpg,4
image_18657.jpg,4
image_18658.jpg,4
image_18659.jpg,4
image_18660.jpg,4
image_18661.jpg,4
image_18662.jpg,4
image_18663.jpg,4
image_18664.jpg,4
image_18665.jpg,4
image_18666.jpg,4
image_18667.jpg,4
image_18668.jpg,4
image_18669.jpg,4
image_18670.jpg,4
image_18671.jpg,4
image_18672.jpg,4
image_18673.jpg,4
image_18674.jpg,4
image_18675.jpg,4
image_18676.jpg,4
image_18677.jpg,4
image_18678.jpg,4
image_18679.jpg,4
image_18680.jpg,4
image_18681.jpg,4
image_18682.jpg,4
image_18683.jpg,4
image_18684.jpg,4
image_18685.jpg,4
image_18686.jpg,4
image_18687.jpg,4
image_18688.jpg,4
image_18689.jpg,4
image_18690.jpg,4
image_18691.jpg,4
image_18692.jpg,4
image_18693.jpg,4
image_18694.jpg,4
image_18695.jpg,4
image_18696.jpg,4
image_18697.jpg,4
image_18698.jpg,4
image_18699.jpg,4
image_18700.jpg,4
image_18701.jpg,4
image_18702.jpg,4
image_18703.jpg,4
image_18704.jpg,4
image_18705.jpg,4
image_18706.jpg,4
image_18707.jpg,4
image_18708.jpg,4
image_18709.jpg,4
image_18710.jpg,4
image_18711.jpg,4
image_18712.jpg,4
image_18713.jpg,4
image_18714.jpg,4
image_18715.jpg,4
image_18716.jpg,4
image_18717.jpg,4
image_18718.jpg,4
image_18719.jpg,4
image_18720.jpg,4
image_18721.jpg,4
image_18722.jpg,4
image_18723.jpg,4
image_18724.jpg,4
image_18725.jpg,4
image_18726.jpg,4
image_18727.jpg,4
image_18728.jpg,4
image_18729.jpg,4
image_18730.jpg,4
image_18731.jpg,4
image_18732.jpg,4
image_18733.jpg,4
image_18734.jpg,4
image_18735.jpg,4
image_18736.jpg,4
image_18737.jpg,4
image_18738.jpg,4
image_18739.jpg,4
image_18740.jpg,4
image_18741.jpg,4
image_18742.jpg,4
image_18743.jpg,4
image_18744.jpg,4
image_18745.jpg,4
image_18746.jpg,4
image_18747.jpg,4
image_18748.jpg,4
image_18749.jpg,4
image_18750.jpg,4
image_18751.jpg,4
image_18752.jpg,4
image_18753.jpg,4
image_18754.jpg,4
image_18755.jpg,4
image_18756.jpg,4
image_18757.jpg,4
image_18758.jpg,4
image_18759.jpg,4
image_18760.jpg,4
image_18761.jpg,4
image_18762.jpg,4
image_18763.jpg,4
image_18764.jpg,4
image_18765.jpg,4
image_18766.jpg,4
image_18767.jpg,4
image_18768.jpg,4
image_18769.jpg,4
image_18770.jpg,4
image_18771.jpg,4
image_18772.jpg,4
image_18773.jpg,4
image_18774.jpg,4
image_18775.jpg,4
image_18776.jpg,4
image_18777.jpg,4
image_18778.jpg,4
image_18779.jpg,4
image_18780.jpg,4
image_18781.jpg,4
image_18782.jpg,4
image_18783.jpg,4
image_18784.jpg,4
image_18785.jpg,4
image_18786.jpg,4
image_18787.jpg,4
image_18788.jpg,4
image_18789.jpg,4
image_18790.jpg,4
image_18791.jpg,4
image_18792.jpg,4
image_18793.jpg,4
image_18794.jpg,4
image_18795.jpg,4
image_18796.jpg,4
image_18797.jpg,4
image_18798.jpg,4
image_18799.jpg,4
image_18800.jpg,4
image_18801.jpg,4
image_18802.jpg,4
image_18803.jpg,4
image_18804.jpg,4
image_18805.jpg,4
image_18806.jpg,4
image_18807.jpg,4
image_18808.jpg,4
image_18809.jpg,4
image_18810.jpg,4
image_18811.jpg,4
image_18812.jpg,4
image_18813.jpg,4
image_18814.jpg,4
image_18815.jpg,4
image_18816.jpg,4
image_18817.jpg,4
image_18818.jpg,4
image_18819.jpg,4
image_18820.jpg,4
image_18821.jpg,4
image_18822.jpg,4
image_18823.jpg,4
image_18824.jpg,4
image_18825.jpg,4
image_18826.jpg,4
image_18827.jpg,4
image_18828.jpg,4
image_18829.jpg,4
image_18830.jpg,4
image_18831.jpg,4
image_18832.jpg,4
image_18833.jpg,4
image_18834.jpg,4
image_18835.jpg,4
image_18836.jpg,4
image_18837.jpg,4
image_18838.jpg,4
image_18839.jpg,4
image_18840.jpg,4
image_18841.jpg,4
image_18842.jpg,4
image_18843.jpg,4
image_18844.jpg,4
image_18845.jpg,4
image_18846.jpg,4
image_18847.jpg,4
image_18848.jpg,4
image_18849.jpg,4
image_18850.jpg,4
image_18851.jpg,4
image_18852.jpg,4
image_18853.jpg,4
image_18854.jpg,4
image_18855.jpg,4
image_18856.jpg,4
image_18857.jpg,4
image_18858.jpg,4
image_18859.jpg,4
image_18860.jpg,4
image_18861.jpg,4
image_18862.jpg,4
image_18863.jpg,4
image_18864.jpg,4
image_18865.jpg,4
image_18866.jpg,4
image_18867.jpg,4
image_18868.jpg,4
image_18869.jpg,4
image_18870.jpg,4
image_18871.jpg,4
image_18872.jpg,4
image_18873.jpg,4
image_18874.jpg,4
image_18875.jpg,4
image_18876.jpg,4
image_18877.jpg,4
image_18878.jpg,4
image_18879.jpg,4
image_18880.jpg,4
image_18881.jpg,4
image_18882.jpg,4
image_18883.jpg,4
image_18884.jpg,4
image_18885.jpg,4
image_18886.jpg,4
image_18887.jpg,4
image_18888.jpg,4
image_18889.jpg,4
image_18890.jpg,4
image_18891.jpg,4
image_18892.jpg,4
image_18893.jpg,4
image_18894.jpg,4
image_18895.jpg,4
image_18896.jpg,4
image_18897.jpg,4
image_18898.jpg,4
image_18899.jpg,4
image_18900.jpg,4
image_18901.jpg,4
image_18902.jpg,4
image_18903.jpg,4
image_18904.jpg,4
image_18905.jpg,4
image_18906.jpg,4
image_18907.jpg,4
image_18908.jpg,4
image_18909.jpg,4
image_18910.jpg,4
image_18911.jpg,4
image_18912.jpg,4
image_18913.jpg,4
image_18914.jpg,4
image_18915.jpg,4
image_18916.jpg,4
image_18917.jpg,4
image_18918.jpg,4
image_18919.jpg,4
image_18920.jpg,4
image_18921.jpg,4
image_18922.jpg,4
image_18923.jpg,4
image_18924.jpg,4
image_18925.jpg,4
image_18926.jpg,4
image_18927.jpg,4
image_18928.jpg,4
image_18929.jpg,4
image_18930.jpg,4
image_18931.jpg,4
image_18932.jpg,4
image_18933.jpg,4
image_18934.jpg,4
image_18935.jpg,4
image_18936.jpg,4
image_18937.jpg,4
image_18938.jpg,4
image_18939.jpg,4
image_18940.jpg,4
image_18941.jpg,4
image_18942.jpg,4
image_18943.jpg,4
image_18944.jpg,4
image_18945.jpg,4
image_18946.jpg,4
image_18947.jpg,4
image_18948.jpg,4
image_18949.jpg,4
image_18950.jpg,4
image_18951.jpg,4
image_18952.jpg,4
image_18953.jpg,4
image_18954.jpg,4
image_18955.jpg,4
image_18956.jpg,4
image_18957.jpg,4
image_18958.jpg,4
image_18959.jpg,4
image_18960.jpg,4
image_18961.jpg,4
image_18962.jpg,4
image_18963.jpg,4
image_18964.jpg,4
image_18965.jpg,4
image_18966.jpg,4
image_18967.jpg,4
image_18968.jpg,4
image_18969.jpg,4
image_18970.jpg,4
image_18971.jpg,4
image_18972.jpg,4
image_18973.jpg,4
image_18974.jpg,4
image_18975.jpg,4
image_18976.jpg,4
image_18977.jpg,4
image_18978.jpg,4
image_18979.jpg,4
image_18980.jpg,4
image_18981.jpg,4
image_18982.jpg,4
image_18983.jpg,4
image_18984.jpg,4
image_18985.jpg,4
image_18986.jpg,4
image_18987.jpg,4
image_18988.jpg,4
image_18989.jpg,4
image_18990.jpg,4
image_18991.jpg,4
image_18992.jpg,4
image_18993.jpg,4
image_18994.jpg,4
image_18995.jpg,4
image_18996.jpg,4
image_18997.jpg,4
image_18998.jpg,4
image_18999.jpg,4
image_19000.jpg,4
image_19001.jpg,4
image_19002.jpg,4
image_19003.jpg,4
image_19004.jpg,4
image_19005.jpg,4
image_19006.jpg,4
image_19007.jpg,4
image_19008.jpg,4
image_19009.jpg,4
image_19010.jpg,4
image_19011.jpg,4
image_19012.jpg,4
image_19013.jpg,4
image_19014.jpg,4
image_19015.jpg,4
image_19016.jpg,4
image_19017.jpg,4
image_19018.jpg,4
image_19019.jpg,4
image_19020.jpg,4
image_19021.jpg,4
image_19022.jpg,4
image_19023.jpg,4
image_19024.jpg,4
image_19025.jpg,4
image_19026.jpg,4
image_19027.jpg,4
image_19028.jpg,4
image_19029.jpg,4
image_19030.jpg,4
image_19031.jpg,4
image_19032.jpg,4
image_19033.jpg,4
image_19034.jpg,4
image_19035.jpg,4
image_19036.jpg,4
image_19037.jpg,4
image_19038.jpg,4
image_19039.jpg,4
image_19040.jpg,4
image_19041.jpg,4
image_19042.jpg,4
image_19043.jpg,4
image_19044.jpg,4
image_19045.jpg,4
image_19046.jpg,4
image_19047.jpg,4
image_19048.jpg,4
image_19049.jpg,4
image_19050.jpg,4
image_19051.jpg,4
image_19052.jpg,4
image_19053.jpg,4
image_19054.jpg,4
image_19055.jpg,4
image_19056.jpg,4
image_19057.jpg,4
image_19058.jpg,4
image_19059.jpg,4
image_19060.jpg,4
image_19061.jpg,4
image_19062.jpg,4
image_19063.jpg,4
image_19064.jpg,4
image_19065.jpg,4
image_19066.jpg,4
image_19067.jpg,4
image_19068.jpg,4
image_19069.jpg,4
image_19070.jpg,4
image_19071.jpg,4
image_19072.jpg,4
image_19073.jpg,4
image_19074.jpg,4
image_19075.jpg,4
image_19076.jpg,4
image_19077.jpg,4
image_19078.jpg,4
image_19079.jpg,4
image_19080.jpg,4
image_19081.jpg,4
image_19082.jpg,4
image_19083.jpg,4
image_19084.jpg,4
image_19085.jpg,4
image_19086.jpg,4
image_19087.jpg,4
image_19088.jpg,4
image_19089.jpg,4
image_19090.jpg,4
image_19091.jpg,4
image_19092.jpg,4
image_19093.jpg,4
image_19094.jpg,4
image_19095.jpg,4
image_19096.jpg,4
image_19097.jpg,4
image_19098.jpg,4
image_19099.jpg,4
image_19100.jpg,4
image_19101.jpg,4
image_19102.jpg,4
image_19103.jpg,4
image_19104.jpg,4
image_19105.jpg,4
image_19106.jpg,4
image_19107.jpg,4
image_19108.jpg,4
image_19109.jpg,4
image_19110.jpg,4
image_19111.jpg,4
image_19112.jpg,4
image_19113.jpg,4
image_19114.jpg,4
image_19115.jpg,4
image_19116.jpg,4
image_19117.jpg,4
image_19118.jpg,4
image_19119.jpg,4
image_19120.jpg,4
image_19121.jpg,4
image_19122.jpg,4
image_19123.jpg,4
image_19124.jpg,4
image_19125.jpg,4
image_19126.jpg,4
image_19127.jpg,4
image_19128.jpg,4
image_19129.jpg,4
image_19130.jpg,4
image_19131.jpg,4
image_19132.jpg,4
image_19133.jpg,4
image_19134.jpg,4
image_19135.jpg,4
image_19136.jpg,4
image_19137.jpg,4
image_19138.jpg,4
image_19139.jpg,4
image_19140.jpg,4
image_19141.jpg,4
image_19142.jpg,4
image_19143.jpg,4
image_19144.jpg,4
image_19145.jpg,4
image_19146.jpg,4
image_19147.jpg,4
image_19148.jpg,4
image_19149.jpg,4
image_19150.jpg,4
image_19151.jpg,4
image_19152.jpg,4
image_19153.jpg,4
image_19154.jpg,4
image_19155.jpg,4
image_19156.jpg,4
image_19157.jpg,4
image_19158.jpg,4
image_19159.jpg,4
image_19160.jpg,4
image_19161.jpg,4
image_19162.jpg,4
image_19163.jpg,4
image_19164.jpg,4
image_19165.jpg,4
image_19166.jpg,4
image_19167.jpg,4
image_19168.jpg,4
image_19169.jpg,4
image_19170.jpg,4
image_19171.jpg,4
image_19172.jpg,4
image_19173.jpg,4
image_19174.jpg,4
image_19175.jpg,4
image_19176.jpg,4
image_19177.jpg,4
image_19178.jpg,4
image_19179.jpg,4
image_19180.jpg,4
image_19181.jpg,4
image_19182.jpg,4
image_19183.jpg,4
image_19184.jpg,4
image_19185.jpg,4
image_19186.jpg,4
image_19187.jpg,4
image_19188.jpg,4
image_19189.jpg,4
image_19190.jpg,4
image_19191.jpg,4
image_19192.jpg,4
image_19193.jpg,4
image_19194.jpg,4
image_19195.jpg,4
image_19196.jpg,4
image_19197.jpg,4
image_19198.jpg,4
image_19199.jpg,4
image_19200.jpg,4
image_19201.jpg,4
image_19202.jpg,4
image_19203.jpg,4
image_19204.jpg,4
image_19205.jpg,4
image_19206.jpg,4
image_19207.jpg,4
image_19208.jpg,4
image_19209.jpg,4
image_19210.jpg,4
image_19211.jpg,4
image_19212.jpg,4
image_19213.jpg,4
image_19214.jpg,4
image_19215.jpg,4
image_19216.jpg,4
image_19217.jpg,4
image_19218.jpg,4
image_19219.jpg,4
image_19220.jpg,4
image_19221.jpg,4
image_19222.jpg,4
image_19223.jpg,4
image_19224.jpg,4
image_19225.jpg,4
image_19226.jpg,4
image_19227.jpg,4
image_19228.jpg,4
image_19229.jpg,4
image_19230.jpg,4
image_19231.jpg,4
image_19232.jpg,4
image_19233.jpg,4
image_19234.jpg,4
image_19235.jpg,4
image_19236.jpg,4
image_19237.jpg,4
image_19238.jpg,4
image_19239.jpg,4
image_19240.jpg,4
image_19241.jpg,4
image_19242.jpg,4
image_19243.jpg,4
image_19244.jpg,4
image_19245.jpg,4
image_19246.jpg,4
image_19247.jpg,4
image_19248.jpg,4
image_19249.jpg,4
image_19250.jpg,4
image_19251.jpg,4
image_19252.jpg,4
image_19253.jpg,4
image_19254.jpg,4
image_19255.jpg,4
image_19256.jpg,4
image_19257.jpg,4
image_19258.jpg,4
image_19259.jpg,4
image_19260.jpg,4
image_19261.jpg,4
image_19262.jpg,4
image_19263.jpg,4
image_19264.jpg,4
image_19265.jpg,4
image_19266.jpg,4
image_19267.jpg,4
image_19268.jpg,4
image_19269.jpg,4
image_19270.jpg,4
image_19271.jpg,4
image_19272.jpg,4
image_19273.jpg,4
image_19274.jpg,4
image_19275.jpg,4
image_19276.jpg,4
image_19277.jpg,4
image_19278.jpg,4
image_19279.jpg,4
image_19280.jpg,4
image_19281.jpg,4
image_19282.jpg,4
image_19283.jpg,4
image_19284.jpg,4
image_19285.jpg,4
image_19286.jpg,4
image_19287.jpg,4
image_19288.jpg,4
image_19289.jpg,4
image_19290.jpg,4
image_19291.jpg,4
image_19292.jpg,4
image_19293.jpg,4
image_19294.jpg,4
image_19295.jpg,4
image_19296.jpg,4
image_19297.jpg,4
image_19298.jpg,4
image_19299.jpg,4
image_19300.jpg,4
image_19301.jpg,4
image_19302.jpg,4
image_19303.jpg,4
image_19304.jpg,4
image_19305.jpg,4
image_19306.jpg,4
image_19307.jpg,4
image_19308.jpg,4
image_19309.jpg,4
image_19310.jpg,4
image_19311.jpg,4
image_19312.jpg,4
image_19313.jpg,4
image_19314.jpg,4
image_19315.jpg,4
image_19316.jpg,4
image_19317.jpg,4
image_19318.jpg,4
image_19319.jpg,4
image_19320.jpg,4
image_19321.jpg,4
image_19322.jpg,4
image_19323.jpg,4
image_19324.jpg,4
image_19325.jpg,4
image_19326.jpg,4
image_19327.jpg,4
image_19328.jpg,4
image_19329.jpg,4
image_19330.jpg,4
image_19331.jpg,4
image_19332.jpg,4
image_19333.jpg,4
image_19334.jpg,4
image_19335.jpg,4
image_19336.jpg,4
image_19337.jpg,4
image_19338.jpg,4
image_19339.jpg,4
image_19340.jpg,4
image_19341.jpg,4
image_19342.jpg,4
image_19343.jpg,4
image_19344.jpg,4
image_19345.jpg,4
image_19346.jpg,4
image_19347.jpg,4
image_19348.jpg,4
image_19349.jpg,4
image_19350.jpg,4
image_19351.jpg,4
image_19352.jpg,4
image_19353.jpg,4
image_19354.jpg,4
image_19355.jpg,4
image_19356.jpg,4
image_19357.jpg,4
image_19358.jpg,4
image_19359.jpg,4
image_19360.jpg,4
image_19361.jpg,4
image_19362.jpg,4
image_19363.jpg,4
image_19364.jpg,4
image_19365.jpg,4
image_19366.jpg,4
image_19367.jpg,4
image_19368.jpg,4
image_19369.jpg,4
image_19370.jpg,4
image_19371.jpg,4
image_19372.jpg,4
image_19373.jpg,4
image_19374.jpg,4
image_19375.jpg,4
image_19376.jpg,4
image_19377.jpg,4
image_19378.jpg,4
image_19379.jpg,4
image_19380.jpg,4
image_19381.jpg,4
image_19382.jpg,4
image_19383.jpg,4
image_19384.jpg,4
image_19385.jpg,4
image_19386.jpg,4
image_19387.jpg,4
image_19388.jpg,4
image_19389.jpg,4
image_19390.jpg,4
image_19391.jpg,4
image_19392.jpg,4
image_19393.jpg,4
image_19394.jpg,4
image_19395.jpg,4
image_19396.jpg,4
image_19397.jpg,4
image_19398.jpg,4
image_19399.jpg,4
image_19400.jpg,4
image_19401.jpg,4
image_19402.jpg,4
image_19403.jpg,4
image_19404.jpg,4
image_19405.jpg,4
image_19406.jpg,4
image_19407.jpg,4
image_19408.jpg,4
image_19409.jpg,4
image_19410.jpg,4
image_19411.jpg,4
image_19412.jpg,4
image_19413.jpg,4
image_19414.jpg,4
image_19415.jpg,4
image_19416.jpg,4
image_19417.jpg,4
image_19418.jpg,4
image_19419.jpg,4
image_19420.jpg,4
image_19421.jpg,4
image_19422.jpg,4
image_19423.jpg,4
image_19424.jpg,4
image_19425.jpg,4
image_19426.jpg,4
image_19427.jpg,4
image_19428.jpg,4
image_19429.jpg,4
image_19430.jpg,4
image_19431.jpg,4
image_19432.jpg,4
image_19433.jpg,4
image_19434.jpg,4
image_19435.jpg,4
image_19436.jpg,4
image_19437.jpg,4
image_19438.jpg,4
image_19439.jpg,4
image_19440.jpg,4
image_19441.jpg,4
image_19442.jpg,4
image_19443.jpg,4
image_19444.jpg,4
image_19445.jpg,4
image_19446.jpg,4
image_19447.jpg,4
image_19448.jpg,4
image_19449.jpg,4
image_19450.jpg,4
image_19451.jpg,4
image_19452.jpg,4
image_19453.jpg,4
image_19454.jpg,4
image_19455.jpg,4
image_19456.jpg,4
image_19457.jpg,4
image_19458.jpg,4
image_19459.jpg,4
image_19460.jpg,4
image_19461.jpg,4
image_19462.jpg,4
image_19463.jpg,4
image_19464.jpg,4
image_19465.jpg,4
image_19466.jpg,4
image_19467.jpg,4
image_19468.jpg,4
image_19469.jpg,4
image_19470.jpg,4
image_19471.jpg,4
image_19472.jpg,4
image_19473.jpg,4
image_19474.jpg,4
image_19475.jpg,4
image_19476.jpg,4
image_19477.jpg,4
image_19478.jpg,4
image_19479.jpg,4
image_19480.jpg,4
image_19481.jpg,4
image_19482.jpg,4
image_19483.jpg,4
image_19484.jpg,4
image_19485.jpg,4
image_19486.jpg,4
image_19487.jpg,4
image_19488.jpg,4
image_19489.jpg,4
image_19490.jpg,4
image_19491.jpg,4
image_19492.jpg,4
image_19493.jpg,4
image_19494.jpg,4
image_19495.jpg,4
image_19496.jpg,4
image_19497.jpg,4
image_19498.jpg,4
image_19499.jpg,4
image_19500.jpg,4
image_19501.jpg,4
image_19502.jpg,4
image_19503.jpg,4
image_19504.jpg,4
image_19505.jpg,4
image_19506.jpg,4
image_19507.jpg,4
image_19508.jpg,4
image_19509.jpg,4
image_19510.jpg,4
image_19511.jpg,4
image_19512.jpg,4
image_19513.jpg,4
image_19514.jpg,4
image_19515.jpg,4
image_19516.jpg,4
image_19517.jpg,4
image_19518.jpg,4
image_19519.jpg,4
image_19520.jpg,4
image_19521.jpg,4
image_19522.jpg,4
image_19523.jpg,4
image_19524.jpg,4
image_19525.jpg,4
image_19526.jpg,4
image_19527.jpg,4
image_19528.jpg,4
image_19529.jpg,4
image_19530.jpg,4
image_19531.jpg,4
image_19532.jpg,4
image_19533.jpg,4
image_19534.jpg,4
image_19535.jpg,4
image_19536.jpg,4
image_19537.jpg,4
image_19538.jpg,4
image_19539.jpg,4
image_19540.jpg,4
image_19541.jpg,4
image_19542.jpg,4
image_19543.jpg,4
image_19544.jpg,4
image_19545.jpg,4
image_19546.jpg,4
image_19547.jpg,4
image_19548.jpg,4
image_19549.jpg,4
image_19550.jpg,4
image_19551.jpg,4
image_19552.jpg,4
image_19553.jpg,4
image_19554.jpg,4
image_19555.jpg,4
image_19556.jpg,4
image_19557.jpg,4
image_19558.jpg,4
image_19559.jpg,4
image_19560.jpg,4
image_19561.jpg,4
image_19562.jpg,4
image_19563.jpg,4
image_19564.jpg,4
image_19565.jpg,4
image_19566.jpg,4
image_19567.jpg,4
image_19568.jpg,4
image_19569.jpg,4
image_19570.jpg,4
image_19571.jpg,4
image_19572.jpg,4
image_19573.jpg,4
image_19574.jpg,4
image_19575.jpg,4
image_19576.jpg,4
image_19577.jpg,4
image_19578.jpg,4
image_19579.jpg,4
image_19580.jpg,4
image_19581.jpg,4
image_19582.jpg,4
image_19583.jpg,4
image_19584.jpg,4
image_19585.jpg,4
image_19586.jpg,4
image_19587.jpg,4
image_19588.jpg,4
image_19589.jpg,4
image_19590.jpg,4
image_19591.jpg,4
image_19592.jpg,4
image_19593.jpg,4
image_19594.jpg,4
image_19595.jpg,4
image_19596.jpg,4
image_19597.jpg,4
image_19598.jpg,4
image_19599.jpg,4
image_19600.jpg,4
image_19601.jpg,4
image_19602.jpg,4
image_19603.jpg,4
image_19604.jpg,4
image_19605.jpg,4
image_19606.jpg,4
image_19607.jpg,4
image_19608.jpg,4
image_19609.jpg,4
image_19610.jpg,4
image_19611.jpg,4
image_19612.jpg,4
image_19613.jpg,4
image_19614.jpg,4
image_19615.jpg,4
image_19616.jpg,4
image_19617.jpg,4
image_19618.jpg,4
image_19619.jpg,4
image_19620.jpg,4
image_19621.jpg,4
image_19622.jpg,4
image_19623.jpg,4
image_19624.jpg,4
image_19625.jpg,4
image_19626.jpg,4
image_19627.jpg,4
image_19628.jpg,4
image_19629.jpg,4
image_19630.jpg,4
image_19631.jpg,4
image_19632.jpg,4
image_19633.jpg,4
image_19634.jpg,4
image_19635.jpg,4
image_19636.jpg,4
image_19637.jpg,4
image_19638.jpg,4
image_19639.jpg,4
image_19640.jpg,4
image_19641.jpg,4
image_19642.jpg,4
image_19643.jpg,4
image_19644.jpg,4
image_19645.jpg,4
image_19646.jpg,4
image_19647.jpg,4
image_19648.jpg,4
image_19649.jpg,4
image_19650.jpg,4
image_19651.jpg,4
image_19652.jpg,4
image_19653.jpg,4
image_19654.jpg,4
image_19655.jpg,4
image_19656.jpg,4
image_19657.jpg,4
image_19658.jpg,4
image_19659.jpg,4
image_19660.jpg,4
image_19661.jpg,4
image_19662.jpg,4
image_19663.jpg,4
image_19664.jpg,4
image_19665.jpg,4
image_19666.jpg,4
image_19667.jpg,4
image_19668.jpg,4
image_19669.jpg,4
image_19670.jpg,4
image_19671.jpg,4
image_19672.jpg,4
image_19673.jpg,4
image_19674.jpg,4
image_19675.jpg,4
image_19676.jpg,4
image_19677.jpg,4
image_19678.jpg,4
image_19679.jpg,4
image_19680.jpg,4
image_19681.jpg,4
image_19682.jpg,4
image_19683.jpg,4
image_19684.jpg,4
image_19685.jpg,4
image_19686.jpg,4
image_19687.jpg,4
image_19688.jpg,4
image_19689.jpg,4
image_19690.jpg,4
image_19691.jpg,4
image_19692.jpg,4
image_19693.jpg,4
image_19694.jpg,4
image_19695.jpg,4
image_19696.jpg,4
image_19697.jpg,4
image_19698.jpg,4
image_19699.jpg,4
image_19700.jpg,4
image_19701.jpg,4
image_19702.jpg,4
image_19703.jpg,4
image_19704.jpg,4
image_19705.jpg,4
image_19706.jpg,4
image_19707.jpg,4
image_19708.jpg,4
image_19709.jpg,4
image_19710.jpg,4
image_19711.jpg,4
image_19712.jpg,4
image_19713.jpg,4
image_19714.jpg,4
image_19715.jpg,4
image_19716.jpg,4
image_19717.jpg,4
image_19718.jpg,4
image_19719.jpg,4
image_19720.jpg,4
image_19721.jpg,4
image_19722.jpg,4
image_19723.jpg,4
image_19724.jpg,4
image_19725.jpg,4
image_19726.jpg,4
image_19727.jpg,4
image_19728.jpg,4
image_19729.jpg,4
image_19730.jpg,4
image_19731.jpg,4
image_19732.jpg,4
image_19733.jpg,4
image_19734.jpg,4
image_19735.jpg,4
image_19736.jpg,4
image_19737.jpg,4
image_19738.jpg,4
image_19739.jpg,4
image_19740.jpg,4
image_19741.jpg,4
image_19742.jpg,4
image_19743.jpg,4
image_19744.jpg,4
image_19745.jpg,4
image_19746.jpg,4
image_19747.jpg,4
image_19748.jpg,4
image_19749.jpg,4
image_19750.jpg,4
image_19751.jpg,4
image_19752.jpg,4
image_19753.jpg,4
image_19754.jpg,4
image_19755.jpg,4
image_19756.jpg,4
image_19757.jpg,4
image_19758.jpg,4
image_19759.jpg,4
image_19760.jpg,4
image_19761.jpg,4
image_19762.jpg,4
image_19763.jpg,4
image_19764.jpg,4
image_19765.jpg,4
image_19766.jpg,4
image_19767.jpg,4
image_19768.jpg,4
image_19769.jpg,4
image_19770.jpg,4
image_19771.jpg,4
image_19772.jpg,4
image_19773.jpg,4
image_19774.jpg,4
image_19775.jpg,4
image_19776.jpg,4
image_19777.jpg,4
image_19778.jpg,4
image_19779.jpg,4
image_19780.jpg,4
image_19781.jpg,4
image_19782.jpg,4
image_19783.jpg,4
image_19784.jpg,4
image_19785.jpg,4
image_19786.jpg,4
image_19787.jpg,4
image_19788.jpg,4
image_19789.jpg,4
image_19790.jpg,4
image_19791.jpg,4
image_19792.jpg,4
image_19793.jpg,4
image_19794.jpg,4
image_19795.jpg,4
image_19796.jpg,4
image_19797.jpg,4
image_19798.jpg,4
image_19799.jpg,4
image_19800.jpg,4
image_19801.jpg,4
image_19802.jpg,4
image_19803.jpg,4
image_19804.jpg,4
image_19805.jpg,4
image_19806.jpg,4
image_19807.jpg,4
image_19808.jpg,4
image_19809.jpg,4
image_19810.jpg,4
image_19811.jpg,4
image_19812.jpg,4
image_19813.jpg,4
image_19814.jpg,4
image_19815.jpg,4
image_19816.jpg,4
image_19817.jpg,4
image_19818.jpg,4
image_19819.jpg,4
image_19820.jpg,4
image_19821.jpg,4
image_19822.jpg,4
image_19823.jpg,4
image_19824.jpg,4
image_19825.jpg,4
image_19826.jpg,4
image_19827.jpg,4
image_19828.jpg,4
image_19829.jpg,4
image_19830.jpg,4
image_19831.jpg,4
image_19832.jpg,4
image_19833.jpg,4
image_19834.jpg,4
image_19835.jpg,4
image_19836.jpg,4
image_19837.jpg,4
image_19838.jpg,4
image_19839.jpg,4
image_19840.jpg,4
image_19841.jpg,4
image_19842.jpg,4
image_19843.jpg,4
image_19844.jpg,4
image_19845.jpg,4
image_19846.jpg,4
image_19847.jpg,4
image_19848.jpg,4
image_19849.jpg,4
image_19850.jpg,4
image_19851.jpg,4
image_19852.jpg,4
image_19853.jpg,4
image_19854.jpg,4
image_19855.jpg,4
image_19856.jpg,4
image_19857.jpg,4
image_19858.jpg,4
image_19859.jpg,4
image_19860.jpg,4
image_19861.jpg,4
image_19862.jpg,4
image_19863.jpg,4
image_19864.jpg,4
image_19865.jpg,4
image_19866.jpg,4
image_19867.jpg,4
image_19868.jpg,4
image_19869.jpg,4
image_19870.jpg,4
image_19871.jpg,4
image_19872.jpg,4
image_19873.jpg,4
image_19874.jpg,4
image_19875.jpg,4
image_19876.jpg,4
image_19877.jpg,4
image_19878.jpg,4
image_19879.jpg,4
image_19880.jpg,4
image_19881.jpg,4
image_19882.jpg,4
image_19883.jpg,4
image_19884.jpg,4
image_19885.jpg,4
image_19886.jpg,4
image_19887.jpg,4
image_19888.jpg,4
image_19889.jpg,4
image_19890.jpg,4
image_19891.jpg,4
image_19892.jpg,4
image_19893.jpg,4
image_19894.jpg,4
image_19895.jpg,4
image_19896.jpg,4
image_19897.jpg,4
image_19898.jpg,4
image_19899.jpg,4
image_19900.jpg,4
image_19901.jpg,4
image_19902.jpg,4
image_19903.jpg,4
image_19904.jpg,4
image_19905.jpg,4
image_19906.jpg,4
image_19907.jpg,4
image_19908.jpg,4
image_19909.jpg,4
image_19910.jpg,4
image_19911.jpg,4
image_19912.jpg,4
image_19913.jpg,4
image_19914.jpg,4
image_19915.jpg,4
image_19916.jpg,4
image_19917.jpg,4
image_19918.jpg,4
image_19919.jpg,4
image_19920.jpg,4
image_19921.jpg,4
image_19922.jpg,4
image_19923.jpg,4
image_19924.jpg,4
image_19925.jpg,4
image_19926.jpg,4
image_19927.jpg,4
image_19928.jpg,4
image_19929.jpg,4
image_19930.jpg,4
image_19931.jpg,4
image_19932.jpg,4
image_19933.jpg,4
image_19934.jpg,4
image_19935.jpg,4
image_19936.jpg,4
image_19937.jpg,4
image_19938.jpg,4
image_19939.jpg,4
image_19940.jpg,4
image_19941.jpg,4
image_19942.jpg,4
image_19943.jpg,4
image_19944.jpg,4
image_19945.jpg,4
image_19946.jpg,4
image_19947.jpg,4
image_19948.jpg,4
image_19949.jpg,4
image_19950.jpg,4
image_19951.jpg,4
image_19952.jpg,4
image_19953.jpg,4
image_19954.jpg,4
image_19955.jpg,4
image_19956.jpg,4
image_19957.jpg,4
image_19958.jpg,4
image_19959.jpg,4
image_19960.jpg,4
image_19961.jpg,4
image_19962.jpg,4
image_19963.jpg,4
image_19964.jpg,4
image_19965.jpg,4
image_19966.jpg,4
image_19967.jpg,4
image_19968.jpg,4
image_19969.jpg,4
image_19970.jpg,4
image_19971.jpg,4
image_19972.jpg,4
image_19973.jpg,4
image_19974.jpg,4
image_19975.jpg,4
image_19976.jpg,4
image_19977.jpg,4
image_19978.jpg,4
image_19979.jpg,4
image_19980.jpg,4
image_19981.jpg,4
image_19982.jpg,4
image_19983.jpg,4
image_19984.jpg,4
image_19985.jpg,4
image_19986.jpg,4
image_19987.jpg,4
image_19988.jpg,4
image_19989.jpg,4
image_19990.jpg,4
image_19991.jpg,4
image_19992.jpg,4
image_19993.jpg,4
image_19994.jpg,4
image_19995.jpg,4
image_19996.jpg,4
image_19997.jpg,4
image_19998.jpg,4
image_19999.jpg,4
image_20000.jpg,4
image_20001.jpg,4
image_20002.jpg,4
image_20003.jpg,4
image_20004.jpg,4
image_20005.jpg,4
image_20006.jpg,4
image_20007.jpg,4
image_20008.jpg,4
image_20009.jpg,4
image_20010.jpg,4
image_20011.jpg,4
image_20012.jpg,4
image_20013.jpg,4
image_20014.jpg,4
image_20015.jpg,4
image_20016.jpg,4
image_20017.jpg,4
image_20018.jpg,4
image_20019.jpg,4
image_20020.jpg,4
image_20021.jpg,4
image_20022.jpg,4
image_20023.jpg,4
image_20024.jpg,4
image_20025.jpg,4
image_20026.jpg,4
image_20027.jpg,4
image_20028.jpg,4
image_20029.jpg,4
image_20030.jpg,4
image_20031.jpg,4
image_20032.jpg,4
image_20033.jpg,4
image_20034.jpg,4
image_20035.jpg,4
image_20036.jpg,4
image_20037.jpg,4
image_20038.jpg,4
image_20039.jpg,4
image_20040.jpg,4
image_20041.jpg,4
image_20042.jpg,4
image_20043.jpg,4
image_20044.jpg,4
image_20045.jpg,4
image_20046.jpg,4
image_20047.jpg,4
image_20048.jpg,4
image_20049.jpg,4
image_20050.jpg,4
image_20051.jpg,4
image_20052.jpg,4
image_20053.jpg,4
image_20054.jpg,4
image_20055.jpg,4
image_20056.jpg,4
image_20057.jpg,4
image_20058.jpg,4
image_20059.jpg,4
image_20060.jpg,4
image_20061.jpg,4
image_20062.jpg,4
image_20063.jpg,4
image_20064.jpg,4
image_20065.jpg,4
image_20066.jpg,4
image_20067.jpg,4
image_20068.jpg,4
image_20069.jpg,4
image_20070.jpg,4
image_20071.jpg,4
image_20072.jpg,4
image_20073.jpg,4
image_20074.jpg,4
image_20075.jpg,4
image_20076.jpg,4
image_20077.jpg,4
image_20078.jpg,4
image_20079.jpg,4
image_20080.jpg,4
image_20081.jpg,4
image_20082.jpg,4
image_20083.jpg,4
image_20084.jpg,4
image_20085.jpg,4
image_20086.jpg,4
image_20087.jpg,4
image_20088.jpg,4
image_20089.jpg,4
image_20090.jpg,4
image_20091.jpg,4
image_20092.jpg,4
image_20093.jpg,4
image_20094.jpg,4
image_20095.jpg,4
image_20096.jpg,4
image_20097.jpg,4
image_20098.jpg,4
image_20099.jpg,4
image_20100.jpg,4
image_20101.jpg,4
image_20102.jpg,4
image_20103.jpg,4
image_20104.jpg,4
image_20105.jpg,4
image_20106.jpg,4
image_20107.jpg,4
image_20108.jpg,4
image_20109.jpg,4
image_20110.jpg,4
image_20111.jpg,4
image_20112.jpg,4
image_20113.jpg,4
image_20114.jpg,4
image_20115.jpg,4
image_20116.jpg,4
image_20117.jpg,4
image_20118.jpg,4
image_20119.jpg,4
image_20120.jpg,4
image_20121.jpg,4
image_20122.jpg,4
image_20123.jpg,4
image_20124.jpg,4
image_20125.jpg,4
image_20126.jpg,4
image_20127.jpg,4
image_20128.jpg,4
image_20129.jpg,4
image_20130.jpg,4
image_20131.jpg,4
image_20132.jpg,4
image_20133.jpg,4
image_20134.jpg,4
image_20135.jpg,4
image_20136.jpg,4
image_20137.jpg,4
image_20138.jpg,4
image_20139.jpg,4
image_20140.jpg,4
image_20141.jpg,4
image_20142.jpg,4
image_20143.jpg,4
image_20144.jpg,4
image_20145.jpg,4
image_20146.jpg,4
image_20147.jpg,4
image_20148.jpg,4
image_20149.jpg,4
image_20150.jpg,4
image_20151.jpg,4
image_20152.jpg,4
image_20153.jpg,4
image_20154.jpg,4
image_20155.jpg,4
image_20156.jpg,4
image_20157.jpg,4
image_20158.jpg,4
image_20159.jpg,4
image_20160.jpg,4
image_20161.jpg,4
image_20162.jpg,4
image_20163.jpg,4
image_20164.jpg,4
image_20165.jpg,4
image_20166.jpg,4
image_20167.jpg,4
image_20168.jpg,4
image_20169.jpg,4
image_20170.jpg,4
image_20171.jpg,4
image_20172.jpg,4
image_20173.jpg,4
image_20174.jpg,4
image_20175.jpg,4
image_20176.jpg,4
image_20177.jpg,4
image_20178.jpg,4
image_20179.jpg,4
image_20180.jpg,4
image_20181.jpg,4
image_20182.jpg,4
image_20183.jpg,4
image_20184.jpg,4
image_20185.jpg,4
image_20186.jpg,4
image_20187.jpg,4
image_20188.jpg,4
image_20189.jpg,4
image_20190.jpg,4
image_20191.jpg,4
image_20192.jpg,4
image_20193.jpg,4
image_20194.jpg,4
image_20195.jpg,4
image_20196.jpg,4
image_20197.jpg,4
image_20198.jpg,4
image_20199.jpg,4
image_20200.jpg,4
image_20201.jpg,4
image_20202.jpg,4
image_20203.jpg,4
image_20204.jpg,4
image_20205.jpg,4
image_20206.jpg,4
image_20207.jpg,4
image_20208.jpg,4
image_20209.jpg,4
image_20210.jpg,4
image_20211.jpg,4
image_20212.jpg,4
image_20213.jpg,4
image_20214.jpg,4
image_20215.jpg,4
image_20216.jpg,4
image_20217.jpg,4
image_20218.jpg,4
image_20219.jpg,4
image_20220.jpg,4
image_20221.jpg,4
image_20222.jpg,4
image_20223.jpg,4
image_20224.jpg,4
image_20225.jpg,4
image_20226.jpg,4
image_20227.jpg,4
image_20228.jpg,4
image_20229.jpg,4
image_20230.jpg,4
image_20231.jpg,4
image_20232.jpg,4
image_20233.jpg,4
image_20234.jpg,4
image_20235.jpg,4
image_20236.jpg,4
image_20237.jpg,4
image_20238.jpg,4
image_20239.jpg,4
image_20240.jpg,4
image_20241.jpg,4
image_20242.jpg,4
image_20243.jpg,4
image_20244.jpg,4
image_20245.jpg,4
image_20246.jpg,4
image_20247.jpg,4
image_20248.jpg,4
image_20249.jpg,4
image_20250.jpg,4
image_20251.jpg,4
image_20252.jpg,4
image_20253.jpg,4
image_20254.jpg,4
image_20255.jpg,4
image_20256.jpg,4
image_20257.jpg,4
image_20258.jpg,4
image_20259.jpg,4
image_20260.jpg,4
image_20261.jpg,4
image_20262.jpg,4
image_20263.jpg,4
image_20264.jpg,4
image_20265.jpg,4
image_20266.jpg,4
image_20267.jpg,4
image_20268.jpg,4
image_20269.jpg,4
image_20270.jpg,4
image_20271.jpg,4
image_20272.jpg,4
image_20273.jpg,4
image_20274.jpg,4
image_20275.jpg,4
image_20276.jpg,4
image_20277.jpg,4
image_20278.jpg,4
image_20279.jpg,4
image_20280.jpg,4
image_20281.jpg,4
image_20282.jpg,4
image_20283.jpg,4
image_20284.jpg,4
image_20285.jpg,4
image_20286.jpg,4
image_20287.jpg,4
image_20288.jpg,4
image_20289.jpg,4
image_20290.jpg,4
image_20291.jpg,4
image_20292.jpg,4
image_20293.jpg,4
image_20294.jpg,4
image_20295.jpg,4
image_20296.jpg,4
image_20297.jpg,4
image_20298.jpg,4
image_20299.jpg,4
image_20300.jpg,4
image_20301.jpg,4
image_20302.jpg,4
image_20303.jpg,4
image_20304.jpg,4
image_20305.jpg,4
image_20306.jpg,4
image_20307.jpg,4
image_20308.jpg,4
image_20309.jpg,4
image_20310.jpg,4
image_20311.jpg,4
image_20312.jpg,4
image_20313.jpg,4
image_20314.jpg,4
image_20315.jpg,4
image_20316.jpg,4
image_20317.jpg,4
image_20318.jpg,4
image_20319.jpg,4
image_20320.jpg,4
image_20321.jpg,4
image_20322.jpg,4
image_20323.jpg,4
image_20324.jpg,4
image_20325.jpg,4
image_20326.jpg,4
image_20327.jpg,4
image_20328.jpg,4
image_20329.jpg,4
image_20330.jpg,4
image_20331.jpg,4
image_20332.jpg,4
image_20333.jpg,4
image_20334.jpg,4
image_20335.jpg,4
image_20336.jpg,4
image_20337.jpg,4
image_20338.jpg,4
image_20339.jpg,4
image_20340.jpg,4
image_20341.jpg,4
image_20342.jpg,4
image_20343.jpg,4
image_20344.jpg,4
image_20345.jpg,4
image_20346.jpg,4
image_20347.jpg,4
image_20348.jpg,4
image_20349.jpg,4
image_20350.jpg,4
image_20351.jpg,4
image_20352.jpg,4
image_20353.jpg,4
image_20354.jpg,4
image_20355.jpg,4
image_20356.jpg,4
image_20357.jpg,4
image_20358.jpg,4
image_20359.jpg,4
image_20360.jpg,4
image_20361.jpg,4
image_20362.jpg,4
image_20363.jpg,4
image_20364.jpg,4
image_20365.jpg,4
image_20366.jpg,4
image_20367.jpg,4
image_20368.jpg,4
image_20369.jpg,4
image_20370.jpg,4
image_20371.jpg,4
image_20372.jpg,4
image_20373.jpg,4
image_20374.jpg,4
image_20375.jpg,4
image_20376.jpg,4
image_20377.jpg,4
image_20378.jpg,4
image_20379.jpg,4
image_20380.jpg,4
image_20381.jpg,4
image_20382.jpg,4
image_20383.jpg,4
image_20384.jpg,4
image_20385.jpg,4
image_20386.jpg,4
image_20387.jpg,4
image_20388.jpg,4
image_20389.jpg,4
image_20390.jpg,4
image_20391.jpg,4
image_20392.jpg,4
image_20393.jpg,4
image_20394.jpg,4
image_20395.jpg,4
image_20396.jpg,4
image_20397.jpg,4
image_20398.jpg,4
image_20399.jpg,4
image_20400.jpg,4
image_20401.jpg,4
image_20402.jpg,4
image_20403.jpg,4
image_20404.jpg,4
image_20405.jpg,4
image_20406.jpg,4
image_20407.jpg,4
image_20408.jpg,4
image_20409.jpg,4
image_20410.jpg,4
image_20411.jpg,4
image_20412.jpg,4
image_20413.jpg,4
image_20414.jpg,4
image_20415.jpg,4
image_20416.jpg,4
image_20417.jpg,4
image_20418.jpg,4
image_20419.jpg,4
image_20420.jpg,4
image_20421.jpg,4
image_20422.jpg,4
image_20423.jpg,4
image_20424.jpg,4
image_20425.jpg,4
image_20426.jpg,4
image_20427.jpg,4
image_20428.jpg,4
image_20429.jpg,4
image_20430.jpg,4
image_20431.jpg,4
image_20432.jpg,4
image_20433.jpg,4
image_20434.jpg,4
image_20435.jpg,4
image_20436.jpg,4
image_20437.jpg,4
image_20438.jpg,4
image_20439.jpg,4
image_20440.jpg,4
image_20441.jpg,4
image_20442.jpg,4
image_20443.jpg,4
image_20444.jpg,4
image_20445.jpg,4
image_20446.jpg,4
image_20447.jpg,4
image_20448.jpg,4
image_20449.jpg,4
image_20450.jpg,4
image_20451.jpg,4
image_20452.jpg,4
image_20453.jpg,4
image_20454.jpg,4
image_20455.jpg,4
image_20456.jpg,4
image_20457.jpg,4
image_20458.jpg,4
image_20459.jpg,4
image_20460.jpg,4
image_20461.jpg,4
image_20462.jpg,4
image_20463.jpg,4
image_20464.jpg,4
image_20465.jpg,4
image_20466.jpg,4
image_20467.jpg,4
image_20468.jpg,4
image_20469.jpg,4
image_20470.jpg,4
image_20471.jpg,4
image_20472.jpg,4
image_20473.jpg,4
image_20474.jpg,4
image_20475.jpg,4
image_20476.jpg,4
image_20477.jpg,4
image_20478.jpg,4
image_20479.jpg,4
image_20480.jpg,4
image_20481.jpg,4
image_20482.jpg,4
image_20483.jpg,4
image_20484.jpg,4
image_20485.jpg,4
image_20486.jpg,4
image_20487.jpg,4
image_20488.jpg,4
image_20489.jpg,4
image_20490.jpg,4
image_20491.jpg,4
image_20492.jpg,4
image_20493.jpg,4
image_20494.jpg,4
image_20495.jpg,4
image_20496.jpg,4
image_20497.jpg,4
image_20498.jpg,4
image_20499.jpg,4
image_20500.jpg,4
image_20501.jpg,4
image_20502.jpg,4
image_20503.jpg,4
image_20504.jpg,4
image_20505.jpg,4
image_20506.jpg,4
image_20507.jpg,4
image_20508.jpg,4
image_20509.jpg,4
image_20510.jpg,4
image_20511.jpg,4
image_20512.jpg,4
image_20513.jpg,4
image_20514.jpg,4
image_20515.jpg,4
image_20516.jpg,4
image_20517.jpg,4
image_20518.jpg,4
image_20519.jpg,4
image_20520.jpg,4
image_20521.jpg,4
image_20522.jpg,4
image_20523.jpg,4
image_20524.jpg,4
image_20525.jpg,4
image_20526.jpg,4
image_20527.jpg,4
image_20528.jpg,4
image_20529.jpg,4
image_20530.jpg,4
image_20531.jpg,4
image_20532.jpg,4
image_20533.jpg,4
image_20534.jpg,4
image_20535.jpg,4
image_20536.jpg,4
image_20537.jpg,4
image_20538.jpg,4
image_20539.jpg,4
image_20540.jpg,4
image_20541.jpg,4
image_20542.jpg,4
image_20543.jpg,4
image_20544.jpg,4
image_20545.jpg,4
image_20546.jpg,4
image_20547.jpg,4
image_20548.jpg,4
image_20549.jpg,4
image_20550.jpg,4
image_20551.jpg,4
image_20552.jpg,4
image_20553.jpg,4
image_20554.jpg,4
image_20555.jpg,4
image_20556.jpg,4
image_20557.jpg,4
image_20558.jpg,4
image_20559.jpg,4
image_20560.jpg,4
image_20561.jpg,4
image_20562.jpg,4
image_20563.jpg,4
image_20564.jpg,4
image_20565.jpg,4
image_20566.jpg,4
image_20567.jpg,4
image_20568.jpg,4
image_20569.jpg,4
image_20570.jpg,4
image_20571.jpg,4
image_20572.jpg,4
image_20573.jpg,4
image_20574.jpg,4
image_20575.jpg,4
image_20576.jpg,4
image_20577.jpg,4
image_20578.jpg,4
image_20579.jpg,4
image_20580.jpg,4
image_20581.jpg,4
image_20582.jpg,4
image_20583.jpg,4
image_20584.jpg,4
image_20585.jpg,4
image_20586.jpg,4
image_20587.jpg,4
image_20588.jpg,4
image_20589.jpg,4
image_20590.jpg,4
image_20591.jpg,4
image_20592.jpg,4
image_20593.jpg,4
image_20594.jpg,4
image_20595.jpg,4
image_20596.jpg,4
image_20597.jpg,4
image_20598.jpg,4
image_20599.jpg,4
image_20600.jpg,4
image_20601.jpg,4
image_20602.jpg,4
image_20603.jpg,4
image_20604.jpg,4
image_20605.jpg,4
image_20606.jpg,4
image_20607.jpg,4
image_20608.jpg,4
image_20609.jpg,4
image_20610.jpg,4
image_20611.jpg,4
image_20612.jpg,4
image_20613.jpg,4
image_20614.jpg,4
image_20615.jpg,4
image_20616.jpg,4
image_20617.jpg,4
image_20618.jpg,4
image_20619.jpg,4
image_20620.jpg,4
image_20621.jpg,4
image_20622.jpg,4
image_20623.jpg,4
image_20624.jpg,4
image_20625.jpg,4
image_20626.jpg,4
image_20627.jpg,4
image_20628.jpg,4
image_20629.jpg,4
image_20630.jpg,4
image_20631.jpg,4
image_20632.jpg,4
image_20633.jpg,4
image_20634.jpg,4
image_20635.jpg,4
image_20636.jpg,4
image_20637.jpg,4
image_20638.jpg,4
image_20639.jpg,4
image_20640.jpg,4
image_20641.jpg,4
image_20642.jpg,4
image_20643.jpg,4
image_20644.jpg,4
image_20645.jpg,4
image_20646.jpg,4
image_20647.jpg,4
image_20648.jpg,4
image_20649.jpg,4
image_20650.jpg,4
image_20651.jpg,4
image_20652.jpg,4
image_20653.jpg,4
image_20654.jpg,4
image_20655.jpg,4
image_20656.jpg,4
image_20657.jpg,4
image_20658.jpg,4
image_20659.jpg,4
image_20660.jpg,4
image_20661.jpg,4
image_20662.jpg,4
image_20663.jpg,4
image_20664.jpg,4
image_20665.jpg,4
image_20666.jpg,4
image_20667.jpg,4
image_20668.jpg,4
image_20669.jpg,4
image_20670.jpg,4
image_20671.jpg,4
image_20672.jpg,4
image_20673.jpg,4
image_20674.jpg,4
image_20675.jpg,4
image_20676.jpg,4
image_20677.jpg,4
image_20678.jpg,4
image_20679.jpg,4
image_20680.jpg,4
image_20681.jpg,4
image_20682.jpg,4
image_20683.jpg,4
image_20684.jpg,4
image_20685.jpg,4
image_20686.jpg,4
image_20687.jpg,4
image_20688.jpg,4
image_20689.jpg,4
image_20690.jpg,4
image_20691.jpg,4
image_20692.jpg,4
image_20693.jpg,4
image_20694.jpg,4
image_20695.jpg,4
image_20696.jpg,4
image_20697.jpg,4
image_20698.jpg,4
image_20699.jpg,4
image_20700.jpg,4
image_20701.jpg,4
image_20702.jpg,4
image_20703.jpg,4
image_20704.jpg,4
image_20705.jpg,4
image_20706.jpg,4
image_20707.jpg,4
image_20708.jpg,4
image_20709.jpg,4
image_20710.jpg,4
image_20711.jpg,4
image_20712.jpg,4
image_20713.jpg,4
image_20714.jpg,4
image_20715.jpg,4
image_20716.jpg,4
image_20717.jpg,4
image_20718.jpg,4
image_20719.jpg,4
image_20720.jpg,4
image_20721.jpg,4
image_20722.jpg,4
image_20723.jpg,4
image_20724.jpg,4
image_20725.jpg,4
image_20726.jpg,4
image_20727.jpg,4
image_20728.jpg,4
image_20729.jpg,4
image_20730.jpg,4
image_20731.jpg,4
image_20732.jpg,4
image_20733.jpg,4
image_20734.jpg,4
image_20735.jpg,4
image_20736.jpg,4
image_20737.jpg,4
image_20738.jpg,4
image_20739.jpg,4
image_20740.jpg,4
image_20741.jpg,4
image_20742.jpg,4
image_20743.jpg,4
image_20744.jpg,4
image_20745.jpg,4
image_20746.jpg,4
image_20747.jpg,4
image_20748.jpg,4
image_20749.jpg,4
image_20750.jpg,4
image_20751.jpg,4
image_20752.jpg,4
image_20753.jpg,4
image_20754.jpg,4
image_20755.jpg,4
image_20756.jpg,4
image_20757.jpg,4
image_20758.jpg,4
image_20759.jpg,4
image_20760.jpg,4
image_20761.jpg,4
image_20762.jpg,4
image_20763.jpg,4
image_20764.jpg,4
image_20765.jpg,4
image_20766.jpg,4
image_20767.jpg,4
image_20768.jpg,4
image_20769.jpg,4
image_20770.jpg,4
image_20771.jpg,4
image_20772.jpg,4
image_20773.jpg,4
image_20774.jpg,4
image_20775.jpg,4
image_20776.jpg,4
image_20777.jpg,4
image_20778.jpg,4
image_20779.jpg,4
image_20780.jpg,4
image_20781.jpg,4
image_20782.jpg,4
image_20783.jpg,4
image_20784.jpg,4
image_20785.jpg,4
image_20786.jpg,4
image_20787.jpg,4
image_20788.jpg,4
image_20789.jpg,4
image_20790.jpg,4
image_20791.jpg,4
image_20792.jpg,4
image_20793.jpg,4
image_20794.jpg,4
image_20795.jpg,4
image_20796.jpg,4
image_20797.jpg,4
image_20798.jpg,4
image_20799.jpg,4
image_20800.jpg,4
image_20801.jpg,4
image_20802.jpg,4
image_20803.jpg,4
image_20804.jpg,4
image_20805.jpg,4
image_20806.jpg,4
image_20807.jpg,4
image_20808.jpg,4
image_20809.jpg,4
image_20810.jpg,4
image_20811.jpg,4
image_20812.jpg,4
image_20813.jpg,4
image_20814.jpg,4
image_20815.jpg,4
image_20816.jpg,4
image_20817.jpg,4
image_20818.jpg,4
image_20819.jpg,4
image_20820.jpg,4
image_20821.jpg,4
image_20822.jpg,4
image_20823.jpg,4
image_20824.jpg,4
image_20825.jpg,4
image_20826.jpg,4
image_20827.jpg,4
image_20828.jpg,4
image_20829.jpg,4
image_20830.jpg,4
image_20831.jpg,4
image_20832.jpg,4
image_20833.jpg,4
image_20834.jpg,4
image_20835.jpg,4
image_20836.jpg,4
image_20837.jpg,4
image_20838.jpg,4
image_20839.jpg,4
image_20840.jpg,4
image_20841.jpg,4
image_20842.jpg,4
image_20843.jpg,4
image_20844.jpg,4
image_20845.jpg,4
image_20846.jpg,4
image_20847.jpg,4
image_20848.jpg,4
image_20849.jpg,4
image_20850.jpg,4
image_20851.jpg,4
image_20852.jpg,4
image_20853.jpg,4
image_20854.jpg,4
image_20855.jpg,4
image_20856.jpg,4
image_20857.jpg,4
image_20858.jpg,4
image_20859.jpg,4
image_20860.jpg,4
image_20861.jpg,4
image_20862.jpg,4
image_20863.jpg,4
image_20864.jpg,4
image_20865.jpg,4
image_20866.jpg,4
image_20867.jpg,4
image_20868.jpg,4
image_20869.jpg,4
image_20870.jpg,4
image_20871.jpg,4
image_20872.jpg,4
image_20873.jpg,4
image_20874.jpg,4
image_20875.jpg,4
image_20876.jpg,4
image_20877.jpg,4
image_20878.jpg,4
image_20879.jpg,4
image_20880.jpg,4
image_20881.jpg,4
image_20882.jpg,4
image_20883.jpg,4
image_20884.jpg,4
image_20885.jpg,4
image_20886.jpg,4
image_20887.jpg,4
image_20888.jpg,4
image_20889.jpg,4
image_20890.jpg,4
image_20891.jpg,4
image_20892.jpg,4
image_20893.jpg,4
image_20894.jpg,4
image_20895.jpg,4
image_20896.jpg,4
image_20897.jpg,4
image_20898.jpg,4
image_20899.jpg,4
image_20900.jpg,4
image_20901.jpg,4
image_20902.jpg,4
image_20903.jpg,4
image_20904.jpg,4
image_20905.jpg,4
image_20906.jpg,4
image_20907.jpg,4
image_20908.jpg,4
image_20909.jpg,4
image_20910.jpg,4
image_20911.jpg,4
image_20912.jpg,4
image_20913.jpg,4
image_20914.jpg,4
image_20915.jpg,4
image_20916.jpg,4
image_20917.jpg,4
image_20918.jpg,4
image_20919.jpg,4
image_20920.jpg,4
image_20921.jpg,4
image_20922.jpg,4
image_20923.jpg,4
image_20924.jpg,4
image_20925.jpg,4
image_20926.jpg,4
image_20927.jpg,4
image_20928.jpg,4
image_20929.jpg,4
image_20930.jpg,4
image_20931.jpg,4
image_20932.jpg,4
image_20933.jpg,4
image_20934.jpg,4
image_20935.jpg,4
image_20936.jpg,4
image_20937.jpg,4
image_20938.jpg,4
image_20939.jpg,4
image_20940.jpg,4
image_20941.jpg,4
image_20942.jpg,4
image_20943.jpg,4
image_20944.jpg,4
image_20945.jpg,4
image_20946.jpg,4
image_20947.jpg,4
image_20948.jpg,4
image_20949.jpg,4
image_20950.jpg,4
image_20951.jpg,4
image_20952.jpg,4
image_20953.jpg,4
image_20954.jpg,4
image_20955.jpg,4
image_20956.jpg,4
image_20957.jpg,4
image_20958.jpg,4
image_20959.jpg,4
image_20960.jpg,4
image_20961.jpg,4
image_20962.jpg,4
image_20963.jpg,4
image_20964.jpg,4
image_20965.jpg,4
image_20966.jpg,4
image_20967.jpg,4
image_20968.jpg,4
image_20969.jpg,4
image_20970.jpg,4
image_20971.jpg,4
image_20972.jpg,4
image_20973.jpg,4
image_20974.jpg,4
image_20975.jpg,4
image_20976.jpg,4
image_20977.jpg,4
image_20978.jpg,4
image_20979.jpg,4
image_20980.jpg,4
image_20981.jpg,4
image_20982.jpg,4
image_20983.jpg,4
image_20984.jpg,4
image_20985.jpg,4
image_20986.jpg,4
image_20987.jpg,4
image_20988.jpg,4
image_20989.jpg,4
image_20990.jpg,4
image_20991.jpg,4
image_20992.jpg,4
image_20993.jpg,4
image_20994.jpg,4
image_20995.jpg,4
image_20996.jpg,4
image_20997.jpg,4
image_20998.jpg,4
image_20999.jpg,4
image_21000.jpg,4
image_21001.jpg,4
image_21002.jpg,4
image_21003.jpg,4
image_21004.jpg,4
image_21005.jpg,4
image_21006.jpg,4
image_21007.jpg,4
image_21008.jpg,4
image_21009.jpg,4
image_21010.jpg,4
image_21011.jpg,4
image_21012.jpg,4
image_21013.jpg,4
image_21014.jpg,4
image_21015.jpg,4
image_21016.jpg,4
image_21017.jpg,4
image_21018.jpg,4
image_21019.jpg,4
image_21020.jpg,4
image_21021.jpg,4
image_21022.jpg,4
image_21023.jpg,4
image_21024.jpg,4
image_21025.jpg,4
image_21026.jpg,4
image_21027.jpg,4
image_21028.jpg,4
image_21029.jpg,4
image_21030.jpg,4
image_21031.jpg,4
image_21032.jpg,4
image_21033.jpg,4
image_21034.jpg,4
image_21035.jpg,4
image_21036.jpg,4
image_21037.jpg,4
image_21038.jpg,4
image_21039.jpg,4
image_21040.jpg,4
image_21041.jpg,4
image_21042.jpg,4
image_21043.jpg,4
image_21044.jpg,4
image_21045.jpg,4
image_21046.jpg,4
image_21047.jpg,4
image_21048.jpg,4
image_21049.jpg,4
image_21050.jpg,4
image_21051.jpg,4
image_21052.jpg,4
image_21053.jpg,4
image_21054.jpg,4
image_21055.jpg,4
image_21056.jpg,4
image_21057.jpg,4
image_21058.jpg,4
image_21059.jpg,4
image_21060.jpg,4
image_21061.jpg,4
image_21062.jpg,4
image_21063.jpg,4
image_21064.jpg,4
image_21065.jpg,4
image_21066.jpg,4
image_21067.jpg,4
image_21068.jpg,4
image_21069.jpg,4
image_21070.jpg,4
image_21071.jpg,4
image_21072.jpg,4
image_21073.jpg,4
image_21074.jpg,4
image_21075.jpg,4
image_21076.jpg,4
image_21077.jpg,4
image_21078.jpg,4
image_21079.jpg,4
image_21080.jpg,4
image_21081.jpg,4
image_21082.jpg,4
image_21083.jpg,4
image_21084.jpg,4
image_21085.jpg,4
image_21086.jpg,4
image_21087.jpg,4
image_21088.jpg,4
image_21089.jpg,4
image_21090.jpg,4
image_21091.jpg,4
image_21092.jpg,4
image_21093.jpg,4
image_21094.jpg,4
image_21095.jpg,4
image_21096.jpg,4
image_21097.jpg,4
image_21098.jpg,4
image_21099.jpg,4
image_21100.jpg,4
image_21101.jpg,4
image_21102.jpg,4
image_21103.jpg,4
image_21104.jpg,4
image_21105.jpg,4
image_21106.jpg,4
image_21107.jpg,4
image_21108.jpg,4
image_21109.jpg,4
image_21110.jpg,4
image_21111.jpg,4
image_21112.jpg,4
image_21113.jpg,4
image_21114.jpg,4
image_21115.jpg,4
image_21116.jpg,4
image_21117.jpg,4
image_21118.jpg,4
image_21119.jpg,4
image_21120.jpg,4
image_21121.jpg,4
image_21122.jpg,4
image_21123.jpg,4
image_21124.jpg,4
image_21125.jpg,4
image_21126.jpg,4
image_21127.jpg,4
image_21128.jpg,4
image_21129.jpg,4
image_21130.jpg,4
image_21131.jpg,4
image_21132.jpg,4
image_21133.jpg,4
image_21134.jpg,4
image_21135.jpg,4
image_21136.jpg,4
image_21137.jpg,4
image_21138.jpg,4
image_21139.jpg,4
image_21140.jpg,4
image_21141.jpg,4
image_21142.jpg,4
image_21143.jpg,4
image_21144.jpg,4
image_21145.jpg,4
image_21146.jpg,4
image_21147.jpg,4
image_21148.jpg,4
image_21149.jpg,4
image_21150.jpg,4
image_21151.jpg,4
image_21152.jpg,4
image_21153.jpg,4
image_21154.jpg,4
image_21155.jpg,4
image_21156.jpg,4
image_21157.jpg,4
image_21158.jpg,4
image_21159.jpg,4
image_21160.jpg,4
image_21161.jpg,4
image_21162.jpg,4
image_21163.jpg,4
image_21164.jpg,4
image_21165.jpg,4
image_21166.jpg,4
image_21167.jpg,4
image_21168.jpg,4
image_21169.jpg,4
image_21170.jpg,4
image_21171.jpg,4
image_21172.jpg,4
image_21173.jpg,4
image_21174.jpg,4
image_21175.jpg,4
image_21176.jpg,4
image_21177.jpg,4
image_21178.jpg,4
image_21179.jpg,4
image_21180.jpg,4
image_21181.jpg,4
image_21182.jpg,4
image_21183.jpg,4
image_21184.jpg,4
image_21185.jpg,4
image_21186.jpg,4
image_21187.jpg,4
image_21188.jpg,4
image_21189.jpg,4
image_21190.jpg,4
image_21191.jpg,4
image_21192.jpg,4
image_21193.jpg,4
image_21194.jpg,4
image_21195.jpg,4
image_21196.jpg,4
image_21197.jpg,4
image_21198.jpg,4
image_21199.jpg,4
image_21200.jpg,4
image_21201.jpg,4
image_21202.jpg,4
image_21203.jpg,4
image_21204.jpg,4
image_21205.jpg,4
image_21206.jpg,4
image_21207.jpg,4
image_21208.jpg,4
image_21209.jpg,4
image_21210.jpg,4
image_21211.jpg,4
image_21212.jpg,4
image_21213.jpg,4
image_21214.jpg,4
image_21215.jpg,4
image_21216.jpg,4
image_21217.jpg,4
image_21218.jpg,4
image_21219.jpg,4
